comment,positive,neutral,negative
"Yang bilang saya menjilat.. lha wong kenyataaannya memang ada pembangunan.. kalo mangkrak itu ditinggalkan dan tidak ada yg kerja.. saya kebetulan lagi di balikpapan untuk opening yoong motor, dan kebetulan ada ajakan untuk jalan2 ke IKN, ya sekalian saya buktikan apa omongan netizen.. 😤 kalau setelah nonton video ini anda masih mikir ini proyek mangkrak, ya silahkan.. ndak ada yang maksa anda untuk setuju dengan siapapun.. yang penting makan soto jangan pake kecap manis ya ❤",0,1,0
Yg pastinya Roki gerung dan Anis pasti kepanasan...merej bilNg ikn pasti mangkerk,0,1,0
"Seharusnya mas Andy Boleh masuk istana karena mensupport ikn untuk lebih optimis untuk memajukan infrastruktur Ikn , semangat mas Andy 🤩💪🎉🤩",0,1,0
Drpd dianggurin mending dikontrakin ... 😢 ...,0,1,0
Mudah2an suatu hari ditakdirkan ke IKN penasaran juga ingin kesana.,0,1,0
Rocky gorong gorong kemana ini 😂😂😂😂,0,1,0
Jos mantap konten yutubnya mencerdaskan dan meluruskan narasi orang yg benci pak jokowi.yutubernya luguxdan lucu pol jos mantap.,0,1,0
Mantap,0,1,0
"Wow, jadi pengen ke IKN! Semoga besok bisa dapat undangan ke IKN😊",1,0,0
"Yang BILANG MANGKRAK ke situ juga belom...
TAU INFO JUGA PALING DARI BERITA HOAX....😁🤣😂🤭",0,1,0
"Terimakasih sdh memberikan info di IKN, sehat selalu ya bang jangan minum kecap manis ya bang 😅🤭🙏🙏🙏",0,1,0
Hotelnya untuk orang petinggi soalnya VIP lengkap mirip apartemen keren 35jt perhari,0,1,0
ok,1,0,0
Semoga nantik aku bisa ke ikn salam dari riau,0,1,0
"Kok gak mampir ko,,",0,1,0
"Suamiku kerja proyek di ikn
Ikut wika gedung bangun kantor kementerian pupr
Memang selama bulan puasa kmren stop kerjanya karena kata suamiku dana dr pemerintahan blm turun full dan semua pekerja bertahap dipulangkan
Ini hbis lebaran baru beberapa aja yg berangkat blm semua termasuk suamiku blm berangkat jg karena harga tiket msh mahal ktnya",1,0,0
Walah anti kecap manise orak ketinggalan meneh😂,0,1,0
Wowowoww ayo IKN Kerenn! gak mungkin 'mangkrak' lah. Ini semua masih terlaksana guys pembangunannya cuma dalam proses nya memang jarang yang bahas.. diem diem pasti udah kelar. IKN itu akan jadi kebanggaan nusantara (Indonesia) kelak. Terimakasih juga buat kakaknya yang udah datang dan review untuk kita..❤,0,1,0
"pantesan pada berlomba2 kerja di pemerintah,     rumah di kasih,, gaji mahal,  korupsi ??

   mau berlomba2 smpe ngasih duit pas pemilihan jd wajar aja, mau laporin ke siapa??
  semua udh dapet jatah

harusnya DPR2  itu kan merasakan apa yg rakyat rasakan
 bukan malah apa yg mereka inginkan rakyat yg harus merasakan..",0,1,0
Berjayalah negriku semoga kita sebagai rakyat diberi berkah❤❤❤,0,1,0
"Mantap... Semoga segera pindah ibukota negara secara resmi... Trims info tour nya, Bang... Salam dari bumi sriwijaya, Musi Banyuasin",0,1,0
"Karya pencitraan si jokowi tu, duit minus dipaksa pemikiran yang keliru",0,1,0
semalam 35 juta standart sih dg include segitu..,0,1,0
"Mugo ae para pejabat³ mau pindah ke IKN,,nk gk glm ganti ae kbh...wng banyak penganguran d indonesia msok ngarah gk glm ta kerjoo d knooo...drpd dadi TKW...😊😊😊",0,1,0
Katanya ada tikusnya y mas....😅😅😅😅,0,1,0
15:00 😂 wah makin sulit buat menyuarakan suara kepejabat melenceng,0,1,0
Bravo lkn hebat.,0,1,0
yah dari gelagat pemandunya saja dah ketahuan..meter jadi centimeter..pasti lagi mikir jalur mana yang terlihat aman untuk dijadikan konten publik wkwkwk,0,1,0
"Mangkrak ya rugi dong , udah keluar dana ratusan T",0,1,0
"proyek abal abal itu utk kepentingan koruptor itu... ikn ibukota koruptor nusantara 😂😂😂😂😂
kok seneng banget di tipu ama jokomonyet...",0,1,0
"cuma suku diluar kalimantan yg iri bilang IKN mangkrak, IKN GK KAYAK PEMBANGUNAN DI PULAU JAWA YG BNYK YG MANGKRAK",0,1,0
Kalo usul saya. Itu halaman yang kosong saya tanamin tamaman manfaat.kayak pisang duren cabe sayur mayur.dll😂😂😂😂😂😂😂😂😂 maaf sekedar usul,0,1,0
Swiss Hotel sudah buka tapi pelanggannya tiada. Ha ha!,0,1,0
Katanya semua masih bekerja tapi tidak ditunjukkan video walau seorang pun yang sedang bekerja. Ha ha!,0,1,0
"Pak Anies lebih realistis. Sudah ada Jakarta, perlu apa lagi ibukota baru. Sehingga kini pembangunan IKN tidak mungkin dapat menandingi Jakarta pun, usahkan untuk menyaingi ibukota lain di dunia.",0,1,0
Berbahasa Indonesia lah yg baik,0,1,0
"Emang Gila Fasilitas Para Pejabat Tinggi Negara, Satu Tarikan Nafas nya bisa memakan 1 Kwintal beras, Lain cerita bagi kaum Jelata, Untuk sekedar kenyang ajha hingga sesak Nafas harus bekerja... Kalian Hebat wahai pejabat! 
Engkau meringis dan kami menangis.. Puaskan Duniamu hingga buncit perutmu, persetan rakyat kelaparan, asal kan Nafsu terlampiaskan, Tak pernah peduli penderitaan dan banyak nya rakyat pengangguran...! 
Hidup Dewa Dunia Engkau lah Bahan Bakar Neraka..!",0,1,0
"MANTAFFFFFF
SEKALIAN ORMAS ORMAS & PREMAN NYA DIJAKARTA PINDAHIN KE IBUKOTA BARU 🤭",0,1,0
Fungsi nya di bangun utk apa?,0,1,0
"Hebat mamang kerja ,prsiden pak Jokowi .Sirkuit Mandalika dan ikn  , berjalan dgan lancar tidak magrak.bukti kerjo nyata",0,1,0
Manhkrak mangkrak kuda.lumping apa .banyak bacot aja,0,1,0
Awakmu kok ngumek kecap manis kan iku terserah selera.,0,1,0
9999 masuk. lur.,0,1,0
"Yang gak setuju IKN gak usah di izikan ke IKN , bikin gaduh aja😅😅😅😅",0,1,0
"Ya Allah semoga saya bilang jalan ke sana lihat IKN ,Aamiin 🤲🏻",0,1,0
Mantap bagus bgt,0,1,0
Cok 97 cm lucunee😂😂,0,1,0
Mudah mudahan yang benci NKRI sadarr.,0,1,0
Wes ido dipskai kenopo gak dipakai hanya mengeluarkan tsnpa pemasukan  kebiasaan infonesia  negara kaya raya😊😂❤,0,1,0
"Pejabat dikumpulkan jadi satu.dan di Bagun kemewahan.
Dan rakyat kecil di tingal kan di satu kupulan yang tidak terjamin",0,1,0
Bagus negara indonesia ku semakin  maju semoga mata uang nya tinggi,0,1,0
"Babar, ikn pekerjane cuman 7 orang 😂😂😂",0,1,0
Maksud ny kecap manis apa si??. Gw gk paham njir,0,1,0
Kota Hantu...........😂😂😂😂,0,1,0
"wah... saya malah fokus gambar / hasil rekaman yg begitu jernih...

infonya Mas... pakai Hp apa tuh ?
mkasih... 🙏🙏🙏
suksws selalu... 💪💪💪",0,1,0
Exelco sdh ada di IKN,0,1,0
"Harusnya koko bawa team kameramen, jdi sampyan tinggal jlasin  ke audiens tanpa ribet bwa hp😂",0,1,0
Bagus bosku semoga indonesia. Ikn cepat jadi indonesia terus maju dan lebih baik dijauhkan dari  para koruptor🙏🙏🙏,0,1,0
Mamh tu jokowi yg sudah buang buang duit negara padahal masih banyak masyarakat yg membutuhkan memang pemimpin yg tidak perduli dengan rakyat hanya mementingkan perut nya sendiri blaga tololl,0,1,0
"Coba cek dulu koh di dapur ada kecap manis gk ,kalo ada musnahkan",0,1,0
"Saya sendiri sih berharap IKN jangan mangkrak 😢

Soalnya anggaran yang banyak sudah di gelontorkan disana, toh itu juga nantinya akan bagus buat ekonomi rakyat Kalimantan",0,1,0
"Ini pembangunan untuk orang kaya
Orang miskin gak kebagian😆",0,1,0
Bangun kota isinya fasilitas buat mentri... yg dibakar duit gua.,0,1,0
Menyedihkan kaya kota hantu gitu.,0,1,0
Bukan sumbo paklik ?! 😅😅 Tapi sumbu 😂,0,1,0
Garudanya sampai gosong ya.. 😅,0,1,0
"YANG BILANG IKN MANGKRAK ,GEROMBOLAN SAEPUL ZAMAN,REFLI HARUN,EDI MULYADI ADALAH PARA KATAK DI BAWAH TEMPURUNG,MAIN NYA KURANG JAUH.KASIHAN LO.",0,1,0
👍IKN GASPOL💪,0,1,0
"Top markotp dul2 .yg blg ikn mangkrak itu mulutny org yg umurny tinggl dua bulan. 
Dn mulutny sbntr nyonyor pnyki gudek kadas he he he",1,0,0
"Masya,allah IKN membanggakan,  cita2 pak Jokowi, setiap beliau berkantor di Istana negara, selalu berpikir 🤔""ini kantor ibukota negara masih peninggalan Belanda"".",0,1,0
Indonesia sebenarnya negara kaya tapi masih sampe tahap aparat dan pejabat semoga berangsur waktu rakyat juga bisa segera menikmati ❤,0,1,0
"Wah hebat banget proyek nya megah bgt....,pasti kuat negara nya...pasti makmur rakyatnya.. Pasti sejahtera kehidupannya...Karena ini mega proyek... Keren 😎salut de sama negara nya",0,1,0
Koh Andy pisan2 kunjungan neng pabrik kecap 😂,0,1,0
Mungkin nunggu kamu tiada baru selesai,0,1,0
"Makasih udah ngajak jln2 ke IKN. Salam sesama penyuka soto tanpa kecap 😂❤
Sehat2 bro Andy Sugar",0,1,0
Pembenci Jokowi bakal kejang2,0,1,0
99% Mangkrak,0,1,0
"Mas mas cocote ilo dikondisikan 😂 😂
Joss mass👍",0,1,0
"Untung yg buat konten naik Alphard😂
Coba naik motor butut atau naik motor trail bergaya kuli. 
Paling dak di pedulikan surycity😂😂😂 bisa juga kena usir. 😂
Becanda boss... Aku pernah di sana bagian pelayanan karyawan proyek. 😂😂😂",0,1,0
banyak hak pekerja yang tidak dibayar di proyek ini miris takutnya doa2 yang teraniaya di ijabah,0,1,0
"Msh terus berlanjut pembangunannya, Krn kakak saya sbg staff kontraktor jg berdinas dsana sampai sekarang 😊👍",0,1,0
Taiwan nyimak,0,1,0
Ko ada kah keinginan untuk log. In,0,1,0
Ada yang kepanasan. Biarin aja. Yang penting berusaha. Dari pada duduk diam nunggu duit datang sendiri. Lebih baik pikul sawit sendiri dari pada nunggu sawitnya turun sendiri 😂😂😂😂😂,0,1,0
"BuzzerRp.. wes cak, sing jelas proyek iki ngentekno duit trilliun an, dadine ngene tok gak iso digawe",0,1,0
Provokator,0,1,0
IKN harus berlanjut sampai tuntas,0,1,0
Keren tu,0,1,0
Cuman bayangin bgm perasaan para pembenci Jokowi... Jokowi ada kekurangan IYA !!! tp Dimata mereka... Jokowi TDK ada kebaikan sama sekali,0,1,0
Mewah emg  tp hutang negara bertambah banyak 😂,0,1,0
Di ikn udah ada kantor polisi nya nggak 😂😂,0,1,0
"Walaupun saya kecewa pada akhir kepimpinan jokowi, tp saya salah satu yg setuju kalau ibukota negara di pindah, semoga segera rampung",0,1,0
Seperti di ngerti dongen gk sih.. tiap x melihat video tentang IKN. Kaya mimpi'.. apa lgh klw di malam hari...,0,1,0
bagi ke rakyat kalimantan.....bukan dijajah oleh si jowo go block.,0,1,0
Djual lagi aja gedung ikn ini dan jalan tol.kalo pak Prabowo meneruskan gedung ikn ini maka keuangan negara ini  akan lebih hancur dan rakyat Indonesia akan miskin semuanya percaya ga netizen,0,1,0
79 cm😂,0,1,0
"Roki gerung mana yang koar2 mangkrak ikn,",0,1,0
Masuk akal ko...kenek gawe cerito ndo anak putu hehehehe😊,0,1,0
"Memang sangat menakjupkan IKN nusantara ,sgt istimewa, pantas luar negri kecut, memang top mar kotop",1,0,0
"PretttttORAH MELOK NGRASAKNO...RAKYAT MADIH BSNYAK YG KEKURANGAN

Wis nikmati saja....prettt",0,1,0
Berhala ikn,0,1,0
"Terserah apa kata anda bung yg jelas teman2ku dari brebes kerja diIKN pembayaran dan makan ngga seimbang kerja sekitar 6 bulan , padahal semenjak baru nyampai ngga krasan dan tidak cukup bayarannya , ini anda ngomong begitu anda taunya udah jadi....",0,1,0
❤❤❤,0,1,0
"ikn adalah wajah, gunakan make up yang bagus agar wajah itu tetap terlihat cantik 🎉",0,1,0
Mantab sukses IKN. Jos,0,1,0
Otoritas ikn sebaiknya mengutamakan pekerja atau karyawan warga sekitar ikn dan warga kaltim pada khususnya,0,1,0
"Yang bilang proyek IKN mogok, aku yakin orang tersebut goblok😁",0,1,0
persis kaya wakanda,0,1,0
Bismillahirrahmanirrahim,0,1,0
"Gedung² buat rakyat mana koh ga ada bangunannya , coba diusulin koh , kebanyakan gedung untuk asn , pejabat , menteri , pegawai otorita , mungkin bisa dibantu follow up buat dibantu buat rusun untuk masyarakat disitu supaya dapat menikmati dan bisa mendapat kesejahteraan yang adil dan beradab , bisa menikmati lingkungan yg sama tanpa kesenjangan, ekonomi mereka bisa dibangun juga ketika ikn jadi nantinya, ayo koh diusulin ke mas gibran sama pak prabowo koh , pin komentar saya juga koh  😊",0,1,0
"Wooiigunakanbahasa Indonesia bisa atau nggak..
Anda ini lucu..ngereport. Kondisi IKN sekarang ini..lucunya kenapa tidak menngunakanbahasa Indonesia. LUCU😊😊",0,1,0
Lah. .   . . Iya lah. . . . Yg  ngomong  yg datang pasukan  lingkaran  jokowi . Yaaapasti di angkat di bagusin .  Nanan ah.,0,1,0
"Pasilitas pendidikan infrastruktur dan kesehatan lebih mudah diberikan buat pejabat yg segelintir orang, sedangkan mayoritas rakyat yg dibawah suruh sabar dan kerja kerja kerja... suruh bekerja keras tapi lapangan pekerjaan semakin sempit dibandingkan pasilitas pejabat yg mementingkan kerabat... maaf konoha",0,1,0
Ngakak terus nontonya josss suroboyone,0,1,0
Yang bilang mangkarak dan berharap mangkrak dari orang2 yang membenci pak jokowi,0,1,0
Keren ikn,0,1,0
Garuda melindungi para koruptor😅,0,1,0
Kampungku😊,0,1,0
Yang bilang mangkrak orang orang kadrun para semgkuni,0,1,0
itu yg bilang IKN mangkrak para pembenci pak jokowi aja presiden paling the best  ga ada yg  nyamain paling the best❤👍,1,0,0
"Betulin bahasanya dulu baru ngomong,,,,,",0,1,0
Na na kan gmna kalu gini bosqu gler waduh kk anak baru lahir ingin huni rumah baru je lamanye,0,1,0
"saya jamin ikn bakalan mangkrak.dan gak bakalan di gunakan sbg ibunegara ri sampai thn 2030....
🎉🎉🎉🎉🎉❤❤❤❤❤
Ayo kita taruhan 1 jari.... 
Negara koruptor 😅😅😅😊",0,1,0
"Gundulmu! Yg mangkrak, kau jangan dugaan kira2 dari  jauh coba kau tinjau langsung disana",0,1,0
Munafil😂😂😂😂😂,0,1,0
Jjr emang ambil hasil kerja org,0,1,0
"Yg ngomong mangkrak ga mikir, kaya anak kecil",0,1,0
Untuk melindungi koruptor mass,0,1,0
Mensejahterakan pejabat😂,0,1,0
"Mangkrak itu klo seperti Meikarta. Bangunan  mewah sdh jadi megah,jalan lebar mulus  bagus ,semua modern canggih mewah,tapi ga ada orangnya. Entah salahnya dimana itu Meikarta.",1,0,0
IKN . UTANG NUMPUKK..,0,1,0
IKN  TENGGELAM.,0,1,0
Aku lebih suka jakarta tengelam dan bajir bagai mana reaksi orang orang klo dah laut sama daratan,0,1,0
Trs kan expedisi nya bos... Biar orang orang yg mencela tau diri biar yg d jakrta tengelam olem laut dan bajir karena salah tata ruang hampir g ada penyimpanan air hampir semua daratan,0,1,0
Hotelnya sepi,0,1,0
Itu bukan melindungi para pejabat2 negara... Tapi melindungi para korupsi2 negara. 😂😂😂.. bnyk tikusnya gak di ikn tu??? Karna tikus2 berdasi bakalan hadir ke ikn..😂😂😂,0,1,0
Mantap bangun dulu baru mikir,0,1,0
Kebanyakan berbicara tanpa berfikir terlebih dahulu,0,1,0
"Ini proyek besar harkat dan martabat Bangsa di pertaruhkan,tdk mungkin mangkrak",0,1,0
klo yg bilang mngkrrak itu harapan bgi pmbnci dan pnghmbat kmjuan bngsa,0,1,0
"'Steal....pemaksaan,biar penyakinan rakyat...'habis ini..,y mangkrak lagi...'Di bayar mahal kawan ini..'Namanya uang Jokowi udah Triliunan..,berapa pun di minta kawan ini pasti di penuhi..",0,1,0
❤❤❤❤❤❤❤❤❤,0,1,0
Omonganmu harus dipertanggung jawabkan,0,1,0
Coba sampe malam pasti kamu puas n takjub..😊,0,1,0
"yg mangkrak itu otak para pem
Benci IKN  itu fakta",0,1,0
Mudah-mudahan saja bisa ditempati secepatnya dan pegawai secepatnya dipindahkan ke IKN,0,1,0
Amin lepas kacamatamu  tu tuh  IKN  HIDUP PAK JOKOWI  ...,0,1,0
Mantaplah  ikn yg bilang  mangkrak itu  barisan sakit hati  lihat tuu,0,1,0
Bapak satpam yg ngawal sekelik ikham..,0,1,0
amazing membanggakan,1,0,0
Saya bisa senyum yg kerja di ikn 😊,0,1,0
Buat siapa bangunan itu pak. Gak pengaruh buat rakyat kecil. Yg susah  makan  lor   sekarang cari kerja aja susah  kenyataan itu pak. 😂😂😂,0,1,0
"Atasan pembangunan terlalu banyak korupsi..awal kerja tertib dan lancar gaji,..4 5 bulan kerja mulai dipersulit gaji ,dan jika gajian itu cair masi dicicil...kerja di target untuk gaji sulit..mending pulang😁",0,1,0
lKN lanjut trus,0,1,0
"IKN bukannya pusat pemerintah tapi   Ibu Negara ..... , Kalau setakat kantor baru siap , itu menunjukkan 5% peratus sahaja . Konten bodoh ...",0,1,0
"CIRI² PEMBENCI PEMERINTAHAN
1.TUKANG DEMO
2.RT 16% DAN RW 24%
😂😂😂",0,1,0
"Wah kalo belum jadi 100 persen semua.. Banyak orang yg pasti nyinyir.. Tetapi klo dah jadi 100 persen akan banyak org yg ikut banggga.. 

Pasti akan mewah padda waktunya... 
Menjadi tujuan wisata baru dan bergengsi dengan balutan mewah.. Pasti dengan sorotan lampu2 megah disetiap gedungnya dan sepanjang malamnya
Kelas internasional...",0,1,0
Itu cuman katantanya amin ra as yg mangkrak,0,1,0
Kepalamu yang mangkrak le,0,1,0
"Bener mas..jelaskan makhluk makhluk yg nyinyir suka fitnah adu domba  biar melek matane,masalahnya hati dan matanya mereka ini dah oicek tenan. (Bangsane dancuk Roy suryo roki gendeng amsari CS)",0,1,0
Bang itu aku teks bang jgan gak ya,0,1,0
IKN 👍👍👍👍👍👍👍👍👍👍❤👍,0,1,0
"Koko    Andy   hebat,   se.7. banget.   Koko  Andy.                 😮",0,1,0
Hotel wong koyo iku..wes ora mampu wong kereee,0,1,0
"Ahh mana , spill para  pekerjanya",0,1,0
"Hahahahhaa bagoooss laah, para pembenci setelah ada bukti pasti cari cari kurangnya yg lain, hatinya udah rusak dgn kedengkian ya bgtu ituuhhh hadeehh
Kasiaaannyaa para pendengki hidupnya ga pernah bisa tenang",0,1,0
Semoga pindahnya ibukota kami warga Kalimantan berharap banyak nya loker pekerja'an yg nggak harus menggunakan persyaratan harus good loking,1,0,0
Kadrun itu sebutan buat orang yg tak sejalan dgn para cebong,0,1,0
Ikam berapa di upah ba ulah video ...,0,1,0
😂😂seruuu kontenya😂😂❤,0,1,0
Konten  BUZER.,0,1,0
Cair mas,0,1,0
"Kacau nih 
Unggahan nya 
Mencemarkan 
Pemerintah",0,1,0
"Saya doakan rakyat Indonesia kaya raya semuanya, agar bumi dan bangunan di nusantara bisa dimiliki oleh rakyat Indonesia",0,1,0
"SURGANYA  NEGARA INDONESIA
NUSANTARA NAN ELOI,






    









       .",0,1,0
Dibantu jin untuk mbangun,0,1,0
KERAJAAN IKATAN KELUARGA PRABU GIBRAN NAGA BUMI RAKA SURA,0,1,0
"SIAPA BILANG IKN MANGKRAK "" BIADAB ITUUUU....IKN BARU DI GARAP TRUS ...TAMBAH MAJU ...DAN TAMBAH HEBAT ..YG BILANG MANGKRAK ITU BIADAB TDK PUNYA OTAK ...IBLIS LAKNAT ...",0,1,0
"6:50 
Untuk orang penting yagesya",0,1,0
Ada yang nginep nggak ??,0,1,0
"😅😅😅 sisi lainnya ngga dimasukin ya?
Mungkin anda calon stafsus berikutnya 😊",0,1,0
Wow keren,0,1,0
Hotel kok sepi 😂😂 mana lagi para pekerja proyek di ikn ? Kok sedikit banget yg kelihatan 😂😂,0,1,0
"Oke pembangunan masih di lanjutkan sesuai di video anda,tapi sangat jelas itu sudah mulai berkurang pekerjaan pembangunannya,dan bangunan"" yg ada pun blm ada 25 % selesai,dan banyak bangunan"" yg sdah tdak lanjut dikerjakan.maka penilaian masyarakat ikn lambat laun akan mangkrak.sekelas bangunan baru ibu kota negara yg bekerja cuma sgitu"" aja ? 😂😂😂 pantaslah target prabowo akhir 2028 dan yg pastinya gak jelas juga 😂😂 masjid yg targetnya sholat ied tahun ini aja blm ada 40 % 🤣🤣",0,1,0
Yg dagang ad yg belinya kaga,0,1,0
Cuma golongan orang sakit yg bilang pembangunan IKN mangkrak,0,1,0
"Kehidupan prekonomian rakyatnya sepi 😅😅😂😂😂 , bangunan bisa di poles seindah apapun 😅😂😅😂😅",0,1,0
"Ehh..kl sdh running ..% katanya msh ada hutang ke supplier², piye JaL..😂",0,1,0
"Bang,itu security yg elu bawa masih gak paham sikon disitu bang,😂😂😂asal nyerocos aj itu bang",0,1,0
Ikn politik kroptor biyar bisa nyolong uwang rakyat,0,1,0
Camera sepintas aj mangkrak brooo... Ngawur looo,0,1,0
SENIN DEPAN PINDAH SITU COK SUDAH SAYA BUAT PERENCANAAN DAN SUDAH ACC .,0,1,0
"Banyak isu2 tentang ikn bila mangkrak tangggung jawab pemerintah,tdk usah menyebarkan isu yg membuat gaduh",0,1,0
mantap boy....,0,1,0
Ternak siapa nih,0,1,0
PERTANYAAN GW KESANA NGINEP DI HOTEL ITU MAU LIAT APAA? ORANG PROJECT?,0,1,0
"GAK heran ternak Mulyono Buzzer nge'bacot doing,IKN bakalan mangkrak orang² Jakarta pada ogah kesana.",0,1,0
Itu aja pekarang nay semak Lo,0,1,0
"Puinteeerrr....ayi di brangus org "" dengki yg bilang IKN mangkrak, ngomong  ngawur pdhl ga tahu faktanya
Nah beri tantangan org"" dengki utk dtg ke IKN , berani gaaa...???",0,1,0
Ikn❤🎉,0,1,0
Yh nga paham,0,1,0
😂😂😂smangat maju. Jual....,0,1,0
Jd buzzer bwt d angkat jd stafsus kah 😂,0,1,0
"Itu bohong  infistor ada tdk, itu dana dari rakyat",0,1,0
Lhooo saya barusan fari IKN pembangunan sdg berjalan indahnya IKN nich semoga segera selesai ibu kota sgr Pindah pasti okee,0,1,0
"p. jokowi memang hebat, kkasihan yg bencinya",0,1,0
Sepi yh mas,0,1,0
Yg bilang mangkrak itu karena mau jalan2 kesana tak punya uang.jadi hanya bisa lihat konten Hoax😅,0,1,0
Sing ISO nginep neng hotel kui   hasil kuropsi,0,1,0
Haii prnbenci jokowi ygyiyir ikn mangkrak matamu kalau gk buta kupingmu kalau gk tuli lihat ini jangan jd tukang yiyir otakmu di pakai yg bener,0,1,0
Lain lagi hasil uang nipu lewat buka rekening baru anak murit sd derah alasan buat kartu kis apa yg terisi direkening kentut omon omon mulut basi mreka doang wsslm haaaa,0,1,0
Tarif permalam di Swiss HN IKN berapa bang saya planning mau ke sana 😂😂😂,0,1,0
Kalau my fren cina sp bangun pabrik sawit buat ngelunasi uang bangunan ke bni hanya pakai uang sampah jangkos aja bayar nya rp20miliar apa lagi bangun itu ikn hanya pakai uang oplosan aja masih berlebihan uang nya tar bangunan itu bisa diatas nama kan uang hasil apbn apbd biar uang kas pendapatan bumi habis dibilang terpakai bisa juga dibilang uang pinjaman dari luar negeri buat ngakali rakyat lah,0,1,0
"Apek lor IKN, penerus negri Atlantis yg terkubur di dlm lautan deket situ. Muncul kembali👍👍",0,1,0
"Orang2 yg sakit hati ajah, yg suka bilang ikn mangkrak hidup pak Jokowi pak Prabowo dan mas Gibran.",0,1,0
👍👍👍👍,0,1,0
Anaknya adiku mas andi sugar kerja di situ tetapi di proyek😊😊..nukan ASN mas Andi Alhamdulillah..wong ora duwe mas😊,0,1,0
"Berbanggalah masyarakat kalimatan bisa memiliki ikn jangan berpikir untuk diri sendiri"" berpikir untuk anak cucumu kedepan bisa kerja di ikn dan sebagai generasi penerus bangsa, berpikir positif jang punya pikiran negatif .",0,1,0
"Yg mendoakan mangkrak, paling : 
Pecatan, gerombolan sakit hati, anak abah,pribumi yg tersesat , imigran  yaman 
Karena biar pak Jokowi jelek, klo bagus terus 2029 ga ada lawan siapapun yg di dukung insya Allah menang❤❤❤❤❤❤",0,1,0
Ayo..mas bro ......naik. Drone..mas..biar yg  iri..semakin puanus..😊,0,1,0
mangkrak zer siapa mau nempatin,0,1,0
Yg bilang mangkrak itu ternak onta dan kebo sm mba yg sdh sekarang amin rais,0,1,0
SING BILANG MANGKRAK PASTI OTAKNYA WES SOMPLAK KAKEAN MINUM ARAK 🤣🤣🤣🤣🤣,0,1,0
Membanggakan,0,1,0
Trimakasih IKN banyak poperti  dikirim dari Jepara untuk IKN...,0,1,0
Dengan pindahnya ibu kota.dngan adanya.IKN.semoga semua rakyat kalimantan.bisa hdp lbih.berkah rezekinya amiin.sehat semua warga kalimantan all.,0,1,0
Semoga bumi kalimantan sllu d lindungi allah swt,0,1,0
"Mulut nya pake bahasa apa itu.. Bahasa Indonesia kah atau gak bahasa kalimantan timur.. 
Ingat mas yg komentator kalimantan ini bos.. 
Pake bahasa kami disini bukan bahasa jawa.. 
Ingat ya..",0,1,0
"Seperti nya yg mangkrak PUTRI NYA AMIN RAIS . yg sudah tidak laku di kancah POLITIK   , alias jadi gelandangan POLITIK MACAM   BAPAK NYA !",0,1,0
"Asli Suroboyo muedoook Mas e😂😂😂
Salam selalu sehat 
Sudah mewartakan IKN ❤❤❤",0,1,0
Yg bilang ikn banjir jadi kalau banjir kawasan Ikn banjir berarti Dengan ke tinggian 50 MTR artinya bpp tenggelam yg banjir IKN institut kesenian negara banjir 2 MTR,0,1,0
"Manteb cak ,IKN pasti sukses jadi ibu kota kebanggaan Indonesia",0,1,0
Selama dijalanan koq nggak ketemu truck truck pembawa material..seperti kebiasaan project berjalan.,0,1,0
❤❤IKN 👍👍,0,1,0
Mayan jadi buzzr 😅😅,0,1,0
Ncen asu seng ngomong ikn mangkrak 😂🙏 nak wes kalah Yo wes too legowo bantu pemerintah terpilih buat kebaikan Indonesia di masa depan ..,0,1,0
"Minimal bermanfaat buat penduduk setempat... 
Tapi.. Apa ia",0,1,0
ALHAMDULILLAH...,0,1,0
Kereeen proyek ikn sangatlah indah  manteep pak prabowo❤❤,0,1,0
"Ada pembangunan tapi tidak serame kemaren yang kerja,padahal progressnya masih jauh dari finishing... Gitu maksudnya...",0,1,0
Pembenci jokowi nangis dan malu lihat kenyataan ini,0,1,0
Top Jan joooossss,1,0,0
Ini pasti buzzerRp laknat yg membodohi rakyat Indonesia termunafik sejagat raya yg slh dbikn bnr yg bnr dbkin salah,0,1,0
Itu bukan Burung garuda tapi  patung binatang CODOT atau KALONG   bukan proyek mangkrak tapu proyek GAGAL,0,1,0
"Gue kemarin dapat kabar dri pendukung capres yg kalah, katanya ikn mangkrak😂😂😂, anehnya lagi gue yg bilang kya gtu orang dri jawa😂😂sedangkan gua orang kalimantan yg sering jalan2 ke ikn😂",0,1,0
"Swiss hotel di ikn rp 35 juta Rp per malam...kurang lebih US$2000,- per night..",0,1,0
Alhamdulillah jaya terus Indonesia,0,1,0
Berapa lama jalan jalan di IKN? Klo cuma seminggu,0,1,0
Chanel cap dobbol,0,1,0
Melindungi koruptor lebih tepat nya,0,1,0
Gosong ijasah mn tu..😅😅😅,0,1,0
Istana Batman 😁🤭,0,1,0
Not stagnation ? Ok. Good. But we dont see no guests around. How long can a hotel run when there is no guests ? Ask what the occupancy rate is.  Please !,1,0,0
"biasa nya mulyono dan ternak nya klo ngomong suka sebalik nya,,,,,😂😂😂😂😂",0,1,0
"Yang mengatakan IKN mangkrak kan orang orang yang sakit jiwa saja atau orang  gila , itu kata yg pasnya",0,1,0
Diperkirakan th 2030,0,1,0
Mangkrak krn duitnya sdh hbs utk membiayai MBG..disamping itu ada utang jth tempo 800 T...,0,1,0
Ya yg kos disana anak cucu jokowi saja dan hantu hantu jokowi dan ijazah palsu nya jokowi,0,1,0
Ia dungu siapa yg mau tinggal disana bangunan saja yg mega tapi hantu dan setan yg menghuni dengan ular piton raksasa tunggu saja dungu,0,1,0
"Gak mangkrak.. untuk pejabat² yg ngabisin duit rakyat.. bangunin aja gedung megah,, ambil dari pajak rakyat. Yg mangkrak itu jalan2 desa,,,BANGUN ITU DARI BAWAH, PONDASI DULU (RAKYAT) BARU KE ATAS!",0,1,0
"menurut saya IKN tdk akan mangkrak. yg mengatakan mangkrak orang yg iri dan dengki pd pak jokowi. saya bukan pendukung pak jokowi, tp aku menghargai pak jokowi sebagai mantan presiden yg sudah membangun negara.",0,1,0
"Cak andi kapan"" nk mrono maneh aku diajak po'o cak, kok dadi pingin aku",0,1,0
No interest 😂😂,0,1,0
Andaikan seluruh Indonesia Tempat nya kyk gtu,0,1,0
massa Allah Amazing bro....bukti nyata IKN tidak mangkrak..❤❤😂😂,1,0,0
Jokowi pemikiran nya gk cersas kebesaran ayahan gk mikir keadaan nera nya kere /miskin besar besari hutang saja kempluthus skrg ciba hutang nya segunung  dia dh lepas tangan dia pikirvbuat mewah mau 3 priode gitu pikir nya mesti dasar,0,1,0
Waau keren megah ikan semoga selesai sukses.,0,1,0
"Tergantung yg orang survei ,ada yg jujur, ada lipsting,ada memuji muji, saya rakyat asli pribumi sedikitpun tidak respek terhadap IKN ,bangunan manusia yg berhati iblis, yg tidak bisa dinikmati seluruh indonesi.",0,1,0
Proyek terbaik mulyono,0,1,0
Nanti akan terbukti dgn sendirinya Bung....,0,1,0
"IKN itu pake utang bos, rakyat yg terbebani.😢 
Yang namanya bangun gedung pake utang lama² akan mandek. Finishing gedungnya mahal banget.",0,1,0
Ikn gk mangkrak karna tetangga saya krja di situ,0,1,0
Pa kalau komen tentang IKN  kami lsngsung melihat pembangunan semua sarana cukup memuaskan para pekerja masih melaksanakan pembangunan hingga jam 6 Sore namun kami warga SAMARINDA memang Ikn memang hebat trima kasih Bapa Jokowi  ❤,0,1,0
"Tak perlu di pamer kan lagi broo,..nanti malu..itu biasa...itu ttp mangkrak..lihat aja nanti..",0,1,0
"Percuma cuman buat pejabat korup,marugukan rakyat aja",0,1,0
Terkorup no dua sedunia..,0,1,0
Untuk sopr nya tlong di bujuri R   nya 😊 maf begaya kita kawan ae,0,1,0
Gagal ku sukai dengar kata ndas,0,1,0
"sy orang sepaku, tdk ada namanya IKN mangkrak, pembangunan terus berlanjut,dmn mana daerahnya terus di bangun,pokoknya banyak proyek di IKN.",0,1,0
"Konten dengan bayaran termahal, biaya langsung dari aseng",0,1,0
Koq kayak nginep di apartemen tooo mas?  Yo..luwih hebat yg president suite di hotel itu dong... 😅,0,1,0
"Mas, sampeyan iku lucu tenan cara jadi reporter IKN nya ... Segerrr .... 😂😂😂",0,1,0
"Awas tukang demo jakarta datang merusak. IKN.😂😂😂😂
Salam sehat buat pekerja IKN.",0,1,0
Saya bangga jadi Warga Negara Indonesia.... Semoga suatu saat bisa ke IKN meski saya orang Kalimantan belum pernah ke IKN. Semoga pembangunan IKN berjalan lancar 🎉,0,1,0
"Hotel ni siap beroperasi pd th 2023,seblm hari merdeka,sebb menteri2 dtg ke ikn ni nginap kat hotel",0,1,0
Hotel tu jkw punye?.. saham hotel tu 50% jkw punye? Hotel ni brp tingkat? Brp bilik?,0,1,0
"Itu keadaannya seperti sampah..mne boleh manusia duduki..gile loo..pengangkutan,seperti bis mne?.. satu mobil g ade..gmne mahu naik pesawat hari2..migas free ko?",1,0,0
Kok bangunn belom siap,0,1,0
Sepi tak ada manusianya,0,1,0
Yaeyala danantara udah siap pundi2,0,1,0
Hutan gtu ko tolol.,0,1,0
"ROONTOOCX ROYALTY FEEE , , ,",0,1,0
"hahahahahahaha haha, muak",1,0,0
Andaikan uang negara tidak dimakan oleh para koruptor IKN pasti akan lbh megah dan akan membawa nama baik indonesia,0,1,0
Yg balikpapan emng masih di lanjut tp yang satunya gak,0,1,0
"Mudah2an. Ikn yg MANGKRAK, Bisa beroperasi lagi😂",0,1,0
Ooo iya tidak mangkrak Alhamdulillah.....sudah pada pindah sana secepatnya...  tunggu apalagi......jakarta udah sempit..,0,1,0
"Goblogh loo,mang siapa bilang mangkrak,,tapi IKN itu di bangun dari utang sama china oligarki,,yg di janjikan akan grogoti aset bsngsa,,termasuk pagar laut itu timbal balik nya goblogh,,jangan cuma lihat satu disi,,ga sekolah lo cuk",0,1,0
hmmmmm...,0,1,0
wadul lu bazer,0,1,0
sakit mataku nonton mulai menit 6:44 karena kameranya goyang sana goyang sini jadi pusing deh,0,1,0
"Tukang fitnah media sebelah, jahanam memang",0,1,0
"MANGKRAK MATAMU 

.",0,1,0
"wes koyok kota saranjana,,",0,1,0
Bagus banget hotelnya.....,0,1,0
dasar kelakuan buzer,0,1,0
Yang mangkrak itu bukan ikn tapi otak para penghasut yg mongkrak alias soak .,0,1,0
"Pasti mangkrak, sekarang emang belum tapi tunggu nanti. Si Jokowi cuma menyusahkan rakyat",0,1,0
IKN Mangkrak Kata Orang Jelek Pembenci Presiden Jokowi Apalagi Orang Jelek Kaya Si Roqi Gerung yang Katanya IKN Mangkrak Nyatanya Engga,0,1,0
kok sepi ya mas 😂,0,1,0
😂😂😂😂😂😂😂😂😂.    ngisn ngisin na...masih punya kontak yo mas,0,1,0
Kamu dibayar brp mas 😂😂😂😂😂😂,0,1,0
"Yang mangkrak otaknya amin Rais dan gerombolannya...
😂😂😂😂😂😂",0,1,0
Ssya heran dengan orang Pribumi tidak suka dengan perkembangan negara sendiri,0,1,0
"Ssya bukan siapa "" Hanya seorang petani ssya bsngga dengan di bangunya ibukota baru saya orang jawa mudah "" Sustu zast bisa melihst langdung ke ikn",0,1,0
Yang mangkrak itu otak pembebci. Berpikirnya mundur kebelakang ke zaman purba,0,1,0
"Membangun yang belum di butuhkan, itu disebut apakah? Di saat hutang banyak malah membangun sesuatu yang belum dibutuhkan.",0,1,0
"Gimana g bagus, yg inpes dari korea 30 inpestor, dari jepang 40 inpestor, dari singapor 100 inpestor 🗿👏👏👏",0,1,0
"Agak ngerik juga ya main masuk"" aja ya tanpa di bilang sama petugas yoh😅",1,0,0
Kelalawar ini mah..bukan garuda,0,1,0
"weeeh mass keren yaa...sampeaan bangga sekali...ok lah klo mau mu ituùu.

sekarang IKN DI bangun gdg DUIT RAKYAT MURNI...TDK ADA INVESTASI. 

YA GMN MENURUT ANDA KLO ORANG KALIMANTAN YG DEKAT DEKAT SITUUU ..
TIDUR MENGINAP DI SANA TAMPA BAYAR..",0,1,0
Wah ndase gede 😂😂,0,1,0
Ia bagus mas  . Kamu aja diam di sanah.,0,1,0
Bacot nepi ka ayeuna can parindajh geuning gawena,0,1,0
Bang mulai jalanya dari abang turun dari pesawat jangan naik dari lokasi ikn biar keliatan sampai mana akses jalan di ikn yg sebenarnya,0,1,0
Geus beak 500 triliun kara jiga kitu parah atuh,0,1,0
Kalau memang benar kenapa wapres belum pindah biar tau rasanya panas kali mantan,0,1,0
500 triliun pekerjanya 20 orang mobil proyeknya 3 buah beneran hebat mas,0,1,0
Bismillahirrahmanirrahim Alhamdulillah Ikn Sehat selalu dan sukses selalu untuk semua Warga Negara Republik Indonesia maju dan sukses di segala bidang agar berkah selamat teguh Rahayu lahir batin dunia akhirat Aamiin ❤😂,0,1,0
Rakyat menengah ke bawah bisa menikmati apanya kang?????????.... Oooo bisa jadi kuli panggul pemelihara kebun tukang parker.....,0,1,0
Top Koko Andy mereview IKN ternyata mewah,1,0,0
"Bagus kan ikn ,tapi jauh kak ,dr jakarta ke Kalimantan....semoga bisa ke ikn ❤❤❤🎉🎉🎉",0,1,0
Hati hati dgn manusia yang terlahir dari hubungan gelap dan terlahir karna kondom bocor...😊😊,0,1,0
Kalimantan bgt logat satpam nya kocak 😂,0,1,0
"Assalamualaikum bagi yang ingin berinvestasi IKN, harus tau jelas riwayat legalitas tanah,
Dan lebih hati-hati ke pada mafia tanah di IKN,
Saya kebetulan lahir di sepaku dan tau jelas sejarah  kecamatan sepaku, 
Di sini untuk tepat nya, yaitu di prov Kaltim, kab. penajam Paser Utara terbagi menjadi 4 kecamatan,
Kec. Penajam
Kec. Waru 
Kec. Babulu
Dan kec. Sepaku
nah yang Jadi titik nol IKN yaitu kec sepaku
Bagi yang mau tau lebih jelas boleh sering ke saya sebelum anda jadi korban🤭🙏🏻",0,1,0
Buat sampai jadi ikn ini rugi kalau tidak jadi harus siap salam dari Malaysia bang,0,1,0
1malam 35jt buat para koruptor nggak seberapa tuh bang😂😂😂,0,1,0
Keren banget Nusantara IKN,0,1,0
Ternak si mulyono ratanya orang tolo,0,1,0
Dibayar berapa om,0,1,0
Asli keren boossss,0,1,0
"Jangan bahasa Jawa, pakelah bahasa indonesia, gak jelas",0,1,0
mau mangkrak mau kaga fungsinya juga kaga ada. cuman ngabis ngabisin anggaran negara lol,1,0,0
"Saya tadi denger itu ati MLM 35 JT,, klu pemerintah lgi nginep  satu hri aja 35 JT klu satu Minggu brpa coba , trus yakin oke uang pribadi ,  klu msal oke uqng negara apa GK syang mending bagi bagi  ke rakyat  , beri slama ini kta byar pajak cuma buat pemerintahan  senang senang aja dong, gak tau rakyat cri uang nya smpe nyawa trohanya,  jadi tolong ini dri hati saya tolong banget  , tengok rakyat kita  udh tentram apa blm",0,1,0
Blm waktunya pindah,0,1,0
Di ikn jalan raya cantik semua. Disumut jln nya berlobang semua sementara hasil bumi Sumut TK ada artinya entah mengapa begini jadinya negara ni,0,1,0
Pakai bahasa Indonesia la bos,0,1,0
BTW GEDUNG KPK MANA YA🧐,0,1,0
Ternak mulyono sedang bersandiwara,0,1,0
Ini konten apa ya...,0,1,0
ADA Sutradara yg OTW bikin film horror di sini. Udah mulai bikin belom?,0,1,0
Hanya org sakit hati dan pembenci jokowi dan pprabowo yg nyinyir sintimen menada ngada ikn mangkrak ..klo kami warga kalimantan sangat senang kalimantan jd perubahan jd ibu kota nusantara..,0,1,0
Sematkan nama orang nya bang,0,1,0
"Ternyata konten ini bagian dari   jongosnya jokowi ,,,,penjilad  yg sedang mabuk teriak"" sendiri tidak karuan ,,,,",0,1,0
Ga sesuai fakta...,0,1,0
😂 yutuber dagel iki looos lanjot dolor,0,1,0
Kapan prabowo pindah ke ikn ya,0,1,0
Pertanyaan : Dimanakah IBUKOTA REPUBLIK INDONESIA sekarang - 2025 ini?,0,1,0
"Kok gk ada yg sibuk bekerja, cuma security yg jaga..",0,1,0
Keren pemandangan nya pas di depan istana.. kayak gk di indo.. kayak d luar negri,0,1,0
"Niiis...Anis lihaten nis? Jangan planga plongo buka' matamu nis,? katamu mangkrak.",0,1,0
79 cm kwkwkkwkw,0,1,0
"Ada yg seperti burung, burung pejabat 😂😂😂",0,1,0
"Bangun jln tol bilangnya rakyat tdk makan aspal
Bangun ikn ribut
 china membangun numpang heran😅",0,1,0
Yang kata Jokowi ratusan investor antri tu mana?Pembangunan hanya landscaping je.Pembangunan bangunan bangunan tidak ada yang berjalan.,0,1,0
Lanjutkan......!!!,0,1,0
Tak ada daerah di indonesia yang ngalahkan aura jawa,0,1,0
Kwan2ku bnyaknyg kerja disitu bos...btul akg sudh hmpir mndekati siap...,0,1,0
Konten tai,0,1,0
"Alasan ibukota mo pindah karna sudah dikuasai aseng......Contoh pluit,klp gading,bekasi,tanggerang,bogor dan masih bnyk lagi......negara didlm negara",0,1,0
Pejabat pejabat nginep di swiss hotel......Enak yah    buang buang duit rakyat..sementara rakyatnya Masih bnyk yg miskin,0,1,0
Nyatanya masih sepi SD PT itu.,0,1,0
"Sis hotel sudah beroperasi,? Iya. Tapi siapa yg mau nginap?",0,1,0
Sebagian besar pekerja dipulangkan,0,1,0
"Haaayaaa PITUK LAMPOK AAA,,,,CHIENG CUUAN BIKIN KONTEN,,,,",0,1,0
"waaakwaaaew mulaaai m jalanin visi misi nya,,,,JBATAN MNANTI MU",0,1,0
Pekerjaan sedang berlangsung tdk bisa dibilang mangkrak.,0,1,0
"Luar biasa IKN,yg msh lihat video silahkn lihat lsg aslinya keren👍👍🇮🇩🦅",0,1,0
I. K. N. IBU KOTA KORUPSI..,0,1,0
Wong jowo meddo,0,1,0
"kapan""ingin sekali main catur di hotel itu mantab sekali",1,0,0
"Ternak mulyono...
Gak malu toh....budget nya di blockir.
Investor dari luar negeri over subscribe versi mulyono......mana investornya",0,1,0
Sudah cepat pindah biar gak mubazir dan dibilang mangkrak,0,1,0
Yang bilang ikn mangkrak itu orang2 miring otaknya,0,1,0
pencintraan ternak ternak,0,1,0
IKN kaya rumah setan seren mengerikan rumah tak bertuan ada juga gambar burung Hantu ngerikan 😂😂😂😂😂😂🎉🎉😅😅😅,0,1,0
Mungkin saja IKN jadi kota hantu..tunggu dn lihat saja...,0,1,0
Karep mu,0,1,0
"Menuju mangkrak bukan mangkrak seutuhnya,,, Karena aguan sudah buka suara coba cek pernyataan aguan tentang masalah investasi dirinya di IKN",0,1,0
Jaman sekarang banyak berita2 fitna dari hati2 orang yg busuk jadi jngn mudah percaya klu kita tdk melihat Sendiri.,0,1,0
"Ikn, mantap, hotelnyabagus❤❤",0,1,0
"sy heran dengan berita miring yg katanya IKN mangkrak, yah kita maklumin aja soalnya org yg kasih berita itu juga tak berimbang pasti para pengikut yg tidk setuju pemindahan Ibu Kota. sorry eee, jogetin aja hahahaa..",0,0,1
WAHHH CAKEPNYOO CALON CANDI,0,1,0
"Yg paling mulia di atas dunia ini pemimpin adalah RASULULLAH dan para SAHABAT adalah mereka memimpin umat pake istana ah pemimpin kita contoh siapa? Begitu gelapnya dunia ini tampa contoh dlm agama,",0,1,0
"Aduh aku sdh kepingin ke ikn, tapi kpn yah, ini kota modern.",1,0,0
Pretttt,0,1,0
Yg mideo pasti ada dendam mendalam 😂,0,1,0
Garudanya hitam demi melindungi pejabat negara yg korup dari sinar matahari atau dari jeratan hukum pak ? Monggo di jawab pak 🙏,0,1,0
"Hahahaha .
Buang² uang Rakyat .",1,0,0
Liatnya juga klw musim kemarau panas yaa...,0,1,0
Hutang RI nyaris tembus Rp.10.000 triliyun untuk proyek ambisius dan pencitraan.,0,1,0
Ya sudah anda ngantor disana,0,1,0
"Kita liat 5 sampe 10 tahun lagi , mudah2han berjalan lancar IKN",0,1,0
Muter muter kok malah nang hotel cuk cuk😂,0,1,0
Semoga para koruptor pindah semua ke ikn 😂,0,1,0
adili jokowi biar rakyat tentram,0,1,0
Keren IKN yg bilang mangkrak hanya orang yg tdk suka,0,1,0
"Lanjut Mas Andy, supaya masyarakat se - Indonesia tahu perkembangan pembangunan IKN hingga hari ini.",0,1,0
Waduh ini tempat para koruptor 2 berteduh...,0,1,0
Santai Brow jangan ngotot. Cari Duwet.,0,1,0
Yang Bilang IKN Mangkrak Adalah Orang Orang Anis Dan Ganjar Masih Sakit Hati Bisanya Bikin Gaduh Bangsa... Biasalah Mereka Adalah Propokator Dan Pengkhinat Bangsa Indonesia,0,1,0
Semua berwajah Cino peliput dan yg di liputnya di IKN....operasi ekonomi cina...ya sudah mulai awal awal lah pasti karena cina yg punya,0,1,0
Proyek gagal 😄😄😄,0,1,0
"Hotelnya banyak banget penunjungnya, jga pekerja ikn nya  banyak banget,    gila bener ikn semoga kodok pindah ka ikn ini semua buat lanjutkan ide gila jokowi.",0,1,0
Konten ngga jelas,0,1,0
"Ini sih content creator profesional pakai kamera bagus dan pakai asisten, pakai mobil mewah, bisa masuk Ke kantor vital negara, apakah ada video orang biasa bikin video pakai hp biasa dan di akunnya tak ada tulisan  no hp endorsement?",0,1,0
Setetingan mu kurang bagus bos bsyar piro mas,0,1,0
"Apa manfaat proyek IKN senilai 97Trilyun  bagi rakyat Sumatera, Bali, NTT/NTB, maluku & Papua???",0,1,0
Ternak mulyono,0,1,0
Ikn tempat hantu  siapa yg mao pejabat tinggal dan dinas di sana,0,1,0
Wis ndk mutu kamu dibayar pira karo jaka w? Mana orang yg lagi kerja,0,1,0
Tidak mangkrak tapi otw😂,0,1,0
Yang bilang ikan mangkrak cuma umat  anies yaman,0,1,0
"Mengutamakan fasilitas Pemerintah yang merasakan. 
Bukan mengutamakan Rakyatnya yang masih banyak pengangguran ,kelaparan dll. Sehingga kurang nya efektif dalam Pembangunan .",0,1,0
"Ko kya film kartun yaa, editan apa ini yaaa😂😂😂😂",0,1,0
Udalh jngn bnyk drama klo mangkrak ya mangkrak aja lah..,0,1,0
Ikan mantapsssss,0,1,0
Mantappsssss,0,1,0
"MashaAllah lambang Indonesia menuju,,,,,majuuuuu .....",0,1,0
Kemaren.  Banjir  ikn,0,1,0
Baser cari receh nini pendukung mulyono,0,1,0
"Perpindahan itu ndul...bukan hanya pemindahan fisik belaka..paham. Jika ada pemindahan ibu kota pasti berpengaruh terhadap budaya kerja, dampak sosial, mental para pegawai terutama ASN/PNS. Jadi jangan hanya berkoar-koar saja ndul tentang pembangunan itu hanya fisik belaka tetapi yang penting dan utama adalah mental pegawai, penerimaan terhadap budaya lingkungan. Semua tahu pembangunan IKN berjalan dengan baik dan yang anda sorot itu hanya fisik bangunan.😪😪🥲😪🤤😝",0,1,0
Ciri² youtuber ternakan jakowowo 😋😋😋👎👎👎,0,1,0
keren sekali IKN mewah 🎉,0,1,0
ENDYASMUUUUUU ...NDYAAAAZZZZZMUUUU....DYANCOOOOOOKKKKKK....COOOOOOKKKKKK😂😂😂 DADUNG AWUK IKI,0,1,0
"Wah...senang ngeliat nya...
Kapan kapan  pengen  datang  ke  lKN",0,1,0
PENCITRAAN  GAYA²  PEMBOHONG  WES  ORA  PERCAYA  !!!,0,1,0
Seandainya Ibukota negara jadi pindah gk kebayang gedung2 mewah pemerintah di Jakarta pd kosong penghuninya siapa?manusia atw hantu?. Mubazir.,0,1,0
Cepat atw lambat yakin IKN bakal mangkrak tunggu aja 1 tahun lagi penghuninya para hantu dn kuntil anak😂😂😅😅,0,1,0
"Barat timur utara selatan , muter muter kyk gangsibg..dobol.",0,1,0
"Banyak bacot ni orang yang penting duit di otak dia,",0,1,0
"❤❤❤❤❤❤❤😘😘😘😘😘😘MANTAP TENAN IKN ,luar biasa indahnya spt di surga.pasti IKN sukses.MAKIM INDAH MAKIN MAJU  INDONESIAKU.GOD BLESS YOU 😘😘😘😘😘😘❤❤❤❤❤❤",0,1,0
Cak andy masio aku dduk ASN mben aku yo tak pindah nng IKN  😅,0,1,0
Ya Alloh semoga pembangunan ikn dapat sampai selesai,0,1,0
Mau nya mbah amin rais dibawa ke ikn...😅,0,1,0
Bazzer edan😀😀😀,0,1,0
Banyak ngomong ... Ini sekarang Banjir preeet,0,1,0
Cungur sia,0,1,0
Ga berguna,0,1,0
Warga mana ....istana harusnya samping kiri kanan dipenuhi penduduk bukan ... bangunan,0,1,0
"Selamat bang, sedikit lagi lah bisa jadi staf press, minimal kek dedi buzer lah...😂😂😂",0,1,0
Mending uangnya buat bangun IKN daripada dikorupsi kek yg lagi Viral,0,1,0
"saya ada proyek disitu , sebagai supplier juga, dari alat berat, sampai pembangunan modular prefab. yg bilang mangkrak itu hoax",0,1,0
yang bilang mngkrak itu hanya netizen penjilat anis bas edan🤣,0,1,0
"Ajak kll IKN rombongan. Amin Rais, Roky G, Adrian N, Rafly, Kelompok sakit hati lainya, liat sebelah mana IKN mangkrak, video baik2 jo",0,1,0
"Sepii...dasar you tober dibayar berapa lohhh,,pe,a🤣🤣🤣makanya di blokir dana buat pembangunan,,, sekarang cuma swasta yg bangun....dudull",0,1,0
"MODAL HUTANG, REZIM KOROP, GK NGURUS. BUAT KANTOR  WAPRES. DENGAN  DINASTI  OLIGARKI.",0,1,0
IKN dijadikan Pusat Dangdut Pasti Akan Mendonia,0,1,0
"APA UNTUNGNYA UNTUK PROPINSI YG LAIN DI INDONESIA,,,PALINGAN HANYA KALIMANTQN YG MAJU TAPI PROPINSI LAIN DI INDONESIA AKAN TERPURUK DAN TERTINGGAL,,,",0,1,0
Gini bang bakar batu kerikil sebanyak2nya sampai merah kemudian absensi yg bilang mangkrak... Beri mereka jatah untuk menelan kerikil yg merah  tadi satu buah... Jangan banyak2 keenakan ntar mereka 😂,0,1,0
Mantaaaaabek......makasii kontenya sngt bantu utk kita2 yg masih penasaran dg isu2 negatif medsos.,0,1,0
Ternyata makin keren IKN 👍👍,0,1,0
"Keren, semoga bisa lihat lansung IKN ibukota baru",0,1,0
"Tlong cek yg kerja uda gjian blm Tu,,,",0,1,0
Konten lebay.. Corong Mulyono,0,1,0
Mantap...👍👍 Lanjutkan Pembangunan IKN.... 💪💪💪🇮🇩🇮🇩🇮🇩🇮🇩🇮🇩🇮🇩🇮🇩,0,1,0
Sukses ikn buat ANAK CUCU KITA,0,1,0
❤❤❤❤❤❤❤❤👍👍👍👍👍👍👍👍👍👍👍👍👍👍👍👍👍👍🇮🇩🇮🇩🇮🇩🇮🇩🇮🇩🇮🇩🇮🇩🇮🇩🇮🇩🇮🇩🇮🇩🇮🇩🇮🇩🇮🇩🇮🇩🇮🇩🇮🇩🇮🇩🇮🇩🇮🇩🇮🇩🇮🇩🇮🇩🇮🇩🇮🇩🇮🇩🙏🙏🙏,0,1,0
"Pembohong manusianya gak Jokowi licik mana percaya kerjaannya bohong nyata contoh mobil Asemka, duit 11,banyak gak kehitung bosss",0,1,0
Mana orangnya ini yg ngomong temanya abu janda mangkarak nama Ikn.cuman 2 biji binatangnya,0,1,0
TAK ADA ARTINYA  BAGI RAKYAT JELATA.,0,1,0
"HARUS
MEMBEZAKAN
ANTARA
PUSAT PEMERINTAHAN
& IBUKOTA
....APA YANG SIAP
ADALAH PUSAT PEMERINTAHAN 
@ BANGUNAN KEMENTERIAN KEMENTERIAN SAHAJA

IBUKOTA
BELUM BERHASIL WUJUD LAGI
UNTUK MENGGANTIKAN IBUKOTA JAKARTA",0,1,0
Dananya jgn2 dr danantara nih...akal lubus,0,1,0
Ikn terus jaya NKRI harga mati kami jawa bangga,0,1,0
"Saya sekeluarga mau nabung dulu biar bisa ke IKN, mudah²an tahun depan 2026 terealisasi, aamiin yra🤲",0,1,0
"Wuih mantap, Masya Allah keren banget😍🇮🇩",0,1,0
Khoax,0,1,0
Mulut si rocky gorong gorong emang renyah banget..bisa cuma ngeritik aja.. Rocky gorong gorong 😂😂,0,1,0
Mana para hati yg busuk...apa kamu gk malu melihat kesuksesan  pembangunan  IKN...yg di fitnah mangkrak,0,1,0
Mana Rocky Garong....apa matamu masih bisa melihat....biar mulutmu gk koar2....makanya lihat berita dong biar mulut untuk gk ngawur,0,1,0
Laur biasa,0,1,0
Wauuu,0,1,0
Kok kayak suaranya pak Roby ya,0,1,0
"kalau bikin IKN presiden sebelumnya mungkin bisa mengalokasikan APBN untuk itu. Tapi presiden2 sebelum Jokowi adalah orang yg berpendidikan bukan yg hanya otak sempit. 

Mereka itu berpikir realistis. IKN itu bukan suatu yg darurat. 
Masih banyak urusan rakyat yg harus dipikirkan. 

Saya di bulan ramadhan ini berdoa semoga Allah menghancurkan pak jokowi sehancur2nya di dunia ini. Aamiin",0,1,0
PENJILAT Ra due isin,0,0,1
yang ber anggapan ikn mangkrak ini bukan mangkrak masih berjalan dalam pekerjaan cuma untuk anggaran skala besar di pangkas dan hanya pekerjaan2 ringan yang gak terlau memerlukan anggaran besar untuk sementara,0,1,0
Nggak mungkin mangkrak .... Kan dipetuntukan tuk kota Cina diluar Cina wkwkwk,0,1,0
Ndasmu...,0,1,0
"اللهم صل على سيدنا محمد وعلى ال سيدنا محمد فى الاولين والاخرين وفى الملاء الاعلى الايوم الدين 
اللهم صل على سيدنا محمد وعلى ال سيدنا محمد فى الاولين والاخرين وفى الملاء الاعلى الايوم الدين 
اللهم صل على سيدنا محمد وعلى ال سيدنا محمد فى الاولين والاخرين وفى الملاء الاعلى الايوم الدين",0,1,0
Pengalaman terburuk kerja proyek ikn...sedih,0,1,0
Akan siap juga ikn tuu...sabar leee guysss....skrg ni kes korupsi duluu dan netizen jahat YouTubers itu pak pribowo kena selesaikan dulu hihihi🤪🤪,0,1,0
Masih lama..... Yg di review kepresidenan yg ... Coba bangunan lain masih pada tiang..... Wkwkwk,0,1,0
Wow keren 🇮🇩,0,1,0
Buzzer Terkutuk klo ga Taubat Mati ga diterima Bumi.....!!!,0,1,0
Ada loker bos,0,1,0
Yang bilang ikn mangkrak itu cuma gerombolan² anies bah edan dkk 🐕🐫🐫🐕🐕💩🐫💩💩,0,1,0
Sepiiiii...blm ada kehidupan,0,1,0
"Waaw kereen....saya turut bangga,tidak mungkin saya bisa kesana,,saya orang kampung,Alhamdulillah saya bisa menikmati nya dengan kontennya bang ..mantap sukses selalu🤲",0,1,0
Sepertinya yang punya konten bakal di angkat jadi stafsus atau Wamen..atau langsung punya jabatan di TNI letkol gitu..😅,0,1,0
Hotele cino...,0,1,0
Bandara  ikn banjir betul ngk itu. Boossku,0,1,0
Hutang numpuk rakyat hidup miskin kok buat istana baru gimana sih pola pikirnya?????,0,1,0
"Saya orang asli KALTIM 
Semoga IKN benar apa adanya",0,1,0
Bang And jawa medok 😂😂😂😂,0,1,0
Kau tinggal di ikn saja nggak usah balik ke pulau Jawa... malam jagain ular kodok dll,0,1,0
Preeet,0,1,0
Ikuuuutaaan liat .,0,1,0
"buzzer mulai bergerak, ngeri",0,1,0
Yg bilang mangkrak itu orang yg pesimis,0,1,0
Ndasmu itu mangkrak,0,1,0
"Siapa yang bilang mangkrak   ? 
lihat dong sendiri",0,1,0
"roki gerung, faisal , refli  dan pembenci , Bpk Jokowi melihat dan sadar dan  bahwa membenci Bpk Jokowi itu perbuatan iri dengki dan jahat.",0,1,0
Semalam byr kamar hotel 35 JT murah nanti yang bayar dari pemerintah,0,1,0
"Pegawai pemerintah ,pegawai miskin , bodoh, bahkan tdk tahu apa2 YG akan dikerjakan,  tidak puas dg kadaan tsb  biasanya mereka ingin lebih, uang lebih maka menggunakan pengusaha untuk cari uang lebih, Pengusaha yg selalu memberi ide untuk proyek2. Pengalaman lebih luas dari pegawai pemerintah tsb.  Biasanya mereka itu maling / rampok, proyeknya abal2 seperti Hambalang / IKN , kerja sama pegawai dan pengusaha yg kebetulan nonpri itulah YG dimanfaatkan,, biasanya tidak sekali, mereka cari lagi YG lebih besar,akhirnya kerja sama ditingkatkan untuk lebih koup,  Itulah kenyataannya. Keuntungannya pengusaha lebih besar dari pegawai pemerintah, sekitar 5 s/ 20 person, untuk pegawai tsb alias komisi,  Itulah mengapa oligarki semakin Kaya , Negara semakin miskin, Lalu uangnya untuk beli ,pejabat,jendral,DPR,hukum, tambang,tanah,air , tni,polri,, YG akhirnya habis sudah kekayaan negara dan YG terakhir kedaulatan dijual  mulyono kpd mereka.,dg kata lain Terjajah",0,1,0
Terserah Lo mau buktiin apa gak.... Kalau lo mau tinggal di situ aja jangan ngebacot kaya tai... Itu hotel siapa yang nginep ya 😂😂😂,0,1,0
Bangunan yg ditinggal lari para kontraktor kau tidak review 😂,0,1,0
"Sabar lagi ngurus korupsi,proyek itu pasti jalan gk mungkin dibiarkan, namanya juga ibukota",0,1,0
Kados Medok 😢,0,1,0
Masih sangat jauh untuk menjadi ibukota negara.,0,1,0
nama ibu kota indonesia skarang ada gk yg tw??,0,1,0
Biasalah pemuja mulyono ya emang ngono..lah wong nda ada orang kerja sepi,0,1,0
Biasalah pemuja mulyono ya emang ngono..lah wong nda ada orang kerja sepi,0,1,0
abu janda versi kedua,0,1,0
Saya termasuk yg tidak simpatik sama mulyono. Namun dari yang abang ini tunjukan sy tidak menampik perasaan takjub saya terhadap perkembangan nyata IKN. Namun jika fasilitas semua ini ujung2nya banyak diselewengkan para pejabat saya akan merasa kecewa.,0,1,0
Juara.2.DUNIA.terkorup.OCCRP.😂kota hantu tempat jin buang anak.😂😂😂😂😂😂😂.,0,1,0
Nanti tugu nya apa ya  ikn . Kalau jakarta kan tugu monas d sana apa,0,1,0
Jgn lupa Swiss hotel ikn hotel mantap betul,0,1,0
Mantap mantap hotel pertama di ikn harus di ingat 👍🏽👍🏽,0,1,0
"Ya ini proyek bs dibangun... Bangun ANGAN"" ... Huahaaaa",0,1,0
"Itu blm dpt seperti 1/4 nya... Sopo iki... Duite APBN yg dipakek, bilangnya dulu sdh ada 1200 investor, tp kok NOL... West diapun I neh.. Dulu mobil ESEMKA yg indent sdh 6rb bhkan lbh sampe kwalahan... Lakok gok lapangan, emang buanyak sxl... Tp mobil mobilan... Anjir lho..!!",0,1,0
"BISMILLAH .. 
Dalam islam HARAM HUKUMNYA suatu tujuan yang baik, tetapi di raih tujuan tersebut DENGAN CARA YANG TIDAK BAIK ATAU TIDAK BENAR ATAU MELANGGAR ATURAN DUNIA MAHUPUAN ATURAN AGAMA❗️.

Sebagai contoh :  ""kita mencuri, tetapi hasil curian tersebut untuk sodaqah atau di sedekahkan kepada faqir dan miskin"". Ini sangat di larang dalam Islam dan HARAM hukumnya❗️

""SUATU TUJUAN YANG BAIK HARUS MELALUI JALAN YANG BAIK JUGA (JALAN YANG BENAR)""

MAKA dari itu SAMPAI KAPANPUN masyarakat akan ingat pemilu 2024 ialah pemilu yang paling konyol dan paling nggak masuk DI AKAL Sama sekali👎👎👎👎👎👎👎👎

NKRI DI PASTIKAN AKAN SEMAKIN TERTINGGAL DENGAN NEGARA TETANGGA SINGAPORE DAN MALAYSIA jika di pimpin orang² seperti Paslon 02, miris😭😭😭😭👎👎👎👎


Sangat di sayangkan Dan sangat miris sekali😭,NKRI ITU  NEGARA ISLAM TERBESAR DUNIA, AKAN TETAPI TIDAK KELIHATAN ISLAMNYA😭😭😭😭😭

SEMOGA NKRI SEMAKIN MAJU SDM NYA❗️",0,1,0
Tetap aja tidak seperti jakarta ditengah hutannn,0,1,0
"Itu proyek paksaan, proyek yg tdk di ridhoi oleh semua rakyat, IbuKota Indonesia smp kpnpun ttp jakarta",0,1,0
Mana pendukung roky gerung  aku mau tau....,0,1,0
Pasukan amfibi pada nongol😂,0,1,0
Kasih aja ma cina biar ada negara dlm negara,0,1,0
"Heran sama komentar yang selalu membenci kemajuan Indonesia, kalian harusnya mendukung jangan pesimis, gimana mau jadi negara seperti china kalau masyarakatnya pesimis",0,1,0
"Indonesia masih banyak sekolahan mau roboh, pendidikan minim, pengangguran banyak, gembel meningkat, maling merajalela, keriminal terus bertambah, kok bisa2nya mebanggakan IKN yang gak penting,",0,1,0
boleh indonesia banyak kemajuan pembangunan...tapi nasib rakyat juga harus di perhatikan... masalah nya rakyat indonesaia kasus kemiskinan tidak akan pernah terselesaikan...di karnakan cipta lapangan pekerjaan tuh kurang...banyak rakyat menggeluh dari segi ekonomi...karna banyak pengganguran terutama yang sudah berkeluarga...tolong perbaiki pemerintah sekarang dan kedepannya...Jangan banyak koruptor,0,1,0
Yang bilang mangkrak suruh main biar matanya ngeliat sendiri,1,0,0
IKN ibukota Raja Jawa,0,1,0
Sangat menghargai...hanya saja masih banyak prioritas yg lebih penting....terutama tentang kesehteraan seluruh rakyat Indonesia...karena masih banyak rakyat miskin🤭,0,1,0
Selamat tinggal orang2 pesimis yg hanya bisa nyinyir. Bangga banget sama pembangunan IKN. Luar biasa!!!,0,1,0
"Buzzer, coba di cek dong kondisi terikini banyak dari kami yg dipulangkan karna pemerintah ga sanggup bayar.",0,1,0
"Bang kapan naik Ring MMA  lagi , lawan Theodarus Ginting .",0,1,0
Sekarang IKN apa kabar bang😂😂😂,0,1,0
Yg bilang mangkrak itu orang yg sakit hati dm pak jakowi dan yg ga suka Indonesia maju,0,1,0
Biar bermanfaat pak Gibran suruh berkantor disitu dulu bossss......😂😂😂😂😂,0,1,0
"Biasa saja gak ada bedanya dengan bangunan di pik,siapa yg akan menghuni hanya orang orang kaya.",0,1,0
"Buat apa kalian bangga dengan ikN sedangkan jaman sekarang smua mahal sekolah dibikin susah,kerja sangat sulit di dapatkan .bnyak lagi yg masih berkelih di republik ini.  ..itu tmpat pngusaha status pmerintah ajah",0,1,0
Hahaha bntr lg mangkrak,1,0,0
"Yang koar-koar IKN mangkrak itu orang-orang busuk semua dan penghianat Negara dan pasti efek dari sakit hati yang buta mata dan buta hati dari 16% dan 24%, bikin  malu aja sepertinya orang gak berilmu!!!",0,1,0
Saya bangga ikn tetap berlasung  pembangunannya.,0,1,0
Om coba takokke butuh pengawas cleaning service rak ndek Kono? Aq lebokno mrono,0,1,0
Mantapp ttp semangat dan berkembang IKN,0,1,0
Emang jancok arek2 seng cangkeme ngomong mangkrak,0,1,0
"Semoga aja selesai itu bangunan dan perawatannya, karena udah terlanjur keluar uang banyak",0,1,0
Mang krak😂,0,1,0
Yg mangkrak itu bukan prozek nya..cuman orang yng GK mau indonesia  maju..  otak nya yng mangkrak...😊😊 Ya mirip si Roki buruung...alias gelo ges hayang setan na can datang😂😂,0,1,0
"Semoga Indonesia berjaya, penikmat tak perlu banyak bicara, biarkan serahkan pada yg ahlinya kerja dengan jujur",0,1,0
Biasalah kerjaan buzzer buat chaos di Indonesia. Semoga IKN Berjaya.,0,1,0
Sarang hantu,0,1,0
"Seuprit itu dibanggain.  Cerewet,  dasmu😂😂😂",0,1,0
Klw Jokowi gak jadi presiden mungkin ikn gak akan ada,0,1,0
Maju terusss demi kejayaan negara tercinta. moga IKN bisa segera beroperasi ya,0,1,0
"Anak2 parpol kerbau yg bikin opini negatif secara terus menerus karena setres kalah pilpres, pilkada🤣🤣🤣🐃🐃🐃",0,1,0
Mana jalama ning euweh,0,1,0
Untuk pejabat 😂,0,1,0
Bos ku kerjanya di bi di ikn,0,1,0
Wah wah ramai sangat ya..!! melebihi jakarta pantas jadi ibukota yg nggak jadi.,0,1,0
35jt 1 malam waouwwwww😅,0,1,0
"Terima kasih Koko Andy, jadi saya bisa melihat progress IKN. Keponakan saya kerja di PP - sarjana teknik sipil - dan sempat ditempatkan di IKN pada awal pembukaan dan pembangunan awal .Semoga IKN segera terselesaikan pembangunannya. Salam buat Mama Ely yaa",0,1,0
Sebodo amat,0,1,0
"Kita buktikan saja nanti...2 tahun mendatang...mangkrak atau ngga..
Analisa saya....IKN akan mangkrak..😂😂😂",0,1,0
Selalu tersebar berita hoax,0,1,0
Mas tolong buat Konten ke penduduk sekitar IKN mass.apakah mereka senang atau tidak..,0,1,0
Utangnya bisa sampai anak cicit,0,1,0
Ternak mulyono lagi ngebacot,0,1,0
"Video aktivitas di Kantor OIKN dan ASN bekerja di bulan puasa... 

https://youtu.be/A-544qJeoyA?si=HGHgwB6G6U9m-5ip",0,1,0
Wah mantap buat rekreasi jou....mantep jo.,0,1,0
"Trima kasih mase sudah di ajak jln jln di ikn .
luar biasa 👍👍👍",0,1,0
Nggedabrus awakmu iku,0,1,0
Vendor bayar dulu woii,0,1,0
IKN mangkrak kata p.anis sama Roki dan klompoknya/para pembencinya...,0,1,0
😂,0,1,0
Mantab Luar biasa Ibu Kota Nusantara... semoga semua perkerja diberikan kesehatan dan kelancaran dalam menjalankan segala aktifitasnya... Amin,0,1,0
Mantap,0,1,0
Salam IKN. Salam Nusantara . Salam Indonesia Raya .  . Salam Nusantara Jaya .,0,1,0
"AJA PESIMIS, OPTIMIS AJA",0,1,0
"TERIMA KASIH thn 2025 PENGHUJAT MASIH MENCARA CELAH PROYEK NYA SGAR BISA BERKICAU , SEKARANG MEREKAN MENUJU IKN YG AKAN DI GORENG NYA IKN MANGKRAK , ...NEGARA JANGAN DIAM , BALAS DENGAN KERJA NYATA BAHWA BABGSA YG BESAR PANTANG MENYERAH APA LAGI HANYA DENGAN OMONGAN DAN TULISAN.....SAYA BANGGA JADI ANAK BABGSA YG BERJIWA BESAR MENGHARGAI APA YG SUDAH DI TOREH KAN OLEH PEMIMPIN , KALAU ADA KEKURANGAN ITU ADALAH GURU UNTUK MENUTUPI ITU.....BANGGA DENGAN NKRI...
💪 😄",0,1,0
Yang bilang IKN mangkrak adalah rocky gerung ama Anies dan kawan2 yg pembenci Pk Jokowi.,0,1,0
Istana garuda kebanggaan 😊,0,1,0
Kompak ya....😅😅😂😂😂😂😂😅😅,0,1,0
"Mewah banget bang ,",0,1,0
"OK BANG MANTAP SALAM SEHAT,HATINYA ,",1,0,0
Buat apa bermegah megah kalau rakyat nya menderita,0,1,0
Ibukota negara apa ya...,0,1,0
"Hanya kadrun yg benci ikn,,krna kadrun GK punya otak,,JD GK bisa mikir",0,1,0
Sepi amat...gk sesuai gembargembornya. Bentar lg jadi kota hantu klo gini teros.,0,1,0
"35,😮😮 1 malam,ngekos aja ngekos 😂",0,1,0
Itu garuda ya??😅,0,1,0
"Bangun ikan tapi sederhana aja sesuai kemampuan, ini kalo Indonesia maju, sebetulnya bisa kita SDA adatambang emas, mikel dll, hanya asing yg kaya, mestinya sama kaya jg kita kan milik kita , ilmunya dia, nakernya kita yg lebih banyak, kan makmur rakyat,,, ini dana nya yg wahh masuk ikn, dan naiklah pajak 2, BBM, listrik dll, kecuali kita kaya sept UEA oke,, Presiden Sukarno mau pindah ibukota negara, tp pikir 2,,, nda ngatur,, astaghfirullah",0,1,0
Malunya eluh orang2 munapik dan ediot,0,1,0
Hadiir,0,1,0
TERLIHAT SEPI BOS .. JELAS ITU MANGKRAK... YG BANYAK BERKEPENTINGAN DI JAKARTA/PULAU JAWA.. BIAYA BENGKAK NANTINYA YG ENAK PEJABAT² BUKAN MASYARAKAT... TANYAKAN SAJA SAMA ASLI SANA TERUTAMA RAKYAT MISKIN NYA...,0,1,0
Ini namanya kerator asli,0,1,0
mantep tenan ya koko calon Ibukota Baru Indonesia... Bravoo sllu indonesia maju,0,1,0
"satu titik proyek pekerja nya 5-7
bener sih ga mangkrak, tapi proyek merangkak.
semoga sehat sekalu para pekerja di IKN",0,1,0
"WOOI , TRIMAKASIH. MAS  INFO  NYA  IKN , TERNYATA  TIDAK. MANGKRAK",0,1,0
IKN. Kota impian...smart city,0,1,0
Kota mati,0,1,0
"Nanti waktu yang bisa jawab , mau kemana dan bagaimana keadaan Indonesia yg sesungguhnya",0,1,0
Bang lu orang ap😅,0,1,0
Swiss hotel punya Aguan.,0,1,0
"MEREKA YANG BENCI LIHAT IKN MASIH BEROPERASI DAN LANJUT PEMBANGUNAN ADALAH MEREKA² TANG DULU KALAU PEMILU KARENA JAGONYA KALAH, DAN SKRG GAK TERIMA DAN MEMBUAT FITNAH² GAK MASUK AKAL 😅😂
SEHAT SELALU PAK @jokowi DAN PAK @prabowo.
BANGUN INDONESIA MENJADI LEBIH BAIK LAGI YA PAK @prabowo.
TERIMA KASIH BANYAK",0,1,0
"Robohkan patung memalvkan itu.... 
Benar² mengambarkan arsitektur kita yg amatir tapi ambisius. 
Kalo belum mampu buat halgaruda yg identik, mending jangan dulu lah",0,1,0
Koh gmn klo kmu tinggal disana kyaknya lebih nyaman dari surabaya yg macet dan semrawut kendaraan itu. Enakan disana koh... Udara bersi lebih sehat. Mau ga kamu koh😂😂😂😂😂.  Ngomongmu ga ada pekerja yg pulang itu tae yah. Lowong sebagian dana saja dialokasikan yg lain. Logikanya kan pasti diperlambat pembangunanya dan sebagian pekerja pada pulang. Jdi gausah lah ngelihatin banget klo emank video pesanan. Yg alami alami saja biar pada percaya omonganmu,0,1,0
"Wong Iki ngomong opooo...
Di bayar Piro yoo..ngedabrus.",0,1,0
GA MANGKRAK LAH ORANG UDAH ADA DANA DARI OLIGARKI NEGARA LAIN MANA ADA YANG MAU INVES DI IKN UDAH KELILING MANA PUN GA ADA YANG MAU...,0,1,0
"Harus makin banyak ni info kayak gini tentang perkembangan IKN, untuk membungkam moncong orang2 nyinyir yg provokatorrrr",0,1,0
"Orang bodoh dan per7sak dan mengadu domba aja yang brani koar² bilang IKN tidak slse² di kerjakan 
Yaaa wajar lah IKN brapa ribu hektar di bangun 
Di kira bangun 1 hktar",0,1,0
❤Alhamdulillah. Masyaa Alloh ❤️ Qodarollahu wa masyaa a ❤️ Mantab ❤️,0,1,0
Cepat pindah ke ikn dong karena jakarta sudah sesak dan banjir,0,1,0
Semangat bang,0,1,0
"Harus lanjut jangan sampai seperti Hambalang yg Mangkrak .
Mulut melayu malaydes dan penjilat 2 malaydes sering menghina IKN bakalan mangkrak .
Mantap IKN Indonesia .",0,1,0
😮orang yang menyebut bahwa IKN Proyek Mangkrak.....ditinggalin menjadi Proyek Bangkai.....sesungguhnya mereka semua mengandung Genetika Dengki dan Iri Hati......sekalian JAWA CENTRIS...... bukan ..... INDONESIA CENTRIS......! MAJU TERUS IKN....INDONESIA BERJAYA..... NKRJ - HARGA MATI ...... 👍💕🇮🇩🇮🇩🇮🇩🇮🇩🇮🇩🇮🇩🇮🇩🇮🇩🇮🇩💕👍,0,1,0
Tapi para pembenci hanya bisa menyuarakan Bahwa IKN mangkrak...padahal sudah jadi bagus bahgan karyawannya ada yg sudah kerja sebagian...,0,1,0
"Abaikan nyinyir an Rocky gerung beserta para mahasewa nya, , abah beserta anak2nya, emak beserta petugas partainya, Mbah amin beserta cucunya😂😂😂 semoga IKN segera selesai",0,1,0
"Jakarta banjir, Bekasi banjir, dah Jabodetabek sdh ga kondusif lagi, kabur aja dulu ke IKN biar pikiran gak semrawut lagi pemerintahan nya",0,1,0
okey..! salam sehat saudara ku 💪💪💪,0,1,0
"Orang indo sangat mudah di manipulatif pikiranya oleh seseorang yang pandai merangkai kata kata.

Cuma liat seseorang ngomong terus dirasa meyakinkan besokny dia ikut""tan seakan paling paham bahkan menambahkan sedikit kata"" Dari orang yang di dengar.

Dan bodohnya mereka pun percaya tanpa mencari tau,masalahnya bangun negri itu juga gak semudah merangkai kata seperti si RG.

Kita butuh aksi bukan cuma Opini Yang hanya ada di imajinasi  !!!
Kalo cum ngomong tanpa aksi  lantas apa yang menjadi bukti,Semua orang juga sering berencana ini itu tapi saat penerapan tidak sesuai dengan ekspektasi sebelum benar"" Terjun.
Cobalah menjadi pintar tanpa membodohi orang lain.",0,1,0
Kerèn....👍,0,1,0
Kita liat aja nnti kedepannya he he he,0,1,0
Aahhh pasti mangkrak,0,1,0
Bangkrut....... bangkrut ni pasti ternak MULYONO,0,1,0
segitunya pembangunan untuk  para karupsi. sedangkan rakyat kecil tidak d pikirkan,0,1,0
Ikn gak ada  efek nya buat negeri ini kalau Rakyat Indonesia masih banyak yg blangsak yg cuma bikin orang orang koruptor kesenangan sementara masyarakat Indonesia pada susah jutaan Rakyat pada nganggur sementara para koruptor dan pemjilat nya mulyono pada silahkan kalian berpesta di dunia yg pana ini sementara Rakyat masih sengsara 😊,0,1,0
nusantara❤❤❤❤,0,1,0
"Trima kasih bang Andi
Kita diajak jalan2 ke IKN",0,1,0
Besar banget ikn nya,0,1,0
La kok sepi banget pada kemana oey,0,1,0
Biar allah saja yg menunjukkan.😂😂,0,1,0
Nampak sepi dn sunyi..tiada pekerjanya.,0,1,0
mata sipit semua. mana indonesia nya,0,1,0
Salam sehat selalu boskuh,0,1,0
Iyaw bener bang katamu garuda memeluk melindungi pejabat bukan melindungi rakyat🤭,0,1,0
"Proyeknya besar memang, dan besar pula biaya dan anggarannya..kemegahannya bukan milik rakyat seperti yg sharusnya..justru itu untuk para pejabat yg trkadang lupa bhwa mereka difasilitasi sekian mewahnya krna rakyat yg memilih mereka, bgmana mgkin pemimpin dikatakan baik jika mereka merasakan hal2 kemegahan sdgkan msih byk rakyatnya yg trkatung2 tdk memiliki hunian dan mknan djlnan..padahal tanah air ini dulu pahlawan perjuangkan demi rakyat..😢",0,1,0
Mangkrak itu kan harapan anak buah wong licik..itu tuh si emak banteng cs.,0,1,0
"Mending nginap di pedesaan. Gratisan, lebih sejuk, lebih adem, lebih bersih udaranya. 
Uangnya bisa buat sedekah dan beli kebutuhan.",0,1,0
Pembenci belum bisa menerima IKN Yg semakin mantap..  Sehingga buat opini ikn mangkrak.. 😂😂,0,1,0
Coba datang malam  lebeh keren,0,1,0
Keren,0,1,0
Terima kasih pak 🎉,0,1,0
Haraga hotel 🏨 satu hari ?,0,1,0
Pohon kenapa jadi gitu   kita museum apa ?   .saya suka denggar ini Bahasa 😂,0,1,0
😂 IKN 🦅🦅🦅🦅🦅🦅🦅🦅🦅🙏🏻,0,1,0
"Hasil tipu tipu, jangan pungkiri itu. Utang bertambah karena gx ada investor yang katanya ratusan sudah masuk, secara langsung berimbas kepada rakyat apalagi adanya efisiensi anggaran. Suarakan lah kebenaran, jangan bodohi terus rakyat hanya untuk junjungan kalian 😂😂😂",0,1,0
Ikn identik dengan Jokowi,0,1,0
Keren ikn,0,1,0
Gak bakalan mangkrak apa lagi kalau gak di korupsi pertamina 😅😅😅 cepet beres.,0,1,0
"Yg bilang mangkrak itu si Refly Harun, Gerung dan Sengkuni. 
Mereka pakai kaca mata kuda",0,1,0
"Orang sewaan wkwkwk, sebab area yg gak  bisa untuk umum dia bisa wkwkwk",0,1,0
seeprti roki gerong homosapiens itu hanya membodohoi orang2 yg memang bodoh😅,0,1,0
Luar biasa mantap .,0,1,0
Yang mangkrak itu otak pembenci Jokowi,0,1,0
Mantaappp rek,0,1,0
Duh mantap y mas bos,0,0,1
"Ini pulau bakal milik singapura nanti nya, sudah diperkirakan oleh simpson, lihat saja nanti biar waktu yang akan menjawab",0,1,0
"Joss ko,pancen smpyn arek suroboyo sing sangar. Liputanmu ws sekelas reporter mancanegara. Soto gk atek kecap✍️",0,1,0
Kmu kalah sma seon 125 reek rek😂😂😂,0,1,0
"Kalo sampe mangkrak, yaaaa... bangkrutlah Hasyim 😄",0,1,0
Rumah dinas sampean sebelah endi cak? 😀,0,1,0
Yg blng mangkrak cmn orng yg ga senang aja ama proyek IKN sya orng asli orng balikpapan bru lewat 2 hri yg lalu lewat IKN selalu rame pengerjaan ya walaupun ada beberapa pekerjaan yg pulang kampung tetep msih rame pengerjaan nya,0,1,0
Sudah oparsi sepi rame warung kopi surabaya ?,0,1,0
"Sy tinggal di Balikpapan, Pembangunan jalan teruss..
Gak ad yg nama nya mangkrakk..",0,1,0
"halah..... biarpun masih berlanjut itu untuk menfasilitasi pejabat....
lalu.......bagaimana dg rakyat miskin,apa benar negara sdh bertanggungjawab kpd mereka ???",0,1,0
Tetap aja pada fokus nyari duit di jakarta .. KLO mau tau aslinya disini jangan cuma seminggu kaya orang liburan ..coba menetap 1 tahun 😊,0,1,0
"IKN PROYEK MATI. TIDAK AKAN ADA KEHIDUPAN DISANA. SIAPA YANG. MAU TINGGAL DI DAERAH YANG TANDUS SEPERTI ITU.. DIMANA MAU AMBIL KEBUTUHAN SEHARI-HARI. 
BIARKAN SAJA MANGKRAK KLU TIDAK ADA ANGGARAN",0,1,0
04:37 wkwkwk ko ko bisa bisanya micnya masih nyantol di security jadi kaget kan ada suara ghoib ,0,1,0
Kan yg bilang Ikn mangkrak kan cuma si Roki Gerung yg bisanya cuma Gerung Gerung  . Gerung emang tukang ngibul dan asli seorang provokator,0,1,0
Bang...😊,0,1,0
lah di fyp tiktokku ternyata astagfirullah akeh sing hoak terkait IKN. mana di Mata Najwa nanya ke Jokowi juga gt.,0,1,0
Wes karep mu.... wong waras ngalah.......,0,1,0
"Itukan udah jelas kantor mas gibran aja belum siap..
Pekerjanya sepi ..karena upah murah",0,1,0
"Yg sudah 100% siap itu ya Hotel nya ya Wajarlah...bisnis..
Tapi Project IKN Ya belum siap lah...
Upah tukangnya di bayar murah banyak yg tak pulang..",0,1,0
ikn mantap,0,1,0
TERNAKNYA MULYONO MULAI BER JOGED  UDAH DAPAT BANSOS,0,1,0
semoga penarikan aset korupsi PERTAMINA bisa di alihkan ke APBN 2025 untuk pembangunan IKN,0,1,0
Bukti nya saiki jkt banjir besar tgl 4 maret 2025,0,1,0
"Koh andy ,,awas gosong loh yo 😅😅😅😅",0,1,0
Mantolll pembawa acaranya sehat sellu bro.,0,1,0
"Ubur ubur ikan lele...paijo bangun rumah ngutang lee...


Yg dijakarta sj belum menguntungkan buat rakyat",0,1,0
Semoga banyak yang mo tinggal di sana 😂,0,1,0
"Doakan bukan magrak justru biar semua terus berjalan karna didalamnya banyak pejuang keluarga untuk memberi makan anak istri, yg ku mksd para pekerja",0,1,0
😂😂😂😂😂,0,1,0
"Tergantung kebijakan pemerintah pusat,anggaran nya kan dari negara bukan dari mulutmu",0,1,0
"Influencer mulu yg ke IKN, akademisi mana sih",0,1,0
Mulut nya lebar betul,0,1,0
"Ketika when menjadi become, maka then akan will.",0,1,0
"Mantap IKN,pk Jokowi memang hebat dan jujur sht sllu pk jokowi",0,1,0
Hanya para pembenci Jokowi yang mengatakan IKN mangkrak..,0,1,0
Astagfriloh gila keren banget ya IKN. Jadi mau pindah kesana jadi nya . Ayo pak Prabowo kita dukung lanjutkan semuanya😂,0,1,0
"Alahhh....rakyat udah cerdas x. 
Semua pejabat pusat sibuk di Jakarta bukan di IKN 😅.
Yg disorot bisa aja settingan buzzer dan kroninya si Jok*dok 😅😅😅",0,1,0
Amin semoga tetap eksis pembangunannya,0,1,0
Masku bayaare mundor... dadi tukang nok kono.... piye solusine...,0,1,0
bang gw pusing liat kamera lu yg pas di swissotel nyaa wkkw,0,1,0
ngabisin duwit yg ada klo udah habis.bklan mangrak.,0,1,0
"Terimakasih ko sudah mengajak melihat progress IKN
Keren",0,1,0
Jakarta jawa barat wes gak bisa diselamatkan dari banjir. Ees ramalan jayabaya,0,1,0
Pegi lah lu kehutan,0,1,0
"Cuma orang orang berhati gelap busuk dan dipenuhi kebencian yang selalu bersuara skeptis dan mengharapkan kegagalan IKN... Kesuksesan IKN melambangkan kemampuan Bangsa Indonesia untuk berkiprah dalam permbangunan Super Masif....

Mari dukung dan sukseskan pembangunan IKN, mari awasi para pelaksana pembangunan IKN agar menjalakan amanah rakyat dengan sebenar benarnya tanpa korupsi... MAJULAH INDONESIAKU...🇮🇩🇮🇩🇮🇩🇮🇩",1,0,0
berisik amat mas..... pelan pelan ..aja ngomong nya,0,1,0
"Alhamdulillah tidak ada rencana dibangun gedung DPR. Itu artinya apa kawan2,,???",0,1,0
Mauya di pintu utama patung hanoman dibuat sebesar besarya biar jagan masuk yg itu,0,1,0
silahkan yang mau jadi pemborong di ikn .. 😂,0,1,0
Biasa settingan intuk prncitraan. Krlihatsn gaya bicaranya. Kalau bank dudah buka nadanahnya darimana.,0,1,0
Buzer dikerahkan.,0,1,0
"Ayo cepetan pindah ke sana IKN, nnt gak kebagian",0,1,0
Mudah2an bisa sampai.le.IKN daripada jalan2 ke tempat.lain...kota ygbpenuh dengan jalan macey,0,1,0
Ngga usah sebut merk..sebut aja naik mobil...sombong banget .!!!!,0,1,0
hoax yg dihembuskan orang2 yg punya aset dijakrta .takut harga jualnya turun😂😂😂..,0,1,0
Melindungi para pejabat yang korupsi 😅,0,1,0
Saya unlike mas maaf ya buzzeer,0,1,0
Kalau memang benar ini semua ya Alhamdulillah.,0,1,0
Apakah disini ada petaminanya?,0,1,0
Saya bosan di titik 💯 😭🤣🤣🤣,0,1,0
"Ada tapi tidak masuk otoritas IKN  di penajam P
asir utara",0,1,0
Bangga punya lokasi IKN dan kumpulan bangunan mewah yang mengangkat wajah INDONESIA NKRI 🙏,0,1,0
Jangan syooook.,0,1,0
"Mencela adalah perbuatan yang paling mudah karena modal hanya mata, lidah suara yg tdk perlu dibeli,yg sulit itu kalau membangun sesuatu yg memerlukan pemikiran, perencanaan, biaya, tenaga, dan perlengkapan dsbnya",0,1,0
Bersih kan korupsi sebelum pindah ke ikn 🎉🎉🎉,0,1,0
Mas ajak dong saya ke ikn saya pengen sekali ke IKN kelihatanya idah sekali,0,1,0
Tandai orang orang yang menghasut IKN mangkrak dan yg menjelek jelekan pembangunan IKN biar mereka dan keturunannta jangan sampai menginjakan kakinya di IKN.,0,1,0
liat aja kedepan ...  gak pake berisik ?!..😁😁😁,0,1,0
"Sangat indah bagi kalangan elit, dan kaum penting",0,1,0
Keren jadi pengen ke IKN nih,0,1,0
"Ada yang tau arti mangkrak,, ayo 58% tunjukan goyangan mua",0,1,0
"Bangunan bagus, cuma uang nya gak ada, jangan maksain, dampak nya bikin susah rakyat",0,1,0
Kalo tidak pakai uang negara yg pakai pajak rakyat apa orang2 itu masih tinggal di IKN apa masih ada orang kerja3 coba stop uang dari negara apa kamu bisa ngomong,0,1,0
"Mana pembully jokowii muncullah
Gak melihat banyak peninggalan pak jokowi.sehat selalu pak jokowi",0,1,0
Alhamdulillah......ikn mangrak .,0,1,0
Keren makasih mas.. Semoga suatu hari nanti bisa ke IKN.. salam dari Ambon,0,1,0
"keren mas, terimakasih sangat mengedukasi. btw camera ne sampean niku nopo mas?",0,1,0
Ndase ktanya ikn mangkrak spa bilang GK seneng ya GK seneng jngn gtu dong,0,1,0
Semoga nanti ada rejeki nya bisa berkunjung ke IKN.,0,1,0
"Beda nu ulin jeung nu gawe mah,, 😂😂😂",0,1,0
"terlihat sekali mangkrak belum ada perpindahan masif sebaiknya dihentikan pak prabowo berharap fokus ke pembangunan sumber daya manusia dulu , investor belum masuk",0,1,0
Kepala Garuda mana di IKN 😂😂😂🤣,0,1,0
Yooo di tunggu klw memang tidk ngangkrak,0,1,0
Kepo banget,0,1,0
Cangkemmu cok...bangga banget...sadar ora itu anggara apbn bukan investor....,0,1,0
Malah fokus sibuk baca² comen😅😅😅,0,1,0
"Nah ngene to mas,dadi ketok ora di kiro mangkrak
Entuk tambahan duit seko koruptor ratutan triliun yo jelas iso berjalan pembangunan lan program makan gratis aminn",0,1,0
"IKN iku perlu di terusno, tapi yo Ojo lali Karo wong cilik ijek akeh seng kaliren",0,1,0
Mantab karya anak bangsa.,0,1,0
Itu strategi Korea yg sakit hati,0,1,0
Untung yg kerja di hotel tu.. hahaaa semalam 35jt😃😇🙏,0,1,0
Yawdah pak Prabowo cepetan pindah kesana bg,0,1,0
Tinggal lah di situ brapa triliun  yang hebat itu,0,1,0
Uang rakyat dihabiskan pejabat ke IKN,0,1,0
"Rakyat tidak bisa menikmati kemewahan...IKN diperuntukkan pejabat, rakyat cuma nyumbang donasi...",0,1,0
Uang rakyat pejabat yg menikmati...miris,0,1,0
tim soto pake kecaopp😂😂😂😂,0,1,0
"Bosomu kok medhok banget, rek. Asli Surabayakah? Salam.",0,1,0
"Ngomong apa sampean,pikirin tuh karyawan yg di PHK ,kasihan mau lebaran.",0,1,0
79 cm😭😭,0,1,0
"*_matur nuwun wes di jak review ke ikn,hotel Swiss nusantara.gak perlu kesana, cukup nonton video ini sampai habis.mantap om_*",0,1,0
"TAR IKN AKAN JADI MONUMEN IBUKOTA POLITIK.
ATO JADI TEMPAT WISATA KAUM SULTAN .salam akal sehat dari Bumi BORNEO 🙏",0,1,0
Makasih Bang Infonya Aku memang bukan Orang Kalimantan Tapi Aku seneng Lo 😊,0,1,0
"Bang dibayar berapa untuk reviewnya.. kalau benar tidak dibayar berarti bang kekurangan informasi tentang ikn, seharusnya mengupdate perkembangan politik dan situasi negara ini, supaya tahu sungguh bobroknya negara ini, salah satunya disebabkan oleh ikn😊",0,1,0
keren 🤗🤗🤗,0,1,0
Kereen pengen ke Sono tapi jauh rumahku di jateng😢,0,1,0
Proyek memaksakan..!! coba anggaran  nya di tendang ke pendidikan  kesehatan lapangan pekerjaan  di mudah kan baru Saya salut sma jokowi  saya doain jokowi  masuk surga!!,0,1,0
melok ko,0,1,0
Saya asli orang kalimantan tengah...saya bukan main lgi di IKN tp kerza dsna😅😅😅,1,0,0
"Ora bangga 
Hanya mementingkan oligarki 
Tidak mementingkan rakyatnya yang lagi pailit",0,1,0
😂😂😂 gak kehidupan...,0,1,0
IKN ? Saat ini ngak ada mamfaatnya bagi rakyat. Yg untung hanya sebagian org saja dr proyek iini.,0,1,0
Ikn kebangaan org kalimantan ..entah org sono😁 yg slalu bilang mangkrak,0,1,0
buaya mana buaya kata bang roky,0,1,0
"Sbgai influenser - Sampean kebagian Tender.. ato ada keuntungan apa Mas.. 
Brti Anggaran APBN Masih mengalir kah..?",0,1,0
Ok sy SBG rakyat lkut senang,1,0,0
😂😂😂😂😂😂,0,1,0
Ngacoo  lu,0,1,0
jawa penjajah,0,1,0
Klihatan banget klo influencer nya 😂😂😂😂,0,1,0
IKN yahh mana suaramu,0,1,0
Klo nginep ya takut.  Sepi.,0,1,0
Istimewa buat pengikutnya,0,1,0
"Maaf kenapa mas dari Surabaya,kok gak bawa Amin Rais,Roky Gerung dan refly Harun,ke ikn",0,1,0
"Gpp yg blg ikn mangkrak biarin dgn pendirian nya, waktu juga lah yg akan menjawab kebenaran nya, sy sebagai warga indonesia meski jauh dari IKN sy selalu ber doa agar kiranya ikn ber jaya, 1,5 thn yg lalu masih hutan belantara, tapi saat ini dah jadi kota yg sgt megah, tak ada kabel ber seliweran di angkasa, tapi listri jika malam ber sinar menakjub kan, ini bener""kota modern yg baru ada di Indonesi, kita sebagai warga indonesia dah seharus nya merasa bangga, bkn nya mencemoh karya bangsa sendiri.",1,0,0
"Wawwww gilaaa IKN LUAR BIASA  HEBAT"" IS THE BESS  ❤❤❤❤❤❤❤❤❤ JOKOWI👍👍👍👍👍",0,1,0
"Yg blng mangkak itu orang"" yg g suka  dg pk JOKOWI PRESIDEN K 7  MANUSIA "" MUNAFIK ITU",0,1,0
Ngomong apa kau ngk ngerti...,0,1,0
Tetap semangat sehat,0,1,0
Mana stesen PERTAMINA?,0,1,0
Yg bodoh itu adalah yg ngomong doang dgn mengabaikan fakta,0,1,0
Lihat aja entar bakal jadi gak?,0,1,0
"Itu kan sepi ,,,seharus nyo Sagat mamei  pekjanya",0,1,0
👍👍👍👍👍👍👍👍👍👍👍👍👍👍👍👍👍👍👍👍👍👍👍👍👍👍👍👍IKN,0,1,0
❤❤❤❤❤❤❤❤❤❤❤❤❤❤❤❤❤❤❤IKN,0,1,0
Ikn ok urs mantab bagus cantik,1,0,0
Yg mangkrak tu amin rais ds rf rg as dll,0,1,0
Satpam pekok gabisa bilang R,0,1,0
Gara2 IKN Zinilah hancur Negara.RI ini bukan DUSUN Pak jadi habiskan uang negara buat IKN apa gunanya.,0,1,0
Sepi bang.. pekerja nya bisa di hitung pakai jari buat pembangunan sebesar itu,0,1,0
"Yg belum di bayar gajinya itu tanya sama yg pemborong nya ,nnt yg di salah kn pk jokowi ok sabar ya yg kerja ikhlas insya allah rezkinya melimpah Aamiin yra",1,0,0
Kalau memang sudah baik....sempurna .Ketata dengan baik kenapa para petinggi di Negeri ini tidak pindah itu harus di pertanyakan ada apa sebenarnya..... Karena pembangunan ikn dulu sebelum Jokowi lendet dia berjanji akan berkantor di sana....adaapa sebenarnya....,0,1,0
Mentri2 nya suruh tinggal di IKN... Biar percaya rakyat nya... Ayo mulai pindah... Ada Yg mau?,0,1,0
Bukan kehendak kami mau ikn jadi ibu kota tapi ke inginan dari pusat ikn hanya sebagai kantor bukan pindah kota paham semua nya,0,1,0
Angaran ancur ini segala naik harga ternak ternak,0,1,0
Ngoceh.mu enggak jelas,0,1,0
Aku gak hanya fokus sama cantiknya bangunannya tapi aku fokusnya ke awan di langitnya indah2 banget bentuk awannya cerah banget👌👌❤❤😊,0,1,0
KEAT KEAT MATA LOE LEBAR.,0,1,0
Siapa bilang IKN.mangkrak nyatanya masih banyak.yg kerja,0,1,0
Cak tapuken cangkeme sing ngomong mangkrak.....,0,1,0
"keren IKN ku, maju terus, para pembenci Jokowi jgn di ajak ke IKN ya,🤣🤣🤣🤣",0,1,0
Dri banten g prlu kunjung di ikn.buat rumah kuntil aj,0,1,0
Nah lohh... Kenyataannya beda dgn info dari kelompok sebelah yg sakit hati.  Yg rewel.. Yg suka fitnah2...tambah malu aja ya kelompok sebelah  ..semakin rendah  derajatnya.... Semakin ngawur..,0,1,0
Pemerintah sgj tdk koar2 pdhal pembangunan jln terusm,0,1,0
Kampret,0,1,0
Keren juga IKN ya. Tapi seperti kota sepi. Apa ini akan menjadi kota maju kedepannya apa gmn y?,0,1,0
"hahahaha masa sih IKN  kecil sekali ya , kayaknya  kok lebih luas  PIK 2   , ..kita rakyat hanya bisa melihat saja , ambisi yg terlalu di paksakan disaat indonesia masih banyak hutangnya, kalau uangnya utk bayar hutang, aman dah negara ini, smoga informasi mas andi berguna bagi yg berkepentingan dengan IKN.",1,0,0
😂😂HOAX,0,1,0
😏,0,1,0
Keren bagus banget ikn,0,1,0
Emg gk mangkrak.tp turunya uang susah.sering gajinya telat.kita aja ngerjaaiin gedung oikn.klo gk rame demo gk bakal keluar orangnya,0,1,0
BuzeRP....BuzeRP....BuzeRP,0,1,0
Hadeeeh bazeeeer bazeeer,0,1,0
ISTANA KELELAWAR BRO ... 🤣🤣🤣,0,1,0
"Kasihan hakhak masyarakat menengah kebawah yg mana dana tuk pembangunan & semua fasilitas di IKN ada uang/hak rakyat kecil disitu
Mau brp sekian rupiah lg yg akan dipertanggung jwbkan oleh para kaum penguasa 😂 ingat akan ada yaumul mizan dihari akhir nanti wahai para pemimpin, tolong amanah yg bnr-bnr amanah dlm menjlnkn tugas kalian para ASN",0,1,0
Yg benci    iya benci biarin aja... NAnti. Kan    leleh sendiri,0,1,0
Bawak aja sanak kluarga mupindah kesanaikn muproyek jokower,0,1,0
loh orang saya yg kerja di ikn kok di bilang mangkrak wkwk,0,1,0
mobilnya pake bensin Pertamax😅,0,1,0
Mantab IKN♥,0,1,0
"Mau mereka ibukota tetap di Jawa biar hidup senang,hari hari demo  biar dapat mkn.",0,1,0
Pembangunan tetap berjalan akan tetapi ibukota tdk perlu pindah karena d IKN jg banjir😊,0,1,0
"Mendingan buat bangun PIK
Paling nggak bisa berguna banyak orang bisa ikut menikmati suasananya",0,1,0
"Kok dibilang mangkrak???IKN sudah menjadi ibu kota NKRI, status jakarta sekarang sudah menjadi DKJ, lanjutkan IKN mantap 💪💪💪👍👍👍",0,1,0
Nanann...,0,1,0
"Banyak omong… 
Masyakat nggk bodoh2 amat.",0,1,0
Kok ga ada warteg / warung kopi kecil gtu mas? Ga biasa makan minum ditempat sperti itu. Terlalu mewah buat aku,0,1,0
Kya nya Bpak Security ini org Banjar 😄,0,1,0
"Pasti ngk ramai,,karna jauh dari jangkauan,,klu untuk orang yg berduit y pasti lh sampai",0,1,0
"y mangkrak,, kl buzer kan usaha hhhhhhhhhhh",0,1,0
"Ini sisaan doang, abis itu ya mangkrak, mungkin sisa bbrp bulan doang yg sudah dibayar kmrn2... Tunggu tanggal mainnya",0,1,0
September 2024 baru ke IKN... Trus sekarang lihat vlog ini Februari 2025.. ya banyak banget progres pembangunannya... Mangkrak darimananya... Yang belum kesana bisa aja nyimpulin sendiri lawong ga lihat langsung... Iyain aja percuma debat sama orang yg belum lihat secara langsung.,0,1,0
Lah g mmpir nang omah ku ko 😂,0,1,0
"Menurut sy, Swiss Hotel itu tidak akan bertahan lama juga semua bisnes yg ada di sana. Kita tunggu & lihat apakah benar tekaan sy 😂😂  jika begitu IKN nya semua pembisnes akan cabut lari 😂😂😂 RUGI....😂😂😂",0,1,0
Dibayar piro sampean cak?,0,1,0
Lagian ngapain lu percya omongan orng. Gw yg tinggal di sini dan punya teman yg kerja di proyek ikn masih anteng aja. Itu cuman mulut anak abah,0,1,0
Kalau jd pindah ikn gedung di jkt yg mangkrak,0,1,0
Mantap benar  luar biasa   kenangan  pa  presiden  jokowi,0,1,0
"Wao hebat, pak Jokowi Brafo.",0,1,0
"Wah keren ini yak. Salah berarti orang2 selama ini. Ternyata pembangunan jalan terus. Simbol Nusantara akan terbentuk. 

komentku adalah tujuan kontent di buat 😂",0,1,0
Kemungkinan tidak lancar...sebab banyak yg kerja disana gajinya sering terlambat,0,1,0
"Mas kebanyakan masyarakat menolak indonesia maju bro, IKN aja dibilang gak guna🥲🤌. Miris bet lah mending lu tinggal di hutan aja gausah keluar kota. Pantesan kita dihina kera dari orang barat🦶🦶",0,1,0
Jiwa anak banteng dn anak abah makin meronta2 ni liat vidio😂😂😂😂,0,1,0
Namanya mangkrak itu lum ad penghuninya😂,0,1,0
"Memang sepi kalo dari videonya,dan memang mangkrak ga ada pekerja proyek nya mulai awal video tadi,",0,1,0
8.12 😂😂 35 jt buat 1 minggu tapi buat 1 malam,0,1,0
Klo skrng memang masih ada yg kerja sampe abis lebaran baru pada bubar.yg di maksud mangkrak ya nanti liat setelah lebaran apakah benar atau tidak issue nya,0,1,0
Koh andy sudah terinfeksi sama dokter tirta 😂😂 password nya MAKAN SOTO JANGAN PAKAI KECAP 😂😂..koh andy SALAM BUAT MAMA ELLY YA❤❤sehat s lalu lancar rezekinya اللَّهُمَّ صَلِّ عَلَى سَيِّدِنَا مُحَمَّدٍ وَعَلَى آلِ سَيِّدِنَا مُحَمَّدٍ,0,1,0
IKN Adalah Simbol Kemajuan Indonesia,0,1,0
Mantap abang agar masy tahu bahawa IKN tetap di kerjakan,0,1,0
Ko sepi banget kaya apa ya itu😅,0,1,0
Setelah melihat,0,1,0
Gersang sekali dan sudah membabad paru paru dunia 1/3 hutan kalimantan dan sudah makan tumbal aneka hewan dn jenis tanaman musnah...sayang sekali klu sampai mangkrak begitu,0,1,0
Buzzer,0,1,0
Mungkin karena hari Minggu ... Gak ada yang bekerja... Yakan GAESSS,0,1,0
Sdh enak jkrta jdi ibu kota knpa di alih kn ke ikn klimntan Utara GK masuk di akal siapa yg bikin i.de  pusing ag mikir x,0,1,0
Kaltim hadir bang,0,1,0
Maksud kecap manis apa,0,1,0
Tanah sumatra begitu luas nya.mngapa ikn di buat di kalimantan tempat jin buang anak sungguh terlalu....,0,1,0
"*Yang memfitnah IKN karena sebenarnya mereka juga ngincer properti di sana, jadi supaya saingan berkurang 😂*",0,1,0
"Yg bilang mangkrak itu biasanya, org yg tidak dapat melakukan/ kesempatan korupsi, wkwkwkw",0,1,0
"Beberapa hari Yang Lalu saya ke IKN , kebetulan menginap di swissotel, yang letaknya didalam IKN. pagi2 Dapat pinjam sepeda gratis untuk keliling IKN, jam 7 masih Sepi, sangat beruntung Karena belum panas dan cerah,Tapi memang semua proyek masih berantakan dan katanya pekerja sudah dikurangi banyak. Hotelnya pun sepi, pas waktu sarapan hanya tim kami 6 orang yang makan. Semoga IKN lekas selesai, dan orang parlemen pindah semua…😊😊😊😊 notes itu yang pakai baju merah di depan hotel orang Kalasan Jogja. Dan ceff nya orang magelang. Sempat kenalan sih ternyata tetangga se daerah.😂😂😂",0,1,0
Bang Andi ga stadion Nusantara bang,0,1,0
Proyek mangkrak Mulyono menyengsarakan rakyat Indonesia anjay 😅,0,1,0
Hotel nya Kok sepi ngak ada pengujung pasti bengkurap nanti nya .,0,1,0
Tolong satpam bahasa banjar nya jgn mencolok 😂😂,0,1,0
Bangun IKN tapi rakyat sengsara...itukan bisnis  penguasa..yg senang juga pejabat😢😢😢,0,1,0
"Banggalah jadi rakyat Indonesia,walau bagaimanapun semoga ibukota baru segera jdi",0,1,0
"Pasti pendukung baterai 16% dan anak-anak buah ABAH yg terus bilang, pembagunan mangkrak 😂😂. Dan sdh terbukti pembangunan ikn dan infrastruktur lainnya di masa ke pemimpinan pak Jokowi ❤❤❤",0,1,0
Mantap mas koki beri paham orang yg sakit hati,0,1,0
sy orang balikpapan cinta IKN  ❤,0,1,0
"Ntar kalau IKN jadi, semua para pembenci juga bakal nyari kerja disana😂 manusia munafik gak usah diurusin. Mereka miskin karena ada sebabnya😂 Mereka gak sadar telah diazab😂",0,1,0
Mmpir asn 4 gk bos,0,1,0
Rumah warga dmna bg??,0,1,0
35 juta satu malam😢😢,0,1,0
❤❤❤,0,1,0
Pendduknya mna ky jakarta gk,0,1,0
proyek omon2 ini terus ga ada yg berani ngomongin money laundry nya lagi hebat saya bangga di Indonesia ini yg kaya makin kaya yg miskin makin miskin!!!,0,1,0
Mana boleh mangkrak jika ianya proyek raksasa sesebuah kerajaan.. Pemerintah akan cari jalan agar bisa berjaya.. Maju terus Indonesia..,0,1,0
Norak banget Lo bg..,0,1,0
"Klau gk mngkrak kak, knapa bnyak yg di phk,, tempat kerja suami saya, bnyak yg di pulangkan",0,1,0
emang sudah bisa masuk ke IKN ?? mohon jawab ya min,0,1,0
Bapaknya cadel r kasian 😅😅,0,1,0
"Pembangunan dari hasil hutang ribawi rezim paling korup menurut peneliti independen,,,,,,tinggal nunggu waktu kehancuran nya cepat atau lambat dunia sementara,,,,,,",0,1,0
"Salam dari Malaysia.
Logik nya pelaburan sebesar ini tidak akan dibiarkan rugi. Projek ini pasti akan berjaya. Tahniah.",0,1,0
"Ko, ada orang jual soto g disana",0,1,0
BuserRP😅😅😅😅,0,1,0
Cuma mimpi.tutup aja buat wisata pisang goreng dan somel,0,1,0
coba bilang R,0,1,0
Kwerenn antum ko 👌👌🔥,0,1,0
Salah satu kegunaan anggaran ikn digunakan untuk membayar konten ini,0,1,0
Dipakainya ikn setelah kiamat yah 😢,0,1,0
Saya kemrin kesana Sepi mau kesana hutan kiri kanan sepi  😢,0,1,0
"Masa Allah bangunan pa Jokowi luar biasa,masih ada rakyat menyalahkan pa Jokowi,pa Jokowi berjasa sama bangsa dan negara",0,1,0
79cm cok tertinggi di Indonesia😭🤣,0,1,0
Keren abis....❤,0,1,0
"Saya juga mau ke IKN bang , mau lihat pembangunan RS Panti Rapih disana proses pembangunan sdh spt apa",0,1,0
Sampe lu tuwir ga bakalan rame itu ikn😂😂😂,0,1,0
Saya yakin pak Hasan security orang Sumsel dari logatnya 😆😆,0,1,0
Sepi ya,0,1,0
Satu malam 35 juta?,0,1,0
Ikn kota banjir bos,0,1,0
"Gue sangat respect dg tayangan ini,,,, dan akhirnya gue ga berkeputusan bulan juni setelah lebaran kami akan main ke IKN,,,, kemang jaksel cussss IKN,,,, prepare dari skr,,,,, ❤❤❤❤❤ DEAL 👍👍👍👍👍",1,0,0
"Pembangunan yang dipaksakan, pantes warganya juga sama. Gak punya duit, tapi gaya selangit.",0,1,0
Namanya juga ikn gelap buat apa bongkar aja dikiloin lumayan,0,1,0
IKN memang top markotop tiada dua nya di dunia...,1,0,0
Joooooos❤,0,1,0
Saya asal priangan berpendapat siapa yang nanam pasti panen.,0,1,0
ya elah yg disitu PNS dipaksa pindah semua hahaha,1,0,0
Insyaallah kalau punya rejeki cus kesini,0,1,0
"Sekarang minta tolong. Waktu perencanaan pembangunan nya , masa bodohdengan pendapat rakyat. Betapa sok nya jokowi beserta orang orang nya. Yakin nya mereka bangun ikn, tidak mempergunakan kan uang negara. Pasti bisa. Ternyata apa yg terjadi. Keteteran. Ini bangun ibu kota negara pak.perlu persiapan dana yg khusus, dan juga perhitungan yg matang",0,1,0
Saya sendiri warga sepaku..ikn itu gk mangkrak..klo saat ini memang berkurang pekerjanya..tp masih jln sebagian..apa lagi pembangunan di bagian jln masih aktiv,0,1,0
Sampurasun Rahayu terimakasih Bp JOKOWI IKN makin NYATA...saya PERCAYA kerja nyata anda tidaklah sia sia...,0,1,0
"Tak ada presiden seperti jokowi yg bisa membangun ini,nyata",0,1,0
"Dari semua video ini, Sy hx suka vlognya abang... bagus membawakannya seperti ga lagi recording... Luar biasa... Lanjutkan bang!🤝🤝🤝",0,1,0
Berau kaltim nyimak om 😅,0,1,0
𝘼𝙣𝙖𝙠 𝘼𝙣𝙖𝙠 𝙣𝙚𝙣𝙚𝙠 𝙢𝙚𝙜𝙖. 𝙎𝙚𝙡𝙖𝙡𝙪 𝙣𝙜𝙤𝙢𝙤𝙣𝙜 𝙞𝙠𝙖𝙣 𝙢𝙖𝙣𝙜𝙠𝙧𝙖𝙠. 𝙆𝙖𝙡𝙞𝙖𝙣 𝙠𝙪𝙧𝙖𝙣𝙜 𝙟𝙖𝙪𝙝 𝙢𝙖𝙞𝙣𝙣𝙮𝙖 𝙠𝙖𝙬𝙖𝙣 😂😂,0,1,0
Ikn membagun berarti Singapore yg untung sebab bila nk ke sana mesti lalu nya Singapore n Sarawak sebabnya juga tk jauh bersempadan dgn Sarawak kelimantan barat rasa nya di ujung kelimantan menyemberang laut cina antara Borneo dgn jawa .terus lh yg baik2 semoga maju jadi bangaan indonesia tapi jgn sombong2 bodoh bila maju jgn mengejek orang lain bersyukur ada lh yg terbaik jaga tata susila perkataan supuya bertambah maju negara kebanggaan indonesia,0,1,0
Buktikan bang IKN tidak mangkrak .. Seperti kata sengkuni yg ngiri akan prestasi org,0,1,0
Kenapa ibukotanya belum Jadi dipindah?,0,1,0
ga tahan lama itu... ntr juga jadi hutan lgi,0,1,0
Rrrrrr😂,0,1,0
"Wahhhh, presiden Jokowi ke7 pasti rindu sama ikn , KLO begini Sabar , pak Jokowi, ikn pasti beres di lanjut kn oleh presiden Prabowo takkan ada yg namanya mangkrak ini , simbol kebesaran Negara bro. Dan ini tanggung jawab seluruh rakyat Indonesia ...setidaknya wajah baru kemandirian rakyat Indonesia bukan peninggalan jaman penjajahan ....oke yg nyinyir itulula penjajahan zaman kini...🇮🇩🇮🇩🇮🇩🇮🇩🇮🇩🇮🇩🇮🇩🇮🇩🇮🇩🇮🇩🇮🇩🇮🇩🇮🇩🇮🇩🇮🇩🇮🇩🇮🇩🇮🇩🇮🇩🇮🇩🇮🇩🇮🇩🇮🇩🇮🇩🇮🇩🇮🇩🇮🇩🇮🇩🇮🇩🇮🇩🇮🇩🇮🇩🇮🇩🇮🇩🇮🇩🇮🇩🇮🇩🇮🇩🇮🇩🇮🇩🇮🇩🇮🇩🇮🇩🇮🇩🇮🇩🇮🇩🇮🇩🇮🇩🇮🇩🇮🇩🇮🇩🇮🇩🇮🇩🇮🇩🇮🇩🇮🇩🇮🇩🇮🇩🇮🇩🇮🇩🇮🇩🇮🇩🇮🇩🇮🇩🇮🇩🇮🇩🇮🇩🇮🇩🇮🇩🇮🇩🇮🇩🇮🇩🇮🇩🇮🇩🇮🇩🇮🇩🇮🇩🇮🇩🇮🇩🇮🇩🇮🇩🇮🇩🇮🇩🇮🇩🇮🇩🧑‍🎄🧑‍🎄🧑‍🎄🧑‍🎄🧑‍🎄🧑‍🎄🧑‍🎄🧑‍🎄🧑‍🎄🧑‍🎄🧑‍🎄🧑‍🎄🧑‍🎄🧑‍🎄🧑‍🎄🧑‍🎄🧑‍🎄🧑‍🎄🧑‍🎄🧑‍🎄🧑‍🎄🧑‍🎄🧑‍🎄🧑‍🎄🧑‍🎄🧑‍🎄🧑‍🎄🧑‍🎄🧑‍🎄🧑‍🎄🧑‍🎄🧑‍🎄🧑‍🎄🧑‍🎄🧑‍🎄🧑‍🎄🧑‍🎄🧑‍🎄🧑‍🎄🧑‍🎄🧑‍🎄🧑‍🎄🧑‍🎄🧑‍🎄🧑‍🎄🧑‍🎄🧑‍🎄🧑‍🎄🧑‍🎄🧑‍🎄🧑‍🎄🧑‍🎄🧑‍🎄🧑‍🎄🤡🤡🤡🤡🤡🤡🤡🤡🤡🤡🤡🤡🤡🤡🤡🤡🤡🤡🤡🤡🤡🤡🤡🤡🤡🤡🤡🤡🤡🤡🤡🤡🤡",0,1,0
Loala cak arek suroboyo gk ngerti ngunu2ku cak😂,0,1,0
Apapun dilakukan demi pajak meningkat ujung2 nya rakyat yg menderita 😂 teruss pendukung pemerintah matii2an Saya pikir hidupnya bakalan enak seperti Para pejabat eh gakk tauu nya hidupnya jugak susah Dan masih mencari makan sana sini tapii dgn lantang membela Para elit kan kocak. Pikir gakk ada yg bisa di banggakan samaa Para pejabat di Konoha apa2 uwanggggggggg😂.,0,1,0
"Coba suruh para pejabat Dan pendukung si Mulyono tinggal di sana untuk selamanya. Mau gakk?
Buktinya gakk ada yaag mau 😂😂",0,1,0
Tapi sepi..bos..kaya kota hantu ...,0,1,0
Ngak mungkin lah.....pak prabowo itu orangnya pedulian...dia akan meneruskan pembangunan ibu kota baru itu....,0,1,0
Coba tonton video ini tanpa ada suara dan tanpa baca apa2... tonton video nya dan perhatikan detail2 nya tanpa distraksi.  Bisa menyimpulkan sendiri kok. Bagus ada video semacam ini telah memberikan fakta kepada masyarakat indonesia,0,1,0
"memang MANTAP dikasih rezeki terus di,.ROYALACES88",0,1,0
Ya silakan tinggal di IKN mas. Saya tetap di Bali aja mantai,0,1,0
"ya sudah, nti klw ikn udah jadi, lu pindah kesini ya,... gw tunggu informasi lu....",0,1,0
Logat kentara bang pernah belajar mata pelajaran bahasa Indonesia ka tdk 😅😂,0,1,0
"Meskipun bank nya sudah beroperasi, tapi kalau tidak ada nasabahnya lak percuma.",0,1,0
Kira kira Siapa yaa yang mau investasi di tengah hutan,0,1,0
IKN itu ibukota negara dan harus di bangun semewah mungkin,0,1,0
Lanjutkan pembangunan supaya laku terjual property nya,0,1,0
Enak yoo para mentri nyaa😂😂,0,1,0
Yg bilang ikn calon mangkrak itu roki gerung.. kenapa bnyak orang yg tidak suka dg kemajuan indonesia. Selama ikn berjalan pembangunan nya. Di desa2 kami di kalbar juga di bangun jalan.. walau pn belum seluruhnya tapi besyukur dah.. bisa mempercepat jam untuk anak berangkat sekolah atau apalah.. sehat selalu pemimpin bangsa yg baik.....,0,1,0
IKN..... TIDAK BAKALAN DILANJUTKAN OLEH PEMERINTAHAN SEKARANG KRN PEMERINTAHAN SEKARANG BELUM TENTU 2 PERIODE JDI BUAT APA URUSIN IKN LEBIH BAIK BANYAKIN PROGRAM2 KELUARKAN DANA DENGAN ALASAN DEMI RAKYAT.... PDHAL ITU ADL LUMBUNG OKNUM2 PEJABAT AKAN KORUPSI,0,1,0
"Kalau di lihat sunyi,,yg kerja juga tdk ada,,",0,1,0
"Untuk melindungi pejabat2 negara yg korupsi,😂😂😂",0,1,0
Ayoh kabur ke IKN. Ada banyak pekerjaan di sana.,0,1,0
endorse swisshotel asw,0,1,0
"Klu mangkrak TDK mungkin.
Klu berhenti sebentar lalu di lanjut lagi itu bs kemungkinan Krn BKN dana sedikit  insya Alloh ikn lanjut trs.",0,1,0
Clometann nemenn ko andy iki 🤣,0,1,0
"Kerenn cuk ikn sumpah, salam tekan malang koo. Mben lek ng sby tak ampiri, tk jak mangan burger garage 😂",0,1,0
Weee ada arek mlg kerjaaa di ikn 🥳🥳🥳,0,1,0
Ngibul terus tunggu aja ntar juga mangkrak sendiri,0,1,0
Duitnya dari mana ngibul,0,1,0
"Semoga pembangunan IKN terus berlanjut sampai selesai. Soalnya, efek karambol buat ekonomi Kalimantan pasti meningkat. Amin",0,1,0
waduh klu buat pendidikan gratis mantap tuh duinya,0,1,0
Alphard mu kalah ambek Xeon Cak Andy...Xeon nyelonong ae 😅,0,1,0
Dari pada bangun ikn .lebih baik uangnya buat mensejahterakan masyarakat indonesia.,0,1,0
Sepiiiii nyenyeet,0,1,0
yg koar koar IKN mangkrak itu kan roki gendrung si muluk ph*pek itu.,0,1,0
Rumah sakit siloam belum ada kah mas?,0,1,0
Seharusnys jd org indonesia qta hrs bangga pnya ibu kota baru kyk IKN,0,1,0
Yg bilang IKN mangkrak adalah pengangguran benci jokowi. Mereka gak liat IKN tapi halu akal odgj,0,1,0
Liat nnti habis lebaran apakah masih ada pekerja 😂😂,0,1,0
warga 16 dan 24 suka nya hoax ya brrti,0,1,0
Ini baru bukti gaes...,0,1,0
Ibukota masa depan,0,1,0
Indah banget langit nya,0,1,0
Kepala roki yg bengkak gais.,0,1,0
"Terimakasih maturnuwun atas visual pandanganmata nya  atas facta keadaan IKN terkini ...MANTULLLLL , salam 🇲🇨🇲🇨🇲🇨",0,1,0
lebih baik daripada kota yg katanya macet 1jam saja sudah cepet ,0,1,0
"Yakin saja, orang yang membenci tidak menginginkan kebaikan atas mu. Bahkan mereka akan merusak semua yang kau  miliki agar citra negarif tentang kamu yang telah dia bangun dan sebarluaskan sebelumnya bisa terlihat oleh orang lain.... contohnya IKN....para pembenci pasti tidak ingin melihat IKN berhasil....sebalikmnya mereka berharap IKN mangkrak dan hanvcur....dan mereka akan tertawa dan bahagia jika itu terjadi..... JAHAT KAN ORANG SEPERTI ITU?!!!",0,1,0
saya asli jabar bangga dengan pembangunan ibokota baru ikn.,0,1,0
"kenapa namanya swisshotel, knp ga namanya HOTEL GARUDA atau HOTEL DEMOKRASI  , kan lebih NASIONALIS toh",0,1,0
Hebat vidio lama yang baru di upload😂😂😂,0,1,0
memang nggk perlu...nggk ada ikn2 rumah drakula penghisap darah rakyat Indonesia...koruptor melebihi Markos...Ibu Kota sampai kiamat pun Jakarta warisan pejuang dan proklamator sejati Indonesia....Merdeka Ibu Kota Jakarta...Merdeka Indonesiaku....,0,1,0
😂,0,1,0
Iya bro rame banget..kaya d jakarta padet,0,1,0
"Sayap nya melindungi koruptor ,,,wkwk ,,,tai",0,1,0
😂😂😂,0,1,0
Propokasi Rocky Gerung...sangat bahaya.,0,1,0
Bacot !!!!,0,1,0
"Mulutmu, 😅😂 jualan x lo, Jualan Konten....!!!! Lo pikir Pindah Ibukota Kaya Pindah Pasar😂😅 


BANYAK TUH PROJECT yang Mangkrak!!!!",0,1,0
"RG mah mulutnya isi api, jk gk bisa menyaringnya maka akan terbakar",0,1,0
271 T cukup buat ikn tuh,0,1,0
"mana nih yg triak"" mongkrak mangkrak ??",0,1,0
"yang Bilang Mangkrak Jelas Grombolan sakit Yaitu Bantennnnnnnnnggggg Lumpuuuh,,,,,,,,,,,,,Daripada Duit di korupsi sama Grombolan Banteng sakit hati mending di buat bangun negeri <<<<<<",0,1,0
saya masih di IKN sekarang,0,1,0
"Nah gini kan enak jadi tau ,Kita rakyat harus taat bayar pajak untuk kemajuan dan kemewahan para pejabat 🥰 

#salam_ereksi",0,1,0
😂😂 mas alon alon mawon to sajangipun 😂😂😂 ❤❤❤ jawi nipun kentel sanget ❤❤❤ 🇮🇩🇮🇩🇮🇩 merdeka mas seupomo saget tanpo pulsa saget nonton panjenengan berjuang matep mas💪💪💪💪💪🇮🇩🇮🇩🇮🇩🇮🇩❤️❤️😂😂😂😂,0,1,0
"Semua isu isu itu hanya gorengan mentah dari kelompok Anis Baswedan dan kelompoknya,,karena malu,,",0,1,0
Mantaff bang biar para koruptor yg ingin menyerang perintah isu ikn jadi bingung kepanasan😂😂😂😂😂😂😂😂. Mantaffff mantafff,0,1,0
IKN udah jadi mantap,0,1,0
Auranya gelap ya IKN.,0,1,0
Seperti sudah di rencanakan dengan pihak tertentu kontennya mas😏,0,1,0
"Ngeri"" Sedap kerja kesana wkwkwk banyak yg pulang gak dapat bayar",0,1,0
Terbaik,0,1,0
kampung kosong 😅😅😅,0,1,0
Pamekasan nyimak...... Bos,0,1,0
gosong kepanasan ...😂,0,1,0
Mggak ada efek buat saya.,0,1,0
Vangke itu mah burung gagak bukan burung garuda😂,0,1,0
"Hebat Pak Jokowi ,jasamu tetap di kenang rakyat",0,1,0
"Mata nya Roky Gerong Amin Rais picek ,provokator ,mulut nya busuk koar Kaur,sekarang gk ada orang percaya",0,1,0
Alhamdulilah ikn di lanjutkan terus spai cepat cepat selesai amin,0,1,0
Karya pak jokowi di arsiteki oleh pak basuki hadi milyono wong suroboyo,0,1,0
❤❤❤❤❤🇮🇩🇮🇩🇮🇩🇮🇩🇮🇩🇮🇩🇮🇩👍👍👍👍👍🤲🤲🤲🤲🇮🇩🇮🇩🇮🇩❤❤❤❤🇮🇩🇮🇩🇮🇩🇮🇩👍🤲IKN🇮🇩🇮🇩🇮🇩🇮🇩👍🤲,0,1,0
"dari rakyat untuk pejabat, sampai kapanpun rakyat tak akan pernah bisa menginjakan kaki ke ikn kecuali berduit.",0,1,0
Bener kata pak Karno .musuh negara kita bukan orang asing tapi orang indo sendiri ....contoh ..Roki Gerung ..dan temen temen nya,0,1,0
Buzzer mulyadi,0,1,0
Yang bilang ikn mangkrak itu orang yang  bermental krupuk   tidak punya wawasan ke masa d,0,1,0
yaaaah proyek mulyono...ngak bangga...modalnya jual negara..nanti kalau gak bisa bayar utang rakyatnya jd pengemis dinegeri sendiri..lha wong ngambil bunga dari batu malang aja gk di byr...mulyono...mulyono..semoga proyeknya dihalangi sm leluhur orang dayak yg gk rela tanahnya dijual,0,1,0
"35 juta satu MLM ....
G mampu......
TRIms infonya.....",0,1,0
Ngakak gw pas bapanya bilang tiang bendera tinggi 79 centi meter😂😂,0,1,0
"5 hri yg lalu sya kesana, motor sya gk di kasi masuk harus parkir di rest area...gk FAIR",1,0,0
kopt,0,1,0
"hahaha😂😂😂😂 yg kerja dikit amat bang ????...

di endorse berapa juta bong ???😂😂",0,1,0
"Koh .. itu mic yg nempel sama security Knp gak dilepas sementara menjelaskan sih😂😂😂 dia ngomong diluar sama org lain, suara nya ikut ke campur sama suara lu koh.. mumet gw dengernya 😂😂😂",0,1,0
Kl enggak mangkrak knp Prabowo ngantor di Jakarta n pelantikan di Jakarta????…Dasar lu suruhan Jokowi…,0,1,0
Ini buzer bayaran ya gaes..😅,0,1,0
Nyatanya mangkrak 😂😂😂.  Itu kontraktor hnya ngerjain sisa planning akhir tahun kemarin..,0,1,0
"belum selesai makanya masih hitam😂😂😂 nanti di cat itu, sama gedung gedung nya masih warna cream 😂😂",0,1,0
Gk ngurusi omongan wong sing nyinyir IKN..sing penting IKN ttp berbenah.. sehat2 pekerja IKN...,0,1,0
Sirah mas...gudhuk Endhas...,0,1,0
"Kota yg dipaksakan , gersang",0,1,0
"Baguslah,,,!!! 
Sudah siap anda tinggal di situ???",0,1,0
Buruan beli tanah bangun rumah thn depan tanah  harga naik,0,1,0
Masih banyak yg kerja di IKN . Teman saya masih ada disana.  Yg bilang mangkrak belom pernah ke sana dia,0,1,0
luar biasa IKN,0,1,0
"Baca berita Bro
Duitnya nggak ada",0,1,0
"Pada dasarnya pembangunan IKN telah merusak hutan kalimantan.
Perlahan-lahan kalimantan akan akan ada banyak bangunan,perumahan dll yg semakin berpotensi rawan kebakaran.",0,1,0
❤❤,0,1,0
Gw juga asal balikpapan emang mangkrak kok sudah gak seramai masih jokowi jabat anggarannya di bagi bagi brohh jangan buta dukung junjungan loe😊,0,1,0
Gampang saja.. Pokoknya mau pindah kesitu gak. . Klo gak mau ya mangkrak namanya,0,1,0
dibayar berapa mase?,0,1,0
IKN ttp jln appun yg trjdi .org akn paham stlah jakarta bnr2 tenggelam dahulu br tau fungsi ikn ap.😂😂 mngkin saat ini blom ad gunanya.suka GK suka jakarta akan tenggelam 😂😂😂,0,1,0
"Lain kepemimpinan lain kebijakan, kita lihat saja perkembangan selanjutnya",0,1,0
"mas tak bantu jawab dari mas gibran .....
BOLEH.....",0,1,0
mas andy.... maaf.... sumbu mas bukan sumbo,0,1,0
Semoga cepat jadi.  Dan Indonesia makin maju aamiin,0,1,0
Wapres bln depan ngantor disana,0,1,0
PROYEK TAI GAK BERGUNA,0,1,0
"Bagus bnget IKN...., mngapa para pmbenci mngatakan mangkrak....?? Trnyta klo ini mnjdi ibukota NKRI mk mereka akan butuh ongkos tambahan buat demo trmsuk pe'a 212 🤣🤣🤣",0,1,0
😇😇😇,0,1,0
Kasih imam mahdi videonya diar dia lihat,0,1,0
Prn pasti dukung ikn nusantara.,0,1,0
Indonesia optimis terang boos.,0,1,0
P bowo dan jajaranya silahkan dan hrs lanjutkan pembangunan ikn .tapi jangan pangkas angaran pendidikan lbh kan angaranya gitu boos.demi pendidikan  itu sendiri.,0,1,0
hahaha...,1,0,0
Securitynya lawak masak 79cm,0,1,0
Saking pobianya sama islam. Sampe sampe apa apa namanya . Nusantara. Sampe logo halal diganti wayang  . Ya allah pdhl indonesia di pahlawani oleh pahlawan pahlawan islam.,0,1,0
"Bang masyarakat biasa boleh masuk ke dalam kh buat jln""
Atau boleh tp pinggiran doank?",0,1,0
Mantafffff sekali bang .. jadi pengen jalan dan nginap di Swiss Bell Hotel ini .. mudah2an bisa tercapai.. mantafffff.. lanjutkan bang ..salam sukses selalu 🙏🌟 .. pokoke uhuyyyyyy dahhhh 👍,0,1,0
"Sekali 2. dah roki di seret ke ikn biar matanya lihat ,,",0,1,0
Banyak  conggormu tangkap monyet ini pembangun lancar aku orang bpp Kaltim,0,1,0
😮sarang kelalawar,0,1,0
Balikpapan nyimak sambil Ngopi ❤❤,0,1,0
Ikn gaji sulit mnding krja tmpat lain,0,1,0
"Live dong bang , hehe",1,0,0
Mangkak²😂 yg mangkrak itu mulut buzzer,0,1,0
Semoga berjalan dengan lancar dan sukses selalu ❤,0,1,0
Yg bilang mangkrak itu adalah kerakkkk/monyet😅,0,1,0
"Indonesia ,sebagian orangx sdah  hilang etika dan keramahax, hanya karna dengki yg berkepanjangan .nilai"" pancasilax sdah tak ada .",0,1,0
"Soal ngomong smua bisa kritik, tapi menghargai prestasi Orang itu sulit bagi yg iri dan dengki ,seperti roky gorong gorong",0,1,0
Hidup NUSANTARA...ALHAMDULILLA,0,1,0
Asal TDK melindungi para koruptor ya sam,0,1,0
Yg bilng mangkrak berrti orng Yg iri ..... Sebb pengikut anis dan ganjar... Bnyak yg stress habis klh sma prabowo,0,1,0
"Semogan #ProyekIKN Berjalan dengan Lancar, ngk ada pekerjaan yang sia-sia dan Mangkrak..",0,1,0
"OMONG KOSONG...

BARANG NGUTANG GAYANYA KAYA YG BAYAR HUTANG.

SAKIT JIWA...",0,1,0
Yang mangkrak tuh anis,0,1,0
"Netizen lokal, sudah larut dengan alam sosmed, ga keliatahan sebentar dikira mangkrak, ga muncul di fyp dikira udh ga laku, pdhl sosmed hanya 1% bagian kehidupan dunia, dan hanya bersifat cuplikan",0,1,0
Sesuai dugaan isi komentarnya.. kaum2 sakit hati 😂,0,1,0
mampir gaes,0,1,0
Yang mangkrak itu otak mereka para pembenci,0,1,0
"IKN harus cepat selesai jangan sampai mangkrak sebaiknya stop dulu bansos dan hentikan subsidi sampai IKN selesai,pajak juga naikan 20% demi IKN cepat selesai dalam waktu dekat ini",0,1,0
CILACAP hadir ..,0,1,0
Mantap om,0,1,0
"Ikn gagal, Ikn sepi, ikan mangkrak.",0,1,0
Tapi kenyataannya ya gitu hehe,0,1,0
"komenan isi nya politik semua, giliran gas susah pada dokem ga berkomentar",0,1,0
👍💪🥰,0,1,0
Biasanya kontraktor ada termin sampai 12 bulan kedepan. Mudah mudahan anggaran cukup untuk tahun tahun berikutnya. Kalau masih itu artinya ada investor. Jika tidak kemungkinan mangkrak,0,1,0
Jancuk koen wong endi cuk......bosomu medok pol.....yoris lanjut cuk.....kabarno sing lengkap yo.......manteb bosssss.....,0,1,0
Itu yg ngisi pintunya saya,0,1,0
Cm😅,0,1,0
Terima kasih banyak ya.....serasa langsung pergi ke IKN.....,0,1,0
Masya Allah luar Biasa,0,1,0
"Lah coba kesananya mandiri, itukan ada bantuan petugas",0,1,0
Jakarta itu THN 70 an jga Lom ada gedung2 yg ada cuma tv RI sama RRI  ...masa mau bangun ibu kota hri ini mulai besok selesai ..😂😂mimpi aja dn bayak tidur...yg bilang mangkrak itu orang2 yg pingin jakarta terus yg d bangun🤣🤣🤣,0,1,0
ads gedung Microsoft gak koh? 😅,0,1,0
"Karo ngopi ndeleng IKN, jos",0,1,0
"""Xeon GT 125 boleh masok ges!"" koo ko cangkem mu manteb jos kocakk wkwkwk",0,1,0
"gaya mewah hidup sulit nyari kerja susah akhirnya kelilit hutang.....ini lah negri kita.dari atas kbawah.....
.  yg miskin makin miskin.......butuh dana besar ikn otomatis rakyat diperas keringat....dari pajak",0,1,0
"Akan jadi kota hantu investor pun malas mau masuk sini, soalnya daerah rawa rawa",0,1,0
"Ya Allah Cakep banget, perbanyak konten2 yg mengedukasi begini supaya banyak org yg melihat dan berinvestasi di IKN, semoga pak Prabowo melanjutkan pembangunan IKN, dan Indonesia punya kota baru yang sangat bagus.",0,1,0
"Gajian kuli proyek apa kabar???? 
Yg tau""aja",0,1,0
Semangat terus koh tetep lakukan yang terbaik selama hal yang dilakukan positif btw koh info loker nya dong😭😭,0,1,0
Inget ya para pendukung prabowo. Kita itu 58% Jangan sampai kalah sama propaganda mereka yg cuma 24%. Biarin aja mereka kabur ke LN enak negeri ini jadi berkurang polusi dan saingan kerja nya😂😂,0,1,0
Dulu waktu pembangunan kereta cepat sama jalan tol juga dibilang mangkrak sama yang mengkritik pemerintah tapi ga ada kontribusi apa-apa,0,1,0
"Jangan pada ribut dosa ,kita liat aja ke depannya semua sudah di takdirkan , semua ada pertanggung jawabannnya baik di dunia dan alhirat, pertanggung jawaban di akhirat lebih berat daripada dunia, kita doakan indonesia di lindungi oleh Allah swt amin",0,1,0
"mohon buzzer jgn digubris, para investor jgn mau ke ikn, jelas bangkrut",0,1,0
"Semoga IKN terus dilanjutkan, bagian dari sejarah baru di Bangsa Indonesia. Bangsa Indonesia bangsa yg Besar, selalu ada perubahan ke arah yang lebih baik",0,1,0
"Siapa bilang IKN MANGKRAK mana ada mangkrak tetep berjalan cmn gak terlalu fokus kesana , kalo pak joko wow iya aja dia menggebu gebu ikn cepet selesai",0,1,0
"Mungkin kita punya banyak pendapat tapi demi Indonesia jangan sampai kita terpecah belah, mengkritik boleh tapi jangan lupa tugas utama kita memajukan bangsa ini, jangan saling menyalahkan tapi harus saling melengkapi. ❤❤❤",0,1,0
"Makasih ko Andy, sampean bukti klo kita berbeda tapi bersatu demi Nusantara ❤❤❤ sehat selalu ya ko😊",0,1,0
Lah ya itu di tinggalkan... Karena yg ada hanya security yg jaga... Tidak terlihat aktivitas pembangunan....,0,1,0
Kita lihat aja ke depannya... 😅😅😅,0,1,0
Karena ada 9 naga disitu😂,0,1,0
Hahah Mayoritas Yg Nolak IKN.. Melindungi Perutnya karna Terancam Jika Ibu Kota Negara Pindah.,0,1,0
Roki gerung menangis melihat ini,0,1,0
Ownernya. Koh Hengky Wijaya 😊,0,1,0
"Mantaaab.....biar yg suka bilang proyek mangkrak , matanya kebuka....❤❤❤",0,1,0
Seng gak seneng fix pendukunge lowbat wkwkwk alias batrai lemah ko'😂😂😂 13 %,0,1,0
Mangkrak 😂😂😂 sepanjang lu muter2 gak kliatan para pekerja 😂😂😂,0,1,0
"Sangatttt luar biasa ,semoga proyek dan pekerjaan ikn ini tetap di lanjutkan sampai setuntas tuntasnya,,,,,
Dan jangan sperti yg di luar sana yg seting di isukan oleh manusia2 kucil yg tak bertanggung  jawabbbb,,,,,

Karma akan segerah menghammpiri manusia2 kurcaci yg pembenci itu👹👹👹",0,1,0
Itu bukan burung garuda itu burung gagak hitam bermaksud.. pejabat untuk kumpulan gagak hitam 😂,0,1,0
"MBl kau aja yg nampak,,yg lain lwt udara",0,1,0
Makasih bro infonya,0,1,0
Bukan mangkrak tapi berjalan alon alon asal kelakon yo massssss😊,0,1,0
Kliatan Sepi bgt sih😅,0,1,0
security nya banjar asli...salam sehat,0,1,0
Itu namanya mangkrak tong...sudah lebih 3 bulan masih tidak di tempati.kata Jokowi bln 11 sudah pindah ke ikn tp buktinya apa cm jd kota hantu sepi sekali...,0,1,0
"saya yg nonton kok ketawa sendiri ya..😆
jalanan sepi, exavator, dump truk, crane,.tidak ada yg beroperasi,..😂

gak ada mobil pengunjung, mobil investor, mobil pejabat..

tamu hotel gk ada, hotelnya kosong..😆 
dan bentar lagi komentar ini pasti dihapus sama mimin..🤭✌",0,1,0
Diendors berapa sama Swiss hotel Mas e?,0,1,0
Lagi proses pembangunan...kemaren saya jg baru selesai kontrak di sana mbangun gedung paspampres...,0,1,0
Proyek ambisius yang dulu kata pak mulyono banyak infestor masuk.tapi pada akhirnya pake uang sendiri.sungguh menyedihkan sekali,0,1,0
🤭,0,1,0
Ndasku Muncul...ha..ha...haaaa,0,1,0
Tu mata nya suruh melotot liat nya . Jgn cuma bs bilang mangkrak lah terbengkalai lah . Drpd nyinyir cek sendiri .,0,1,0
Omonge jalan jalan kok PKK mobil Mase Yo jenenge Yo mobiln to mas,0,1,0
Ya  alloh  bagus nya  IKN  itu   lihat vidio nya sangat sempurna  terima kasih  pemerintah  benar benar memikirkan  negara  terima kasih  mantan presiden pak jokowi  terlalu sempurna  pembangunan  pak jokowi   berarti yg bilang  ikn mangkrak itu  orang sakit hati tenan   sama pemerintah,0,1,0
Noh karyawam ga di gajih,0,1,0
"Ingatlah ikn ini akan jadi istana president baru dari indonesi 2.artinya indonesia akan ada dua negara cepat atau lambat.
Semakin nyata indonesia akan pecah jadi negara yang berpisah",0,1,0
Semoga lancar pembangunan ikn,0,1,0
"Pekerja² di situ hanya menghabis kan sisa² kerja yg belum terlaksana kan....lepas tu stop sementara menunggu belanjawan baru dari Kementerian kewangan bagi pelarasan belanja 2025...
#Fakta nya hoax/fake atau Real saya tak tahu...",1,0,0
Anak² Abah jangan pura² buta kalian 😂,0,1,0
Manfaat nya ke rakyat Indonesia apa bang . Kalo rakyat nya di suruh bayar + bayar pajak 😂,0,1,0
"di manapun, dn tinggal kota manapun,,,,enk enk ajah, kalo bekrja,,,,masalahnya kalo ngagur,,,,di kota manapun jadi gak enk,,,,,,,dn soal sepi, di ikn, itu pasti lah,,,,,krn blum jadi, dn lihat data manusianya, jkt kota kecil, manusianya byk bget, jadi ya rame, kalimantan yg luas lahanya, manusianya sedikit, ya klo di bilang sepi, ya wajar.",0,1,0
para pembenci semakin kelojotan melihat  vidio ini...,0,1,0
"yo gak bakalan mangkrak lah, itu proyek nasional dan juga sudah di restui warga kaltim kok, jika pemerintah setuju ae, kaltim bisa membangunya sendiri kok.
yg tidak pro dengan pemerintah jangan noraklah.",0,1,0
"bner bang ikn tamba maju.
   hanya anak abah yg bilang ikn mangkrak 😂",0,1,0
Emang nya gua pikirin ora urus.,0,1,0
Loh loh kata nya yng kerja orang asing semua tapi hoax😂,0,1,0
BOHONG IKN MANGKRAK.....kami masih aktif melakukan proyek proyek diIKN...termasuk proyek bandara vvip....!!,0,1,0
"Setengan  x ye, yang indahnya saja dilibatkan, wawancara  dong pekerja  dan kontraktor apa gajinya lancar",0,1,0
"moga aja proyek ambisius ini selesai dan tidak menyengsarakan masyarakat sekitar, moga aja gak jadi negara dalam negara",0,1,0
Sampai sekarang ibu kota lagi healing.. Hutang negara membengkak 😂😂😂😂,0,1,0
Iya luara biasa . Duitnya dr mana? Yg sengsara rakyat kecil. Mas mas apa yg di banggakan. Mikir mikir,0,1,0
Saya yang pasang interior di ASN 2 Sama setneg dan gedung garuda,0,1,0
"Roky grung yang mangkrak,,otak",0,1,0
"semua bank swasta negara wong dah pada masuk gila aja sampe mangkrak, kepada pak basuki we believe wkwwkwk",0,1,0
"Pembangunan yang dipaksakan, padahal APBNnya belum mampu.",0,1,0
kayaknya hidup di ikn enak sihh,0,1,0
Salut sama karyawan hotelnya sangat ramah,0,1,0
Keren banget,0,1,0
Yg bilang ikn mangkrak itu gerombolan ternak onta sama kebo gerombolan sampah negara benalu negara,0,1,0
Seh ono crazyrich suroboyo aman yo ko andy pembangunane 😅❤,0,1,0
Saya berani taruhan 1000% Bangkalan mangkrak,0,1,0
"Klo pingin sukses, jgn kaya sulap, bimsalabim jadi😂😂😂 dikit demi dikit kan menjadi bukit.",0,1,0
"Sekilas kaya di BSD pada tahun 2020,ladang alang2 menjadi kota di dalam kota,atau negara di dalam negara,,ups",0,1,0
Siapa bilang  mangkrak saya masih kerja di ikn sampai sekarang,0,1,0
cita2 anak2 onta yg mangkrak😂,0,1,0
Itu gedung buat melindungi Para koruptor 😂😂,0,1,0
Cie buzer,0,1,0
"yang memberi berita mangkrak hoax itu biasaalah orang orang yg belum bisa move on, beli es teh abah 🤭",0,1,0
yang terus membenci proyek IKN adalah anggota ormas2 pengkapling surga yg selama ini tdk di beri ruang oleh pemerintah dan jumlah mereka mungkin 1/2 jumlah penduduk indonesia maka jangan heran klo hoaks yg mereka sebar ada terus setiap hari,0,1,0
IKN akan bangkrup cost terlalu tinggi tp tiada investment😅😅.. Tdhol ora payu😅,0,1,0
IKN d dthol pon ora payu IKN bangkrup... Malaysian Javanese foraver,0,1,0
mantap masyarakatitu kalau gak tau pembangunan jangan asal ngomong mangkrak,0,1,0
"mana ada orang yg mau ke IKN ,orang"" pada doyan nya jakarta,jokowi sama anaknya aja nggaau ke IKN😅",0,1,0
LHA KLO GAK KITA SIAPA YG MEMBANGGAKAN IKN?,0,1,0
Beuh sangat rame sekali ya para pekerja nya,0,1,0
"Keren banget IKNnya, tapi harusnya bangunan-bangunannya mengadop rumah-rumah adat yang ada di Indonesia ya, akan lebih kelihatan keragaman dan keindahan Indonesianya",0,1,0
Nafsu amat bang,0,1,0
"Yang bilang mangkrak itu kaum jalang,
Makluk yg tololnya kebangetan 😂😂😂",0,1,0
"Yg kerja pd lari krn gak digaji.klo makan dipentung,pengakuan dr kuli ikn sendiri.itukah negaramu😂😂😂😂",0,1,0
Biasa pengikut anis kang 😂😂 masih sakit hati,0,1,0
IKN ( Ikatan Korupsi Negara ),0,1,0
Makasih bang atas pembuktian IKN aku sbg netizen semakin yakin dg keseriusan pembangunan pemerintah sekarang👍👍👍💪💪💪,0,1,0
"PEMBOROSAN ANGGARAN NEGARA , !!",0,1,0
Dari rakyat untuk pejabat🙏,0,1,0
Hotelnya orang utan.😂😂😂,0,1,0
Yang mangkrak itu Si Amin rais gerung rh dan gerombolannya,0,1,0
"Kagum oyy, seketika jadi kota😮",0,1,0
18:09 muka muka cina,0,1,0
bolo e smean gak di jak. (cak rudi ),0,1,0
Sepi amat ya?.... apalagi kalo malem ihhh serem,0,1,0
Keren bangeetttt ❤❤❤,0,1,0
😂35 jt 1jam 😂,0,1,0
km kalah bang sama Xeon dia bisa masuk 😂,0,1,0
"Otak nya mangkrak dw,,, yg bilang ikn mangkrak,,, insyaAllah ikn sukses,,,,",0,1,0
Vlog buzer nih😂😂😂😂,0,1,0
Keren bngett,0,1,0
"Rakyat yg suka negaranya maju,pasti seneng d berterimakasih KPD BPK Jokowi d yg membantu d smua yg bkrja d yg meneruskan,saya orang Jawa timur dkt alas Purwo Banyuwangi sangat berterimakasih dengan smuanya",0,0,1
Pernah ikut andil pembangunan rumah menteri untuk listriknya,0,1,0
Yg bilang mangkrak = HAMA,0,1,0
Cuma satu kata#ikn gaspol#...,0,1,0
"Gobloooook... 
Beraaaaak sekebon... 
Sekelas ibukota sebuah negara ini tergolong kosong... Sepiiiii... 
Buang buang uang pajak rakyat. 
Gak ada guna...!! 
100 tahun lagi belum tentu rame...!!",0,1,0
Kocak😂😂😂,0,1,0
"Biarlah mereka berkata apa,yg penting bukti ...ok",0,1,0
Titik LT 108 jakarta 😂,0,1,0
Berti yg bilang pembangunan mangkarak itu or@ng orang yg kontra sama pak presiden,0,1,0
Keren,0,1,0
Alhamdulillah Indonesia lebeh baik .maju terus,0,1,0
saya berkerja d ASN4 MAS,0,1,0
Ga bayangin klo uda jadi..betapa megahnya kalo d malam harii,0,1,0
Kasus e sama kek meikarta cak di bikang mangkarak padahal pembangunan berlanjut sampe saiki... Jalan trusss...,0,1,0
Lah ntr kantor² mentri yg djkrta kn ditinggalin ntr diancurin apa dikosongin ya pastinya kan mewah eman² duite y,0,1,0
Buset udh ada rusun asn aja brarti asn yg djkrta merantau donk krjanya ke IKN ya tpi kan enak ongkos pergi plng ditnggung pasti beban negara makin bnyk pasti,0,1,0
Gaweo kameramen mwoass mumet aq ngingeti shoot mu,0,1,0
Anak saya dan ponakan su jg kerja di situ..skrg masih Alhamdulillah lancar..dan masih berlanjut katanya proyeknya,0,1,0
Hadir..support..,0,1,0
Yang bilang mangkrak dah tau siapa mereka.. Para orang orang yang sok suci,0,1,0
"HAMBALANG YG MANGKARK NGA ADA YG BAHAS,IKN TAHAP FINISHING DI GOSIP MNGKRAK..😂😂",0,1,0
Mewah2 banget fasilitas pejabat,0,1,0
🤣🤣🤣🤣🤣🤣🤣🤣🤣,0,1,0
Semoga pendukung pembangunan dan yang tidak mendukung pun akan menerima manfaat ke depan nya,0,1,0
Pernah bang masuk di istananya sama gedung garuda,0,1,0
Errrrr nya betaagaarrrrr 😂,0,1,0
AKU SALAH SATU ORANG GORONTALO YG BAKAL PINDAH DI IKN NANTI... 🤲🤲,0,1,0
Kalaumas Andy ini berita fakta..apa adanya ..berjuang terusbang.😅😅😅,0,1,0
Tp kalau dari kata temen saya yg kerja di IKN katanya untuk saat ini terhenti... Kmrin da kerjaan di proyek IKN krna terhenti dulu skrng kerjakan proyek di kaltara... Mngkin terhenti sementara atau gimana .. entah mana yg bener...,0,1,0
Wau kren sekali. Mantap,0,1,0
😂😂😂😂,0,1,0
Terus kak update terus tentng ikn  biar pembenci pak jokowi tau  klo ikn tidak mangkrak,0,1,0
Ok gas ok gas sambil antre gas,1,0,0
"Pokoknya jgn percaya apapun yg di bilang parTAI pdip, mereka blom move on apalagi elit dan kader2 nya yg mencoba mengadu domba masyarakat",0,1,0
Tentu banyak masalahnya pembangunan kota debesar ini. Tapi saya yakin pihak terkait akan berusaha mewujudkannya. Buat yg menentang mending stay positif. Turutlh sedikit berbangga. Tidak apa-apa. Toh kalau berhasil (yg sepertinya akan berhasil) anda juga akan turut jingkrak-jingkrak.,0,1,0
Biasa lah KAUM SAKIT HATI! ANAK WABAH😂😂,0,1,0
ikn copy putrajaya,0,1,0
"Uda pasti anti banjir di IKN👍, Seger dan dataran tinggi pegunungan,",0,1,0
Hebat ADMIN kmu dah membantu penerangan kpd masyarakat dan mematahkan FITNAH YANG DILAKUKAN OLEH ORG2 YG SELALU MEMBENCI HASIL KERJA CURUT2 ANJING2 YG SELALU MENCARI CARI KESALAHAN ORG LAIN mantap PRESIDEN KU,0,1,0
Keren cak,0,1,0
"tau kan yg mana yg pro rezim dan yg mna tidak, pro rezim ya harus pandai2 menjilat🙏",0,1,0
thank you udah diajak jalan-jalan online ke IKN ko. sukses terus,0,1,0
"Yang bilang mangkrak itu ,hatinya masih penuh dengan kebencian.",0,1,0
"IKN terbangun di Kaltim,tapi yg jadi pemerintah kebanyakan orang dari luar , sedangkan asli putra putri daerah Kalimantan banyak yang cerdas tidak diberikan kesempatan.😔😔 Oh negeri ku",0,1,0
WKWKWKWKWWK CANDI IKN,0,1,0
hantu yang berkunjung 🤣🤣🤣,0,1,0
Kl Mangkrak Itu Hambalang 🙏,0,1,0
"Iyahhh...selama masih hidup di bawah kolong langit ini prokontra masih tetap ada.Harap dimaklumin dan yang pro tentunya sbg bahan masukan ato lebih tepatnya menjalanin tanggungjawab dan berdiri diatas semua golongan tanpa jumawa sbg yg juara. Karena ketika suh selesai pesta demokras pasti ada yg kalah dan ada yg menang. Dan yg kalah seyogyanya menjalanin fungsinya sebagai oposisi dg mengontrol dan mengkritik janji2 yg dulunya kampanye. Selama itu membangun dan menjadi masukan it,s oke.",0,1,0
Buktinya banyak bobroknya pemerintahan jw,0,1,0
kereeeeeeen  baaaaang....👍👍👍,0,1,0
Rekam Videone pake HP apa cak?? Apik men buat zoom manteb. Spill hpne cak???,0,1,0
"Berita menyenangkan...Alhamdulillah tidak mangkrak...terimakasih,🙏 
Semoga IKN menjadi kebanggaan Nusantara yg sesungguhnya...dan menjadikan warga Kalimantan lebih makmur dn ttp bisa menjaga kelestarian Alam dn budaya yg nantinya bisa ikut mendunia... Jayalah negeriku Indonesia",0,1,0
owalah jebul wong wetan to mas njnengan ki,0,1,0
Mulyono . Pangeran Penipunegoro .,0,1,0
2:07 ini pas hari libur ya? semua pd liburan... 🤔🤫,0,1,0
betagar banar sidiiiin 😂,0,1,0
Kerennnnn nya IKN........❤❤❤❤,0,1,0
IKN mau dilanjutkan gak ada duitnya.  !!!,0,1,0
Universal studio....buat tempat liburan,0,1,0
Yang bilang mangkrak cuma orang yang lagi sakit...,0,1,0
Kok gk ada orang jualan bakso mas di IKN,0,1,0
Kantor mas anis dan pak genjer di mana mas..,0,1,0
"Hanya org yg bodoh sekali mudah percaya akan hoax ikn mangkrak..soalnya sudah ada Undang undangnya,kalau ikn wajibl di kerjakan sampai selesai,siapapun pemimpin negara ini.kalau mau ikn mangkrak berarti harus merubah UU nya dl,baru bisa mangkrak.",0,1,0
❤❤❤❤❤❤.....NKRI harga mati.....makasih informasinya mas...,0,1,0
Ya allah mewaaaah banget ❤❤❤,0,1,0
"Kurasa yang pling byk kisruh malah pulau jaw* wkwkwk,mungkin kalau indo tanpa pulau jaw*  sejahtera nih kyk duit papua buat papua,duit tambang kaltim buat kaltim,duit pertanian sumatra,sulawesi dll buag provnya sendiri",0,1,0
"Klow gak ikn yg mngkrak rakyatnya yg mangkrak,ibarat orang punya uang gk mkir buat usaha biar jdi aset khidupan slanjutnya dan jdi kmewahan yg berklnjutan tpi mlah mlih buat kmewahan sesaat",0,1,0
Yg namanya benci mau dia masuk surga sendiri dan paling benar sendiri di Mata Allah pun akan tetep di benci oleh orang orang pembenci,0,1,0
ALHAMNDULILLAH IKN TIDAK MANGKRAK.,0,1,0
Yg bilang mangkrak orang yg lulusan luar negeri yg otak nya jahudi bro..,0,1,0
"Sing mangan bubur ayam pake kecap manis,,piyee kabareee😅😅",0,1,0
Bangga Indonesia ada IKN yg keliatan maju❤,0,1,0
Jadi yg bikin video2 IKN mangkrak itu bikinnya mungkin di kebon2 sekitarnya atau di hutan gara2 gak dikasih ijin masuk .. kurang ajar sekali mereka .. membohongi publik 😡,0,1,0
"Buzzer lebayy😂😂😂
Jgn kelihatan x bos😂😂😂
Penjilat nya😂😂😂",0,1,0
"Udh jelas prabowo blg tdk ada lg anggaran utk IKN....
 Menurut sy Biar mulyono dan keluarga nya aja beserta jajaran penjilat nya yg tinggal di IKN.😂😂😂",0,1,0
Kelihatan buzzer nya😂,0,1,0
Ibukota tetap JAKARTA 🎉🎉🎉,0,1,0
Tanyain yg kerja di situ udah gajian belum. Makan soto jangan pake kecap manis ya😅😅😅😅,0,1,0
"Hotelnya ya beroperasi lah cuk, operasinya kan untuk pejabat, pembisnis, influencer & konten² kreator yg pengen liat² IKN spt lu cuk",0,1,0
Kalau tdk sesuai target itu namanya nagkrak cuk😂,0,1,0
Saya tinggal di IKN dan senang IKN ada di kalimantan timur,0,1,0
Andai semua biaya buat sejahterakan rakyat. 😢,0,1,0
ya yay ayayaya,0,1,0
Pak PENDETA ngonten juga rupanya 👍👍,0,1,0
"Mngkrak kata yg gk seneng,kebetulan adik ipar saya kerja operator alat berat,aampae saat ini masih krja d sana",0,1,0
"Biasalah POLITIK BARISAN SAKIT HATI, nyebarkan berita HOAX!!!",0,1,0
"Masuk hotel , pas buka kamar tv udh nyala, ini apa bukan setingan",0,1,0
Itu bkan garuda.itu kelawar ..la..,0,1,0
"Kan dmaudah di jlskan bng yg kwrja nggk sebayak dulu bayak yg kerja juga nggk di bayar gwe pernah kerja di sanah nggk di bayar pul juga , emng bngsat ungya susah di sanah dan keytam dalam wawancara akan di tunda dulu ikn akan di gukn 2028 ahhh payah kou inih",0,1,0
Jos cak 👍👍,0,1,0
"wkwkwkkk mangkrak itu sepi, ngk ada pekerjanya cuma 5 orang suruh kmpl pake seragam palingan juga crew nya di dandani pake seragam wkwkkkkkk",0,1,0
Nice ikn,1,0,0
"Duit APBN ,dijadikan pasilitas mewah utk pejabat,,Kasihan rakyat",0,1,0
Banyak produser film akan dtg membuat film horor disni,0,1,0
Makan  kaulah,0,1,0
"Mtrnwn Mas infone,  smg jg pahala, bisa memberikan kebenaran ttg IKN. Smg Alloh memberi kelancaran  dan perlindungan dlm.pembangunan IKN.",0,1,0
Aku mau klo langsung di angkat PNS pindah IKN😂,0,1,0
"Raimu buzzer istana, bulek mata hati lu",0,1,0
Luar biasaa keren ikn mantap sebagai ibukota negara,0,1,0
dimana alamat yoong motornya koh?,0,1,0
Ikn. Mangkrak,0,1,0
"Yang penjilat manusia yang benci BPK Jokowi .,",0,1,0
Bersyukur banget bagi yang bisa tinggal disitu nantinya,0,1,0
Ngapusi,0,1,0
Ikn gelap,0,1,0
"Pekerjanya bisa di itung jari, mana bisa cepat selesai itu.
Pekerja buat bangun Rumah Sakit di di daerahku aja bisa ratusan pekerja lalu lalang.
Pengurangan pekerja apakah akibat dari pemotongan anggaran.?",0,1,0
Saya kerja di ikn boskuuu...gjian lancar jayaa,0,1,0
Ikan memang dilanjutkan terus sama donatur nya.kalau jadi mereka semua tinggal angkat kaki dari jkt pindah ke ikn.. kita rakyat tetap begini begini saja,0,1,0
"Proyek gak berguna bagi kebanyakan rakyat...

Buzzer...!!",0,1,0
Yang koar2 bilang IKN mangkrak mana suara nya??😂😂DPR Gak ada t4 di IKN😂,0,1,0
"bukan mangkrak ,tapi sudah diptuskan melalui rapat tertutup oleh menteri infrastruktur AHY ,Tidak lagi menjadi prioritas",0,1,0
Ngefans karo dirimu ko..lucu orang nya..,0,1,0
"Kaum pembenci disarankan jgn lihat video ini,,nanti mencret dan muntah darah😂😂😂😂😂",0,1,0
"Yg ngomong IKN mangkrak itu kan orang stres, gangguan jiwa karena terus mencari2 kesalahan pak tapi gak bisa2 membuktikan",0,1,0
"Mw lanjut ato nggak,saat ini proyek IKN  kurang kebermangfaatannya.. Sudah bagus di stop dlu untuk penghematan anggaran negara..",0,1,0
Mengko lak mangkrak di pancal cocotmu sak Endonesia lho😊,0,1,0
Buzzer mulyono beraksi..😂😂😂😂,0,1,0
"Wlaupun bngunan ini jadi suatu saat
Para pembnci akan ttap berdoa smga gagal
Krna brhsil pun mrka akan cri alsan lain buat hujat😂",0,1,0
"Gerombolan sebelah mna mau tau
Pkoknya brfungsi apa kagak
Pokoknya mrka gk mau tau hnya blang itu mangkrak😂😂😂
Kaum2 iri mmg bgtuu
Jdi kalo ad hsil dri jokowi mrka tiba2 buta😂😂😂😂
TOLOLLL",0,1,0
"Bagian yg buruk, gmn ekosistem yg hilang, gmn respons warga sekitar, terutama gmn flora fauna tdk akan diangka oleh Youtubeer2 😅😅😅",0,1,0
Masyallah tabarakallah ikn makin keren makmur dan sejahtera,0,1,0
Mangkrak lah tu bodat..😂😂😂..babi penjilat..😂,0,1,0
Ternak² rezim😂😂,0,1,0
"Terima kasih bro, sudah ke IKN, semoga berjalan lancar pembangunan nya❤❤",0,1,0
amin rais kubur disitu buat tumbal saja,0,1,0
Buktikan itu mas bro...yg nyinyir ben paham...😅😅😅,0,1,0
"Biaya maintenance per bulan nya 1,4 T, woŵw fantastis,apa gk senang tuh ada dana segar buat oligarki,,kn bisa tipis tipis di embat tuh anggaran,tau aj korup merajalela,,para pejabat senang,,dan rakyat jgn telat y bayar pajak😅,,itulah semboyan dari rakyat oleh rakyat untuk rakyat😂😂😂kocak",0,1,0
"jadi yg seperti sdh jalan gitu maksudnya, swisshotel sdh operasi trus ada pengunjung 😮",0,1,0
"Saya Berkeja di PUPR Kalimatan Barat Emang Mentri Pak Basuki Luar Bisa Pekerja Keras Kami Paham Betul Kinerja ya Luar Bisa Kalau di Bidang Infrastruktur Jagonya,Panglima Ifrastruktur.",0,1,0
proyek elit global dan elit lokal mulyn0,0,1,0
proyek elit global dan elit lokal bos mulyn0,0,1,0
Klo saya bilang nitizen itu 100% korban sosmed setuju gak....,0,1,0
"Rocky gerung di percaya omongannya , dia hanya ga suka jokowi karna mungkin dia ga dapat jatah 😂!!! Apapun yg di lakuin pasti di hate dan di cari2 ksalahannya . Smngat ya para pendukung anis para kibin doboll , selamat sperti cacing kepanasan !!",0,0,1
"Kl bilang mangkrak itu orang yg ga tau, orang yang sok tau orang yang ingin menjatuhkan",0,1,0
"Lu influence, tlg review jg dong investor2 nya bos sp2 sj. Oke gas",0,1,0
Awalnya saja... tunggu 1 tahun kedepannya jadi kota terbengkalai...,0,1,0
Mas saya suka makan soto pake kecap manis😂,0,1,0
orang yg belum tau ikn kasih tau biar berhenti mengatakan mangkrak,0,1,0
"Kalau mereka hati BOSOK ....ya Tetap BOSOK ...apapun itu yg dilakukan Pemerintah dan pembangunan Besar ini Berkesinambungan ....Pak Sukarno dulu punya cita cita ...hanya yg Eksekusi Pak Jokowi ...dan yg menyelesaikan Bapak Prabowo ...gitu aja kok repot....
Salam Akal Sehat 
Hati Bosok Minggir ...",0,1,0
Anak abah Monggo komen 😂😂😂,0,1,0
Semoga anak2 q bisa kerja jadi ASN di IKN aminnn..,0,1,0
Lo mau bangun negara lo sndiri aja d caci maki gmn mau negara ini maju positive thinking aja cuk intinya smua sing pada sehat 😂,1,0,0
"Saya berharap IKN jadi ibukota yang modern seperti singapore lah.bersih,tertib,fasilitas terus dijaga.karena ini kan sebuah awal peradaban,harus nya ya dibuat sebaik mungkin.ya semoga dengan klo kota nya nyaman,aman,bersih seperti layak nya negara singapore atau sudah banyak tempat2 yg bisa dikunjungi makin bnyk pula org2 yg senang pindah ke IKN",1,0,0
Roky gerung itu orang sakit   penggemsrnya ya  orang orang sakit,0,1,0
CAIR CAIR CAIR,0,1,0
Anak proyek ketawa mendengar ocehanmu.,0,1,0
Hancurlah. Negri ini. Duit di hambur2.  Kan.  Rakyat miskin. Dimana2  Macam gembel.  Di negara mana org indonesia. Merantau. Selalu di hina org.    Rakyatnya. Miskin.  Ekonomi.  Nya. Miskin.,0,1,0
"Yg suka bilang ikn mangkrak yg NDA suka indonesia maju, pasukan sakit hati kerja NDA pecus yg malas kerja seperti rizik mau berkuasa pemalsu segala cara sampai modar tak akan berhasil.",0,1,0
Luar biasa...,0,1,0
Ooh ini nih slah satu yg buat PPN naik,0,1,0
Lah berarti presiden pun akan tinggal disana ya di ikn,0,1,0
Kl sdah slesai itu ikn mau jadi apa gua tanya..😂😂,0,1,0
https://youtube.com/shorts/XzXtpCJqbnY?si=BbFMhJIrfPcgOJOv,0,1,0
Ngomongnya yg bener bang,0,1,0
Proyek Kepentingan😂😂,0,1,0
❤,0,1,0
Percuma... Semewah apapun di IKN .. KALAU RAKYAT NYA MASIH ADA YG DI TINDAS... LIHAT TANGGUL LAUT... ITU PAKTA NGK BISA DI BANTAH,0,1,0
"Aaaaaaaahahaha 
Aaaaaaaahahaha 
Aaaaaaaahahaha 
🤣😝🤪🤪😝🤣",0,1,0
😂😂😂,0,1,0
Mantab lah IKN Nusantara,0,1,0
Nga ada orang berkerja....Sunyi...Sah mangkrat...Mana pkerja Om...😢😢😢😢,0,1,0
Alhamdulillah ya Allah SWT amin ya Rabbal Alamin 🤲🤲🤲🤲,0,1,0
"Mantap IKN cuma dengar aja blm pernah kesitu waktu sudah jadi ini,semoga IKN jaya selalu.",0,1,0
Hingga detik ini kami masih bekerja di IkN Lo bos😂,0,1,0
Pembawaan lu lucu bangen bang..gw terhibur nonton nya😂😂,0,1,0
????,0,1,0
"tenang, hanya kaum orang gagal dan negatif yg bilang ikn mangkrak, wkwkkw, hail indonesia",0,1,0
kontraktornya tetangga saya  masih jalan hingga saat in,0,1,0
"Sy bangga proyek IKN, sy bekerja d proyek paspamres msh berlanjut tdk mangkrak,sy bangga bs membangun ibu kota IKN",0,1,0
"Mas ,itu orang yg bilang makrak dia cemburu g,dapat proyek alias sirik, Ikn maju terus ,dr aceh",0,1,0
Wao kuntilanak bakalan betah tinggal di ikn n hotelnya,0,1,0
Yah sekarang untungnya buat rakyat apa Jing  kecuali anjing anjing berduit yang gila barang pinggir silit malem oh yes para setan yang ngga kuat bertani secara alami ept aja epot loh pada dengan gaya congornya,0,1,0
Ujung2nya ninggalin utang,0,1,0
Pk Jokowi hebat  lurr ......,0,1,0
Yang ngomong ikn mangkrak itu hoak itu antek orang orang bodo yg jadi antek antek asing orang Indonesia yg bodo banyak bacot,0,1,0
Wisatawan 😬,0,1,0
Cina indon  ke jawa indon😂😂,0,1,0
"Pak Anies dan ahok harus hentikan proyek ini, Jawa harus tetap jadi pusat ibukota karena jumlah orang jawa lebih banyak dari lainnya..Mulyono penghianat jawa",0,1,0
Penjilattt,0,1,0
Buseett.. hotelnya semalam 35juta??😱😱. Udah peket umroh donk,0,1,0
jd hutan,0,1,0
Mantab masse❤❤❤,0,1,0
Sakit di perjanjian 130 tahun re,0,1,0
Terus apdet ikn mas ... Indonesia merdeka....biar saja orang orang dungu itu pura pura buta....lagi lagi mahasiswa ... Indonesia gelap....dia di gelapkan oleh orang orang yg tak suka Indonesia ini bangkit,0,1,0
Alhamdulillah bs lht IKN jelas mkipun di yutup mksh koko,0,1,0
"Fakta nyata agar para pembenci jgn asal bicara,kalau IKN Mangkrak ternyata IKN masih di kerjakan sampai sekarang....",0,1,0
"Itu para profesor, doktor dan para politisi yg bilang IKN mangkrak berarti mereka tolol  dn goblok,kurang jalan2 tapi banyak bacot ya.....",0,1,0
"Memang tidak mangkrak, tapi masih butuh modal besar,, ujung2nya ngutang lagi-ngutang lagi...",0,1,0
luar biasa ikn❤❤❤,0,1,0
Hahaha,1,0,0
Ngapak hadir,0,1,0
"Kalo ada Kota yang dibina mesti ada masjid gede nya, mungkin gak ada masjid nasional di IKN...kok ada tunjukin...",0,1,0
"IKN sekarang penghuninya , jangkrik semua, karena udah ditumbuhi semak2 😂",0,1,0
Itu bukan burung garuda mas,0,1,0
"Ibu kota Indonesia bung 
Negara kita Indonesia  bukan Nusantara",0,1,0
Swiss hotel nudantara itu milik siapa ya?,0,1,0
inilah hasilnya mari kita dukung  IKN,0,1,0
Yg blg mangkrak psti org luar kaltim😂😂😂😂,0,1,0
"HUSS, BARANG DIRAHASIAKAN KOK DI UDAL UDAL
ASEM",0,1,0
"JANGAN BODOH terus ya ❤
cek anggaran ikn 2025.
Cek pejabat ikn mengundurkan diri.
Cek investor asing yg zonk
Cek hubungan hotel dan pagar bambu.
😂",0,1,0
Bahasane kuwi loh jowone medhok banget😂😅😊,0,1,0
Anak saya juga ada proyek di IKN .. Gk percaya kalau mangkrak,0,1,0
"Sebelumnya pake jakarta sebagai ibukota, Setelah rusak pindah ke kalimantan 😂, inilah wujud orang orang Indonesia. 50tahun Setelah ikn dan kalimantan rusak, pindah ke papua.",0,1,0
Wtfak 1 malem? 30jeti,0,1,0
duit pajak lu semua tuh dibikin kasur pintu meja.. buat orang2 kaya 😂😂😂,0,1,0
"Kalau saya dulu dukung Jokowi, lalu kemarin Coblos Prabowo..tapi saya ga suka dengan dibangunnya IKN..apa sy dimusuhi? karna IKN itu ga penting dan Ga urgent!!! ngabisin anggaran Negara",0,1,0
Matanya katarak yg bilang ikn mangkrak,0,1,0
Pembangunan perlu sekala preoritas...jng sampe jd beban Rakyat...salam Waras,0,1,0
Prabowo said : mangkrak ndasmu,0,1,0
"Proyek badut tanpa persetujuan rakyat tapi ujungnya membebani rakyat dengan menaikkan pajak ,,negeri dungu😏",0,1,0
Yg nadi persoalan siapa yg mau nempati,0,1,0
"Yokk Temen2 Se- Indonesia dateng ke IKN
abis ke IKN main Fun Fotball ma kita disini ...di tunggu ya kawan 😁",1,0,0
Orang dari desa ku 40 orang baru brangkat 1 buln yang lalu.. proyek di ikn.. alhmdulillah lancar,0,1,0
Burungnya ko nunduk gtu ya.. baru ngeuh.,0,1,0
"ada yang cair,tapi bukan es🤣🤣🤣🤣🤣",0,1,0
uagghhhhh!!! 😂😂😂😂,0,1,0
suaranya bocor hahaha,1,0,0
Trus duitnya mana wonk sdh di blokir wooiiiii,0,1,0
35 juta rupiah semalam sama di kebanyakan Presidential Suit di mana mana hotel 5 bintang,0,1,0
Makra.matamu.dancuuk,0,1,0
Saya hanya bisa bantu Doa semoga Indonesia Emas terwujud walaupun saya udah tidak menyaksikan Aamiin,0,1,0
Buzzer 100%,0,1,0
kalau 1 tahun kedepan mangkrak proyek IKN apa bersedia datang meliput dan upload di youtube lagi?,0,1,0
"yg biLang mangkrak itu kyak OMONGANnya sndiri kpda pak Jokowi, ""NGIBUL AE"" kerjaannya.. melempar batu sembunyi tangan,, cara syetan mengelabuhi manusia yaitu kyak yg bilang IKN mangkrak...

pembenci Jokowi mah mana mau k IKN,, selain takut bayar buat k sana, mreka juga malu karna omongannya dan karna perasaan bencinya kpda Jokowi,, makanya punya hati itu jangan d isi yg kotor²,, makanya gak bisa nikmatin IKN 🤭🤭",0,1,0
Omong kosong,0,1,0
"Aku fokus nang ibuk aremanita iki,bohay 😅",0,1,0
Emang dengan bangunan megah Indonesia jdi maju. 😂😂😂😂 yg bkin Indonesia maju itu kesejahteraan. Bukan bangunan mewah yg menghabiskan uang. 😂😂 klu perekonomian negara maju pasti negara nya jg maju. Berfikir donkk.  Kesejahteraan yg menentukan negara itu maju. Klu SDM nya sdh membaik tdk perlu bangunan megah. 😂,0,1,0
"Kebenaran itu nyata kebohongan itu satu saat nanti akan terbuka sendiri walaupun mau ditutup tutupi saat nanti ketahuan 
Apa Indonesia ini prilaku atau tabiatnya seperti ini  
Kegagalan keberhasilan masih semu 
Rakyatlah yang merasakannya",0,1,0
Baru mulai mangkraknya Bro...tunggu aj tgl mainnya. Mahasiswa aja udah mulai unjuk rasa,0,1,0
"kalau nanti ujungnya mangkrak, video ini akan menjadi bukti dan pertanggung jawaban anda nanti mas",0,1,0
"Lah kek ke kuburan tidak ada mobil lewat, tidak ketemu orang di jalan, lagian kalo gak mangkrak pasti Gibran udah pindah ke sono, mikir woii",0,1,0
"Untuk menilai nya itu gampang, lihat aja gak ada orangnya.... Kalo gak mangkrak... Pastiiii rameee.. Lol...",1,0,0
Lah si Gerung Roxi orang gak jelas ......itu mah,0,1,0
"Maju terus IKN q ❤❤❤ ❤❤❤ you, top markotop",1,0,0
Bazer penyjilat,0,1,0
Iya bang mantab banget  . cuma ko ndak kunjungi masyarakatnya dan tanya gmana keadaannya ???,0,1,0
Mangkrak.. Gak ada yg kerja  🤣.,0,1,0
Di tunggu² gajian nya bapak² pekerja..,0,1,0
"anak abah itu tolol2, anak abah ngarep bener ikn mangkrak.
udah pulang rohingya sonooo",0,1,0
"Yg mangkrak2 itu di jaman SBY,iya kan.....
IKN itu awalnya hutan belantara kalimantan,tapi lihatlah sekarang yg begitu luasnya pembangunan disana.yg nantinya dapat menyerap lapangan pekerjaan.",0,1,0
sepi sekali itu kmna orng2 nya beda sma d jkrta rame...,0,1,0
istananya kebnjiran😂,0,1,0
pencitraan,0,1,0
istana negara mulyono dan oligarki,0,1,0
Suasananya dah mirip di LA dong.,0,1,0
"Lanjutkanbang Andy, tuk buka mata orang² yg bisa nya cuma nyinyir, fitnah dan sebar berita hoax tentang Ibu Kota Nusantara ( IKN )",0,1,0
Jangan sampai karena negara tidak mau malu mengorbankan anggaran besar dengan menaikkan pajak besar untuk ambisi membangun ikn,0,1,0
"saya yakin ikn akan bermanfaat di masa depan asalkan pemerintah konsisten membangun ikn,biarpun masyatakat sekarang susah tapi klo ada hasilnya jadi g percuma,inves untuk anak cucu,biarpun bukan orang kalimantan😂",0,1,0
tu penunjuk jlnnya urang banjar kalo,0,1,0
Gerombolan sakit hati yang bilang IKN mangkrak,0,1,0
"Iya ga mangkrak, tapi uang cuma buat ibu kota aja, banyak rakyat miskin..  lol. Sekolah , kelaparan, banyak pengangguran.. ..",1,0,0
"D byr brpa klian bro buzzer???
Suami sya kuli proyek.
Jd dia yg ngajarkan permainan kayak gini,klau ug punya rmh dtg,smua kuli sdh d setting😂😂😂😂",0,1,0
Ini yg suka ngjlek jlekan para pndri ikn kmna ya ga pada komen,0,1,0
Saya lebih pokus ke abang nya kocak sekali 😅😅 sangat menghibur 😅😅,0,1,0
Ini seperti hambalang di era SBY yg mangkark dan juga banyak yg korup .mudahan di era jokwi ikn tdk ada yg korup dan di truskan prabowo .lanjt apa gak nihh🎉,0,1,0
Yg bilang mangkrak itu pastinya anak abah sama pendukung om ganjar 😂😂😂,0,1,0
Mana yg kerja😂 paking temennya sendiri disuruh mondar mandir untuk nyamar pekerja  yg di mobil juga kelihatan orang di bayar😅,0,1,0
Mantap  lanjutkan  IKN    hadir  dari   indonesia  timur  mendukung   ❤NKRI,0,1,0
Salah nulis judul bukan mangkrak  tapi NGANGKRAK,0,1,0
Rocky gerung berarti bikin berita hoax😂,0,1,0
Bangun menara pencakar langit,0,1,0
"Ckckck larange ,sangune mrene kudu akeh 😮",0,1,0
"Mana yg sepi. Jangan di ungkapkan berdasarkan logika tampa mengatahui fakta yg ad dilapangan. 
Liat perkembangan nya sekarang. Dijamin sangat cantik",0,1,0
Untung bukan anis presidennya😅,0,1,0
Ikn adalah produk dajjal jokowi.,0,1,0
Kon iku taek an .,0,1,0
brp bnyak penjahat rakyat yg mdpatkn  untung  dri proyek ikn.,0,1,0
Tidak sia'' beli kaos sendiri untuk mendukung bpk presiden jokowi dodo sehat selalu bust bpk presiden ku,0,1,0
Saya bosan juga di titik terendah ko 😅,0,1,0
Entahlah,0,1,0
Mangkrak= Mangan kerak.,0,1,0
Penjilat2 wkwk cair brp?,0,1,0
Ya sebagian dah JD...wong brp trilyunan,0,1,0
Klau ingin dapat jabatan para buzzer harus rajin menjilat penguasa tdk perlu sekolah yg tinggi tinggi...,0,1,0
"Luarbiasa.
Smoga membawah berkah bagi  bangsa dan negara ini.",0,1,0
Tukang poyeknya pada di pulangkan. maaf fakta,0,1,0
AKU DOAKAN IKN BERJALAN DENGAN LANCAR DAN IBUKOTA BENAR PINDAH KESNA DAN SEMOGA ADA EFEK POSITIF NYA BUAT WARGA JAKARTA..AAMIIN,0,1,0
Sampean stil cak ... 👍,0,1,0
IKN sama aja dengan Bangladesh ....,0,1,0
"Trus... Apa faedahnya buat kita?
IKN Cuma memfasilitasi orang2 tertentu. Dmn anggaran dari rakyt kecil.
Ada yg lebih penting drpda pmbangunan IKN. 
Pendidikan.
Lapangan pekerjaan.
Bahkan sodara kita yg di timur masih serba kekurangan.
Jadi apa yg patutu di banggaka dari IKN???
Lebih bangga klu pejabat bisa menyejahterakan rakyat.
Jadi sila ke 5 tidak cuma buat embel2 doang.",0,1,0
Jokowi terlalu sombong dg keadaan keuangan negara kayak begini bikin proyek ribuan triliun mana investornya yg ngantre mulutnya yg boong,0,1,0
Kosong melompong,0,1,0
"yg membencimu akan tetap membenci apapun kebaikan yg kamu berikan dan yg mencintaimu akan tetap mencintai apapun keburukan yg engkau lakukan. kita tidak bisa memaksa orang lain untuk menyukai kita, dan orang lain pun tidak bisa memaksa kita untuk menyukai hal yg kita benci.",0,1,0
Katanya mau sekarang di tempati.. Knp kok di tunda lagi,0,1,0
"Mas Andi pinter, takut kepanasan lari ke hotel hehe..
Setaun lg itu IKN jg pasti dikuasai monyet mas..",0,1,0
"Iya bro itu sisa anggaran tahun lalu,klau untuk anggaran tahun inikan SDH di blokir, tapi klau masih berlanjut sampai tahun depan,kemungkinan uangnya tetap cair,tapi di media ngomongnya di blokir atau Uang investor bro..",0,1,0
"Ini vidio setagun yang lalu cuk😂😂
Sekarang sudah jadi hutan jangan mau di bodohi bocah iki😂😂",0,1,0
Yg bilang IKN mangkrak itu gerombolan roky gerong cs..roky juanncokk...,0,1,0
Anak abah dan anak uban ndak suka lihat postingan ini.,0,1,0
"Susah bro kalo berurusan sama masyarakat penjajah yg sakit hate 😂 , kami masyarakat indonesia sangan berterimakasih dengan pak Ir. Jokowi dan bpk. Prabowo ❤",0,0,1
Preeet....nikmatin Dewe wesss...,0,1,0
Lucu maseeh...ojo gawe kecap manis opo'o seh? Wedi diabetes ta😂😂😂 salam dari kal-teng,0,1,0
Keren ini,0,1,0
"BILANG MANGKRAK KARENA SUDAH KETELAN RASA KEBENCIAN YANG PERMANEN
JADI SETRES UNTUK MENGHASUT PENGIKUTNYA
PENGIKUTNYA PUN PERCAYA DAN MENELAN MENTAH MENTAH.

YANG MANGKRAK ITU ROCKY GERUNG NGGAK KAWIN KAWIN 
JOMBLO TUA",0,1,0
"Biasanya yang ngomong mangkrak para ternak yaman,",0,1,0
oalah.....,0,1,0
yg bilng ikn mngkrak datng sendiri liat dengan mata klian sendiri...jngn cuma dengar berita yg gk jelas..,0,1,0
Lah tetangga saya banyak yg proyek disana masih anteng bikin story typ hri wkwk,0,1,0
"99% orang Indonesia tdk akan pernah bisa nginep di hotel tsb, ngapain dibahas.",0,1,0
Josss...gandosss...,0,1,0
"Konten yang vulgar tanpa polesan bahasa-bahasa filsafat para dewa logat khas tradisional tanpa gaya bahasa kebarat-baratan,,tanpa seremonial ,,, hotel mahal buat orang-orang berduit untuk menggaji pekerja hotel itu ,,, pasti nggak bisa untuk pengguna green application 😂😂😂 yang biasa dipake oleh orang-orang sok suci dan  berpenampilan sok religius tapi suka ngamar /mut'ah married,,,.
Yang hujattttt dan bikin berita hoax tentang IKN harus lebih semangat lagi cari isu dan apa saja kekurangan IKN saat untuk membantu proses pembangunan IKN. 
Generasi Muda yang mau bekerja di IKN sekitarnya supaya kebagian berkah kemajuan IKN SEKOLAH YANG BAIK,, KULIAH YANG BAIK, JAGA MENTAL YANG BAIK pasti kelak bisa menikmati berkah kemajuan negara tercinta NKRI",0,0,1
Sepi....hanya kelihatan pekerjanya aja....hotel utk rajyat kecil ya????grand gitu....,0,1,0
"udah 2025 loh , seriusan gak bisa bedain mana yang mangkrak dan mana yang masih on progress? 
ayolah guys, benci sih boleh boleh aja tapi ya jangan goblok lah",0,1,0
Ih..jd lbh bagus dr pd jakarta ya klo sdh aktif kehidupan disana ❤,0,1,0
Horor,0,1,0
Mangkrak ndasmu..!!!,0,1,0
TIRU,0,1,0
ijin ku share ko 👍🏻👍🏻,0,1,0
IKN investasii buaat manusia yg terdidiikk.. Reformiiss pnyaa.. msookk slaahh??.. Impiiaann thoo..??!!,0,1,0
Yg bilang mangkrak kan gerombolan Sengkuni.,0,1,0
"Ternak 
mulyono",0,1,0
Punya siapa suwis Hotel itu,0,1,0
Brpa biaya masuk di kawal gtu bang??,0,1,0
Dasar pekok. Lah itu mangkrak semua alatnya... Gak ada pekerja yg kerja,0,1,0
Honda blade boleh masuk 😅,0,1,0
"Yg sakit hati biarkan ttp sakit,sdh gak bisa ditolong mereka😎",0,1,0
Boleh buat kalian2 para koruptor  35jt  gda apa2nya,0,1,0
"Pasti dibayar Mulyono,keren NDASMU",0,1,0
#INDONESIAGELAP,0,1,0
Mas bro aku mau tanya sudah byk kuntilanaknya Belun itu?,0,1,0
"Kenapa gedung Garuda berwarna hitam,pengen tau gak sampean karna ini projek rejim berhati hitam butek.",0,1,0
kalau mangkrak.jokowi aja suruh buat tdr di IKN,0,1,0
Terus maju indonesiaq❤❤❤❤❤❤,0,1,0
Yang bilang mangkrak itu kan yg 16%&24%....kalau yg 58% itu selalu mendukung...,0,1,0
Mana yang ketar ketir udah gitu bilang macam mana.everthing go down to the drame.,0,0,1
"Sampeyan mekso ae, wong kok gak oleh mangan soto karo kecap manis,…😂😂😂 
Masalahe aku duoyan banget soto karo kecap manis broooo 😂😂😂😂",0,1,0
"Jadi yg sudah mengerjakan pembangunan tetap lanjutkan, tapi untuk pembangunan yg baru di bangun di STOP dlu... Alias mangkrak sebentar, menunggu TAHAP KE 2. Terimakasih",0,1,0
Mantabsss😊,0,1,0
yg ngomong mangkrak rombongan sakit hati yg blm sembuh om wkwkw,0,1,0
Rocky gerung itu hanya ngomong ja,0,1,0
"Seharusnya mikir kmu bro...sdh brpa janji dari mulut jokowi yg tdk ada buktinya,bilangnya tahun kmaren pindah tpi zono,sblumnya juga mau pindah zonk lagi..otak kok gk di pakai kmu nyuk nyuk.masih aja percaya si mulut busuk si kodok",0,1,0
Yg bilang mangkrak propokator.,0,1,0
Mantap  bagus banget y,0,1,0
KONTHOOOLL 😃😎🤣😎😎🤣🤣🤣,0,1,0
coba dong bang masuk ke pbangkit tenaga surya ..jalannya sudah baik belum ..jgn melebih lebihkan to mas mas,0,1,0
Yg menikmati ya para pejabat kita rakyak cuma bisa ngliat dan mendukung dgn rajin membayar pajak😂😂😂😂,0,1,0
Ikn mantap....,0,1,0
"Org yg sirik dengki..yg ga mendukung IKN.
Demi kemajuan bangsa dan negara..kt bangga pnya ibukota baru..",0,1,0
Baru liat ruang kamar hotel terkeren swissotel,0,1,0
Yg nyinyir lihat hotel.nusantars IKN bukannya mangkrak tapi terus di kerjakan kota modern Indonesia masa depan JD jangan ngikuti orang2x yg gak suka Indonesia maju pemindahan ibu kota Indonesia dari Jakarta ke IKN lebih baik lagi,1,0,0
Berantas dulu korupsi.bersihkan aparat dari oknum yg sudah terlalu banyak.betulkan birokrasi.itu aja dulu.selama korupsi masih jalan.gak bakalan maju Indonesia yakin saya 100 persen,0,1,0
Mantap teruskan dnjgn merasa senang dulu ok,1,0,0
"Sebenernya bukan mangkrak 
Tapi Anggarannya di fokuskan dulu ke hal lain",0,1,0
oke,0,1,0
"Hanya anak anak Abah yg merasa tersakiti dibumi dan merekalah yg mengarang fitnah dan ocehan tanpa bukti,karna mereka merasa paling suci dan benar di muka bumi 😂😅,kebanyakan pembela Anis kan yg berpakaian suci",0,1,0
❤❤❤❤❤❤,0,1,0
😂😂😂,0,1,0
"Gaplek,bosomu cak,Jik stil ga rambutku,😂🤣",0,1,0
Keren,0,1,0
eman eman lak mangkrak..,0,1,0
Mana yang kerja 😂😂😂😂😂 orang alat berat semua ga ada yg kerja 😂😂😂😂,0,1,0
Waktu yang akan membuktikan,0,1,0
"IKN akan sepi penghuni,
tapi ramai pengunjung, 
karena menjadi tempat wisata. 
Sungguh tidak berguna",0,1,0
"Yg bilang mangkrak IKN itu adalah orang2 yg ga senang dan tidak suka terhadap kemajuan Bangsa ini,,mestinya banggalah punya karya anak bangsa punya IKN yg dibangun oleh bangun oleh anak Bangsa sendiri bukan Istana warisan lagi,,salam sehat dan salam waras,Tuhan memberkati NKRI❤",0,1,0
Mangkrak mgkn engga.. sayang kan sayang banget.. kalau jakarta tbtb tenggelam beeneran bagaimana? Butuh waktu untuk proses pembangunan.. itu ibukota yang pindah bukan 1 rumah 😆 harap maklum..,0,1,0
Ni yg komen positif akun” buzzer biar yg udah di set dan dibayar pengusa biar gak malu” in dirinyaaaa,0,1,0
"itu jls msh ada aktifitas pengerjaan proyek,karna ada sisa dana program sebelumya,silahkan kmbali ngevlog lagi k ikan  3 bulan kedepan...mangkrak bengkak broh,karna dananya diblokir",0,1,0
"Top..
Ngasih keterangan sampai ngotot...habis ini ngombe seember.hhihihi",1,0,0
"Dimana ada kemauan disitu ada jalan. Yang penting mulai aja dulu, insyaallah Allah kasih jalan dan mudah2an diberi kemudahan.
Ini berlaku bukan hanya soal IKN. Tapi juga setiap hal baik yg kita inginkan/lakukan..",0,1,0
"Namanya bikin kota perlu waktu lama tidak instan jadi,bangun rumah saja berbulan bulan kok,",0,1,0
Bravo bro 🙏🙏🙏👍👍👍,0,1,0
Yg bilang mangkrak maennya kurang jauh,0,1,0
Dari dlu smpai saat ini sbnarnya ga ada proyek mangkrak,0,1,0
Opening e wes Ndasku ndasku😂,0,1,0
"duite arek dewe kabeh kui, mantaplah kemewahan sudah diwakilkan oleh pemerintah",0,1,0
"Senangnya jadi pejabat, rakyat biasa mana bisa nikmati fasilitas kayak gitu",0,1,0
"Aku di Banjarmasin ,aku suka ke IKN ,ada progress afa perubahan,jadi kalau yg bilang mangkrak itu pesimis aja.
Slow fast dan efisiensi bukan berarti bangkrut",0,1,0
IKN makin terlihat ❤🎉,0,1,0
😂😂😂😂😂..... PENJILAT 😂😂😂😂😂,0,1,0
Teriak sepuasnya. Tapi saya tidak liat orang lalu lalang. Kapan ramainya. Jangan2  nantinya ditempati bukan OI.,0,1,0
Melihat sesuatu jgn hanya yg indah2 saja tetapi yg jelek2 ny harus di lihat juga maka dgn kata lain jgn menutup mata sebuah fakta dgn menggiring sebuah opini!!!!!,0,1,0
Alhamdulillah.. ternyata hanya hoak yg bilang IKN Mangkrak😅😅😅,0,1,0
Kang dabruss,0,1,0
Profesinya apa bos... Tamu vip kh anda,0,1,0
"Niat baik seorang pemimpin dan telah diundangkan koq banyak yang tertawa kalau IKN mangkrak, apa sebegitunya kepentingan politik untuk mencari sebuah simpati, jadi mohon maaf kalau IKN dilanjutkan bukankah imbasnya adalah untuk pembangunan masyarakat jangka panjang kalau saja negara indonesia memiliki capital city dan kota negara amat sangat membanggakan negeri ini akan kelihatan indah ketika berpikir tentang masa depan bangsa, pak jokowi merupakan perantara IKN makanya harus dilanjutkan, salam wras tanpa kepentingan",0,1,0
jilat terus ampe liang bur 😅😅,0,1,0
mahal ini dia bayaran nya,0,1,0
"Proyek Nasional yg 'katanya' tidak akan banyak menggerus APBN dan sudah BANYAK investor asing/swasta yg berinvestasi...,tetapi 'faktanya' sekarang ????",0,1,0
"Bayaranmu berapa?😂😅,,, 
Sampai sekarang TDK ada investor asing yg masuk kecuali dana 9naga😅😂",0,1,0
Mantab mass Andy 👍🏻👍🏻👍🏻,0,1,0
Aq kok seneng ya liatnya... MasyaAllah... ❤❤❤,0,1,0
Duite gag nglanjutne ra enek cubng😅,0,1,0
Looks like a propaganda video. Dijemput alphard…. Tour… hahah,0,1,0
Trus ikn gak dipkai😅😅,0,1,0
Preet,0,1,0
Semoga ikn menjadi ibu kota Indonesia,0,1,0
"Kubu seblah kufur nikmat dan sakit hati akut, jdi bebal mudah masuk neraka",0,1,0
sy juga punya temen krja di situ msih jalan kt y ikn .,0,1,0
Hooooooy   org 2  sinting   IKN   itu di bawah   gunung bukit suharto  .  Kalau musim hujan   pasti   kebanjiran   .    Saya  org  asli  SPAKU    IKN   pENAJAM    kaltim,0,1,0
Byk bacoooot     kau    .    Ikn kalau musim hujan    pasti  kebanjiran coooooy,0,1,0
"Kalau mau buktikan 1 / 2 tahun kedepan , itu kan memang lagi berjalan proyeknya , masih berjalan anggarannya , ini awal aja sdh dipangkas anggarannya .",0,1,0
Seperti Lagu nasibmu  untung bukan Ikn,0,1,0
Jadi memang yg bilang mangkrak itu ngawur aja ya...sok tahu tp kliru besar. Apalagi yg bilang sudah jadi city ghost itu berarti dia sendiri ghost nya yaa...😅😅😅,0,1,0
Rocky gerung nnton gk ya wkwj,0,1,0
"Yg nyinyir ikn mangkrak ,tunghu aj klo suatu saat jakarta tenggelam , 😂😂😂 , baru pada bisa mikir kalo ada baik nya di bangunya ikn",0,1,0
Ada yang panas ...,0,1,0
Ternak Mulyono,0,1,0
Biasa kelompok sakit hati hanya bisa nyinyir dan menuduh mangkrak mungkin krn otaknya sdh kena virus😂😂 maju terus semoga ikn cepat selesai kebetulan adik mau pindah ke ikn di anggaran,0,1,0
"vlog IKN paling detil so far 
UAPIK CIKKKKK  🔥",0,1,0
"Buat ap ikn, rakyat g mungkin bisa masuk",0,1,0
"Anak abah pasti kecewa lihat kenyataan ini 😂,, yg di pengen anak bah kan mangkrak",0,1,0
Ngedabrus,0,1,0
"Ketika influencer lebih dipercaya dibandingkan akademisi dan para pakar Jika kita tidak segera memperbaiki literasi masyarakat, kita akan menghadapi generasi yang sulit membedakan antara opini populer dan fakta yang valid. Pada akhirnya, ini bisa mengarah pada pembodohan massal. Di mana hanya popularitas yang dipandang sebagai ukuran kebenaran",0,1,0
"Ini  di swissotel, aku kerja di rusun ASN 1 pas sebelahnya hotel ini.",0,1,0
Semua org tau klo kerj di ikn pada gk dibayar😂,0,1,0
Saya yakin kalau IKN ini sudah bener bener selesai 100 % pengerjaannya pasti akan jadi Kota Termewah di indonesia,0,1,0
Emang sepi,0,1,0
R nya hilang pemandu nya slah2 kucatuk ni lah 😂😂,0,1,0
"Beno koyo wong edan tapi aku seneng, terhibur dg cara mu menyampaikan...",0,1,0
Mas teman saya wak jono dari surabaya pernah cerita dia sekarang tunggu gajinya sudah 7 bulan belum gaji.malah uang yg disimpannya udah abis minta tolong mas bilang ama pak presiden mas kasian wak jono,0,1,0
Mmedia sekarang sudah tidak netral,0,1,0
"Ini kalau sudah jadi 100% bakal lebih keren dari putra jaya malaysia, ada yang sependapat gak sm gw?",0,1,0
Bang sesekali bawa anak Abah biar gak slalu bilang kita hantu gada penghuni dan mangkrak 😅,0,1,0
Yg bilang mangkrak itu anaknya abah,0,1,0
Wah ternyata baru tau IKN sudah punya Hotel mewah dan cafe terkenal. Mantab deh.,0,1,0
Pak Basuki Menteri PUPR yang ditugaskan Pak Presiden Prabowo untuk meneruskan pembangunan IKN.,0,1,0
"Nah langkah mu benar mampir & masuk kedalam Swissotel. Promo ke netizen ada hotel bisnis disana,semua fasilitas premium pun sudah tersedia. Masyarakat & pelaku bisnis yang ingin mampir IKN tak perlu khawatir utk fasilitas MICE. Swissotel pasti sdh punya banyak networking, jadi mereka bisa menjaga Accopancy & Flow Through nya. 🎉🎉",0,1,0
"kameranya terlalu cepat bergerak, pusing nge liatnya....",0,1,0
"Kasian negri susah begini ,dipaksa bikin sesuatu yg gak guna",0,1,0
"Swiss hotel?? Berarti bukan punya Negara,punya pengusaha Asing berarti,IKN blum selesai tapi tanah disekitar sudah mulai dikuasai asing, kalau hotel itu punya Anda baru bangga bro'.",0,1,0
Udah gue bilang ikn udah mangkrak,0,1,0
IKN OFFICIAL IBUKOTA NEGARA REPUBLIK INDONESIA 🇮🇩,0,1,0
"Apakah untuk ASN yang telah berkeluarga disediakan perumahan gratis bukan sekedar kost satu kamar ? ......karenakan ongkos pesawat PP  (Kalimantan Timur - Jakarta)  satu kali sebulan saja bisa menghabiskan gaji ASN golongan terbawah, karena gak semua ASN gajinya minimal 20 juta sebulan.",0,1,0
"Tampang cina bahasa jawa, bisa ajh lu",0,1,0
Ayo bank andi promosikan terus ikn biar berjalan terus dan lancar biar terkenal seluruh dunia .bank andi,0,1,0
Ternak mulyono,0,1,0
ini bullshit!!! please deh lo!!!,0,1,0
Opo ae pit sipit,0,1,0
Mudah mudahan IKN terus berlanjut jgn sampai mangkrak kalau sampai mangkrak yg malu  bangsa dan negara,0,1,0
Ular melingkar di pagar 😂,0,1,0
Apa guna IKN sia sia toh ...ngabisin anggaran demi ambisi politik doang bukan kebutuhan Rakyat dan Negara. 😂,0,1,0
Makasih ko..akhirnya terjawab dg fakta. Tapi aq tim makan soto pake kecap manis loh,0,1,0
"Lha wong ancene mentrine ae dewe sing ngomong gaada uang kok ndy.

Lek masyarakat nhomong e ngunu kabeh sing salah sopo?
Mentrine sing pembohong opo sebalik e ?",0,1,0
"Lah video ini menunjukan mangkrak mas, itu nunjukin pembangunannya sedang di hold, tentunya alat2 berat gak dipindahkan karena masih dalam proses pembangunan tapi dananya dihold sama Menkeu,  proses pembangunannya sementara tidak berjalan sesuai perencanaan, video pembodohan ini",0,1,0
Menjerit ...kamu gila ..,0,1,0
Saingan dari ibu kota Kuala lumpur Malaysia berdekatan langsung dengan malaysia kucing Serawak,0,1,0
"4:03 Bukan hotel swasta yg dibahas crut, harusnya yg Gedung2 IKN nya ...",0,1,0
Emang masih ada yg kerja tpi gak banyak sisa 20%,0,1,0
Di resmikan oleh presiden ke 7 Jokowi swiss hotel berarti blm lama dongg 13 Desember 2024 itu pun presiden SDH ke 8 prabowo,0,1,0
"temen q krj di situ habis lebaran kemaren ...sekarang masih di situ ikut struktur...
biasa nya yng brhenti itu pt yang ngesup ...",0,1,0
"KeNapa masyarakat tetap sj pesimis deNgaNg IkN,, pasti ada lah alasaN Nya?!",0,1,0
Hanya orang bodoh yg bilang IKN gak di urus dan mangkrak 😂😂😂,0,1,0
SALFOK SAMA BAPAK HASAN HAFAL 😂😂😂😂,0,1,0
"Benar kata teman saya, IKN itu jadi ladangnya Konten Kreator....",0,1,0
Penjilat mulyono😂😂😂,0,1,0
Yang bilang Ikn mangkrak adalah kelompok baalawa ....kelompok yg di prcat oleh pak Jokowi.,0,1,0
"Kecap manis ee, tak pernah ketinggalan rek😂😂",0,1,0
Kapan majunya NKRI kalo mau bangun sesuatu .. masih ada yang nyibir ..,0,1,0
Roky garong ajak ke situ bang,0,1,0
Cantek,0,1,0
"iya pembangunan tetap ada,tp ga dikebut kayak dulu karena duite ora nana.kalo stop total ga berani karena ya berarti siap2 jadi hambalang kedua tp jauh lebih megah dan luas,ntar ga jadi ninggalin legacy malah yg ada ninggalin bangkai bangunan 😅",0,1,0
Banyak kardun kepanasan hati2 dia ga suka Indonesia wong dia mau Indonesia maju jadi gudang teroris kek yaman😂😂😂 #NKRIHARGAMATI,0,1,0
RIJIK FPI DKK BAJINGAN SUKA ADU DOMBA...RAJA GOSIP,0,1,0
"proyek sebesar ini pekerjanya ""sedikit"" bnget",0,1,0
Centimeter anjirr😂😂,0,1,0
"saran aja ni boss, kalo udah naaik alprat, ganti lah cameranya yang 360, biar kita yang lihat kagak goyang goyang liatnya",0,1,0
ASN yg ngk mau pindah ke IKN segera lapor. MasIh banyak yg mau jadi ASN & siap di kirim ke IKN😂😂😂😂,0,1,0
Emang banyak orang bodoh dan tolol di luar sana katanya mankrak lol,1,0,0
Ndang tuku lahan paling cedak ko ikn. Investasi masa depan. Sekalian tuku lahan cedak pantai opo bukit sing uapik cak.,0,1,0
Senang melihat ikn terima kasih pak Jokowi semoga indonesia semakin maju dan berkualitas lanjut pembangunan y ya bapak presiden,0,1,0
Hidup Borneo...,0,1,0
"Mereka yg bilang IKN mangkrak itu adalah orang yg buta...
Mereka bilang mangkrak padahal ngga pernah datang ke IKN😂😂😂😂",0,1,0
Airnya ada g bos?,0,1,0
untuk pindah ibu kota negara itu tidak semudah membalikkan telapak tangan ... perlu waktu puluhan tahun ...,0,1,0
Mntap....dg sering update kegiatan di IKN akan membantah nynyiran org2 yg pesimis tentng pembngunan IKN..!,0,1,0
Trus buat rumah rakyat nya dimana ? Dibuatkan juga nga sebagus pejabat2 nya😅,0,1,0
py carane rono to,0,1,0
"Tau gak imbasnya IKN. EKONOMI MASYARAKAT KELAS BAWAH SERBA MAHAL HARGA KEBUTUHAN NYA. PAJAK SEMAKIN TINGGI, APA ANDA PERCAYA NEGARA TIDAK PUNYA UANG JIKA RAKYAT TAK BAYAR PAJAK???",0,1,0
Sekarang sdh di tunda pembiayaan nya yak?,0,1,0
Yang bilang ikn mangkrak cocote rungtau di jejeli aduk an semen 😂😂,0,1,0
"Loh, katanya ada yg lagi kerja? Kok malah cuman ngobrol ama saypan😅",0,1,0
"Apa saya harus bilang wow...
Preet ach,",0,1,0
"Yang jelas saya saah satu warga +62 yang setuju atas proyel ambisius IKN, tentu dengan tata kelola yang matang dan jujur serta amanah",0,1,0
Ember bocor war wer worrrrrr,0,1,0
"Gurcol mulu koe mass , jadi pengen pindah ke ikn 😁 Bagus adem ayem pull🎉",0,1,0
Pemerintah model apa ini.. ???masih banyak rakyat kemiskinan tapi petinggi2 malah di fasilitasi tempat mewah2,0,1,0
cak sampean nek omong ojok ngunu opo o! dadi koyok ngelawak!kudu guyutok ak!,0,1,0
Mantapppp,0,1,0
"Terus promosikan IKN biar banyak investor masuk, bail dari 9 naga dan elite global 😊.",0,1,0
Lebih tau tamunya daripada security nya. Fix orderan.,0,1,0
"Asal jangan dikorupsi, pasti pembangunan selesai.",0,1,0
"jangan lupa joget gemoy dulu, sambil makan gratis",0,1,0
PEMBANGUNAN YG DIPAKSAKAN,0,1,0
Wah...klu mangkrak bisa jdi kota hantu.....,0,1,0
"megah2 banget gedung nya, sangat kontras dengan kondisi konoha saat ini",0,1,0
"Mantap Bg ,,",0,1,0
"Aq lo meh nguber meh pengen foto mbi sampean isin haha padahal aq papasan mbi sampean koh pas naik Alphard,, ikn pancen jos ga ada kata mangkrak,, bahkan tahap 2 mau di mulai lg",1,0,0
"Sampai bosen saya ke ikn sudah bang wkwkwkwk... Tiap kunjungan menteri,wapres,presiden A1 berangkat ikn 😁💪🙏",0,1,0
mangkrak gimana temenku aja masih kerja di IKN dan masih lanjut aja,0,1,0
"Sekarang Saya juga masih ikut bangun ikn bang, dan masih terus lanjut pembangunan",0,1,0
Calon mangkrakk,0,1,0
Hei ASN siap2 ya pindah IKN ? 😂,0,1,0
"Kenyataan PSN ditunda pindah  bung.
Kita pun tidak ingin IKN Mangkrak tetapi jangan dipaksakan. 
Coba Infrastruktur, tetapi Hutang yang harus dibayar Anak cucu bertambah.
IKN kalau begitu pindah saja Presiden ke sana. Kita senang.",0,1,0
Konten mengedukasi bang,0,1,0
Aku kira untuk melindungi para koruptor 😂😂😂,0,1,0
"IKN ga bisa gagal.
Justru target sempurna pembangunannya ialah 2042.
Ini baru 2025.

indonesia cukup bijak justru bila sedar negara asing ga percaya pada indonesia untuk diberi utang dan investasi, maka indonesia milih untuk bina sedikit sedikit sampai siap 2042 nanti.

Sabar itu bagus adanya.
Pribahasa tua jawa ada berpesan
""Biar Sedikit Asal Berhasil""
👍👍👍",0,1,0
Pasti nanti disana ada tempat hiburan malam.. yakin 1000%,0,1,0
Hotel untuk jin.udah buka tp tidak ada orang cuman karyawan ajha.,0,1,0
Kota hantu,0,1,0
Satu kata IKN.pembangunan di masa pak Jokowi is the best❤🇮🇩,0,1,0
Tau nggk? Dana untuk masjid ada juga yang dialokasikan ke IKN. Sampeyan belom tau mas?,0,1,0
Pretttt,0,1,0
❤❤❤❤,0,1,0
"KLO tdk mangkrak pindahkan ASN kesana jgn banyak omon omon,",0,1,0
"Yang menyebut IKN mangrak adalah penduduk Rt.16 RW.24, yang kalah Pemilu 2024 🤣🤣🤣",0,1,0
"BERITA HOAX

HOTMAN PARIS MENINJAU LANGSUNG .ITU YG BENAT

YG BENCI SLL MENCACI MAKI IKN

OJO.GUMUN KARO KADRUUUUN",0,1,0
IKP - Ibu Kota Perumahan,0,1,0
❤❤❤❤ MANTAP IKN ❤❤❤❤❤❤,0,1,0
Awan hitam pekat.. Seperti istana kegelapan,0,1,0
Semoga gak mangkrak karena ini karya bangsa sendiri,0,1,0
"Harus cepat2 dihuni.. ini baru 3 tahun saja pembangunannya luar biasa cepat dan penuh semangat NKRI, salut sama presiden jokowi",0,1,0
Pernah bajir benar pa tidak tuh,0,1,0
"Ini klo IKN udah jadi dan beroperasi, hotel Nusantara ini bakalan kayak hotel2 bintang 5 di deket2 Istana dan gedung DPR, prestisius banget..👍👍",0,1,0
"Hati2 kang kaum sakit hati nanti bunuh diri 😂😂😂😂. 
Salam dari warga Kaltim 💪",0,1,0
Kerja diteruskan tapi pekerjanya dikurangkan,0,1,0
"Memang mangkrak kalo nurut mereka yg matanya buta, terutama klompok Mbah Amin yg matanya katarak akut gagal oprasi.",0,1,0
"Menurut saya, mangkrar itu bukan dalam waktu dekat, kita tunggu aja 2 atau 3 tahun kedepan",0,1,0
Ayuh cepat siapkan Indonesia. Aku Dari Malaysia mahu melawat. Pasti cantik & gah. Sama2 kita maju  🇲🇾❤🇲🇨,0,1,0
"di IKN memang ada yang mengerjakan
tapi itu pengerjaan ringan seperti pengecatan dinding trotoar, namun untuk pengerjaan berat seperti pembangunan gedung dengan crane , ITU STOP TOTAL

ANGGARAN DI BLOKIR

semoga kejelasan ini bisa menjadi penilaian publik dengan bijaksana.


Salam damai Nusantara",0,1,0
"ya sudahah buat lah open activity di IKN lah,.. hodup dan tdk nya IKN tergantung programm. pemerintah saat ini. kalau tdk ada agenda dan programpemerintah  bagaimana mau hidup dan mau jalan. jika pemerintah open life activity, pasti kayak banjir bandang anak bangsa akannkesini. buka promosi promosinya, iklan IKN aja nggak ada, gimana orang mau kesitu. banyak skali perusahaan di balikpapan samarinda, tapi kalau kita melihat ini dan perlakukan seperti kuburan ya pasti mangkrak. tapi kalau kita memanfaatkan 200% pasti IKN bulan depan aja udah. lebih rame dari jakrta. mana dana yang di delegasikan PBB, ke pada orang tsb. rakyat tdk mau menjadi candi hambalang asettriliunan rupiah. mana program2x pemerintah yg bisa menghidupkan IKN. memangkrakkan IKN sama dengan korupsi yg menghilangkan uang dan modal dan investasi NKRi triliunan rupiah, ini kesalahan fatal dlm kehidupan  NKRI nusa dan bangsa yqng memiliki harapan kehidupan  di IKN. yakin kalau IKN di  tekini dgn sepwnuh hati, bisa lebih dari Dubai dan negara maju lain. itu pasti harus semangat maju, indonesia pasti keren guys. yakin!!!👍🏼👍🏼👍🏼😁😁😁❤❤❤❤",0,1,0
"Lumayan ,untuk destinasi wisata lokal khususnya bagi yang ingin healing / menenangkan diri....jauh dari hiruk pikuk keramaian...",0,1,0
pertahanannya mna,0,1,0
Inget ga siii dulu sekitar 25th lalu pik juga seperti ga ada yg huni sekarang malah maju pesat. Semoga ikn juga nantinya menjadi pusat negara maju,0,1,0
ada apa dengan kecap manis mas? 😂,0,1,0
Aku grandmax iso masuk 😂,0,1,0
PRABOWO MANTAP IKN LANJUT INDONESIA JAYA,0,1,0
"Matamu picek po, ketok ra ono seng mergawe ngono.",0,1,0
tetep lanjut...tp tak dikebut,0,1,0
Aku suka pantai jangan dijual jadi PIK,0,1,0
Jangan kau rusak kalimantan seperti jakarta 😢😢,0,1,0
"Saat saya kecil saya dikasih tahu kakekku jika Ibu kota Indonesia akan pindah, dan saya bisa menyaksikan itu, bila mangkrak itu cuma isu dr mereka yg busuk hatinya. Lagian ada dana talangan dr leluhur tanah Jawa yg siap utk memajukan bangsa ini, tak lama lagi",0,1,0
Kenyataan dilapangan berbanding terbalik dengan media-media yang hanya mementingkan perut 😂😂😂,0,1,0
Ya Alloh semoga mangkrak... Mangkrak.,0,1,0
Mas pas vidio 15:38 itu ada gambar kamera disilang 😅,0,1,0
"Rocky gorong gorong suruh ke Kalimantan,jangan gede bacot nya",0,1,0
🎉 bagus sekali semoga cepat selesai,0,1,0
coba lu saranin ama ama Tuan kau tu supaya jongos2 pemerintah tu dipindah ke sana biar bermanfaat👺👺👺,0,1,0
"IKN cakep banget desain bangunannya,yang nyinyir IKN mangkrak golongan orang sakit hati pada pak Jokowi 😂",0,1,0
Yg ngomong makkrak itu buzzer PDI-P 😅,0,1,0
"IKN _Kota Hantu""dong",0,1,0
"Yg d lihat cuma bangunan2,/orang2 byrn kyk nya, biar d lihat mantap, tp masyarat nya knp tdk kelihatan....haaaa 👅🤭",0,1,0
"Wkkwk bos mungkin yg d maksud itu pembangunan besar2 an. Skrg pembangunan ttp jalan tp ngga se masiv dulu. Yg jadi masalah . Banyak customer2 ane ngeluh cerita banyak nyuplai ke IKN… tp belom di bayar mpe puluhan m per customer wkwkwk 
Ya kalo dulu jalan 100% trs skrg cuma jalan 3% ya mangkrak bosku",0,1,0
Betul sekarang rame beredar berita IKN mangkrak jadi sarang bebek.,0,1,0
"IKN di teruskan.. tetapi lautdi pulau jawa di patok patokan.. laut di jual.. Nelayan jadi susah tuk mencari penghasilan.. Rakyat semakin miskin.. koruptor2.. pejabat yg bermain, orang dalam semakin banyak..  hukum tajam ke bawah tumpul ke atas..  orang2 cina  yg tdk jelas dri mana  smakin banyak di apartemen2..",0,1,0
Nggedabrus,0,1,0
"mending jgn ikut2 yg berbau politik cak, biar ga dikira buzzer 😂😂😂",0,1,0
"Scurity nya itu orang Lampung kayak nya 
Dari logat nya!!!",0,1,0
Itu hotel impes bukan untuk rakyat miskin,0,1,0
Memangnya kenapa IKN...pembangunan aman2 saja.... Saya juga baru plng dari sana....,0,1,0
sekarang ikn jadi tempat wisata ya...banyak x yang melancong ke sana😊,0,1,0
Moga2 hotel yg mewah President Suitenya luar biasa di konten tdk mubazzir tak ada tamu negara yg sewa 😮,0,1,0
Yaa benar diblokir..😅😅😅sudah selesei jadi bagus kook..😅😅😅masa gak pada ngertii...yg nyiyir gak suka Indonesia modern...bodohnyaaa...kasian..hiiiiiiii,0,1,0
"La wong cah iki.. Cah"" e mulyono kok wkwkwk",0,1,0
"Vlognya top detail ,bahkan sampe pekerjaan merapikan aspal di review jg loh .. top top 👍👍",1,0,0
Lebih bagus pik dari pd IKN,0,1,0
Ya Allah semoga ikn ga jadi dan di hancurkan  amin...,0,1,0
"Kabarnya mau pindah ke tanah lampung,,, tapi belum pasti tepatnya di bagian kabupaten mana belom di tentukan",0,1,0
Save ah video ini,0,1,0
rakyat miskin boleh tinggal disitu gak... sambil nunggu 19jt lapangan pekerjaan,0,1,0
Wkwkwkwk dapat gaji berapa banggg jadi buzzer gini?,0,1,0
"*PENJILAT MUKIDI, wes dapet duit tumbal IKN wong ngeyel sing dadi garda payune mukidi*",0,1,0
Malas aaaach,0,1,0
Buzet bayaran mma bebas ngomong. Apa aja😂😂😂😂 itu udh disetting 😂😂😂😂 suruh warga jakarta ngelihat bg bbuzer biar lebih enak..ngelihatnya aja malas mau datang kesana lagi😂😂😂 ikn omong kosong😂😂😂,0,1,0
Mana kereta elektronik nya,0,1,0
Seng ngomong mangkrak kan dia yg kalah pilpres.contoh ...ws ora usah ditutupi.pdip dan grombolan pembenci yg sebagian orang yg gak bisa kerja dan dipecat jokowi.juga abak abah.,0,1,0
"Re' Soroboyo ta.
sugeng rawuh est bor N e o",0,1,0
IKN tidak benar mangkrak...kalau ada yg tertunda wajar saja...karena IKN akan dibangun bertahap...SD tahun 2045... baru selesai 100 %...kalau yg bilang mangkrak itu upaya menghasut dan provokatif untuk membenturkan presiden Prabowo dan mantan presiden Jokowi 😅😅😅😅,0,1,0
"Ikn,istana khusus      ningrat",0,1,0
Jadi kapan bisa pindah ksna bg.,0,1,0
gak ada sejarahnya pak jokowi bangun mangkrak 😂😂😂,0,1,0
Manfaat buat rakyat Indonesia apa. Cuma jalan jalan doang,0,1,0
Blade Xeon boleh masuk😂,0,1,0
😂😂😂ISTANA BESI BURUK ITU NAMA NYA😂😂😂😂😂😂😂🇮🇩🇮🇩🇮🇩🤣😂🤣😂🤣😂🇲🇾🇲🇾🇲🇾🇲🇾🇲🇾🤣😂😂🤣😂🇲🇾🇲🇾🇲🇾🇲🇾🇲🇾,0,1,0
Bjir garuda nya gosong... Saya suka cara bicara lu bang sangat lucu kalo ngomong wkwkwkwk,0,1,0
"Ikn tempat walet, tempat hantu.",0,1,0
Keren.lanjutkan ka.biar orang politik malu. Semua yang bilang ikn mangkrak.💪💪,0,1,0
Omong opo kon,0,1,0
😂😂😂Ikn proyek mimpi,0,1,0
KASIHAN DANA IKN DIBLOKIR.......😂😂😂,0,1,0
Spiil harga kamar hotelnya dong,0,1,0
Pokoknya suatu saat nanti aku hrs jalan²  ke ikn,0,1,0
"Waduh ini duitnya dari mana  ya? 
Semoga kalau ngutang nggak bawa-bawa anak cucu saya untuk menanggung bebannya.",0,1,0
Kamar hotellnya penuh degan kuntilanak,0,1,0
Lucu wong iki😂,0,1,0
👍👍👍,0,1,0
Org Jawa yg bilang  😂😂😂😂😂 Enak ajah,0,1,0
Yang bilang mangkrak... Gak paham situasi yg sebenarnya.. Ni saya yang kerja disini.. Tetap gas poll..,0,1,0
"Semoga diberi waktu dan kesempatan untuk berkunjung ke IKN, Jayalah negeriku Indonesia",0,1,0
"Yg bilang mangkrak dari golongan sakit hati,sama kayak agus yudoyono di kasih jabatan mlehoy😂😂😂",0,1,0
Mantaffff ikn adalah icon indonesia,0,1,0
"Yang mangkrak itu otaknya pembenci Jokowi, membuat hoak, di terima sama anak abah dan anak kebo... 😂😂😂😂",0,1,0
"Video mantapzz ni , slam sksess salamm sporttz nya ya kk .. 💪",0,1,0
"Semoga lekas pindah,,,dehhh😆",0,1,0
Si security asli Banjar kayaknya 😅 logatnya khas bgt,0,1,0
Keren❤,0,1,0
Mantap kenangan pak Jokowi amin pak slom dari Kalimantan,0,1,0
𝙄𝙆𝙉 𝙗𝙞𝙨𝙖2 𝙟𝙖𝙙𝙞 𝙠𝙖𝙣𝙙𝙖𝙣𝙜 𝙠𝙖𝙢𝙗𝙞𝙣𝙜,0,1,0
Mantap mantap ❤❤❤,0,1,0
"Terimakasih abang telah memperlihatkan yg sebenarnya sgt indah semoga Ikn cepat berpungsi setatus persen , salam damai sejahtera untuk Indonesia ku maju dan semangat selalu pejuang bangsa pejuang pembangunan untuk kesejahteraan bangsa ini aamiin ya Rabbal aalamiin",0,1,0
Yg bilang mangkrak pasti agak idiot bang😂,0,0,1
"Prabowo jangan plin plan dong ,kita lanjutkan IKN😢",0,1,0
👍👍👍👍👍👍👍👍👍👍👍,0,1,0
wajib subscribe,0,1,0
"Ada gedung bioskop nggak bang, di IKN?",0,1,0
"Makasih yo Cak, dijak mlaku2",0,1,0
"Makasih bang atas infonya...abang sudah ngasih info ke orang2 yg selalu pesimis, merendahkan dan menghina...sehat selalu untuk para pekerja di IKN dan semoga cepat selesai..",0,1,0
"Keduluan org"" jawa kerja di hotel di IKN dr pada org lokal dr kalimantan😂😂😂",0,1,0
"Iya udah,harusnya presiden sudah pindah ke IKN",0,1,0
Berjalan terus,0,1,0
Mangkraknyan..kqrna terlqlu sipqksa,0,1,0
pembangunan nya semua PT di Indonesia yg ngrjain dari negara cina orang kita cuma jadi kuli atap jongos cina proyek diseluruh indo saya surwe enga di Kalimantan enga proyek semester yg kerja bukan ber untung tapi buntung,0,1,0
Yg mengolok IKN itu para sakit hati yg selalu pesimis,0,1,0
"Jangan sampai...amin rais, gerung, refly harun, said didu  roy suryo, dr.tifa dll...datang je IKN....pingsan nanti mereka....mati pula nanti dibilang jadi tumbal.",0,1,0
Tolonglah kepada saudara saudaraku se Indonesia tolong hargai karya bangsa dan tolong saatnya kita bangun Nusantara dengan rasa penuh peradaban...ayo bangun bangsa kita agar tidak tertinggal dengan bangsa lain...Semoga Alloh meridhoi...semoga masyarakat Indonesia bisa merasakan keberadaannya...Ayo Bangun Bangsa dan Negeri kita yg Makmur Gemah Ripah Loh Jinawi...ayo singsingkan bahumu demi Bangsa dan Negara ini...Amiiin...,0,1,0
Bangunan sudah ada fasilitas sudah ada hasil dari pimpinan kita terdahulu...saatnya pemimpin kita yg baru membenahi dan memanfaatkannya untuk kegiatan organisasi pemerintahan yg tentunya fasilitas tersebut bisa dipakai untuk kelanjutannya...saatnya kita tidak mengolok olok...harusnya kita bisa memsnfaatkannya...terima kasih...,0,1,0
Ya terserah..pokok suruh cepat pindah!,0,1,0
"Udah cepat pindah sana,.. biar tanah jawa berkurang menanggung beban dosa para pejabat tinggi yg korupsi,manipulasi,tdk amanah dnemperkaya diri membabi buta...",0,1,0
Yg nyewa nya org asing kalau 35 juta satu malam,0,1,0
Satu hari satu malam brpa  ..,0,1,0
Kumaha silaing gandeng,0,1,0
Jgn sampai org asing yg menduduki nya.,0,1,0
"Yg mangkrak itu otaknya amin rais, rocky gareng dan para hater",0,1,0
"Gunanya apa? Beban negara, rakyat tidak bisa menikmati..",0,1,0
"Halah klo mulut buzer yg gini ini , 2025  gak anggaran  kok  bilangnya  pbangunan jln terus ?!!! Wus Kono dak karepmu nggedabrusssss... Cuk ! !",0,1,0
Waawoo keren banget ikn,0,1,0
Biasa z kali gak usah nyolot gitu,0,1,0
"Yang bilang ngompor""i mngkrak"" gausa boleh Masuk ikn aja",0,1,0
"Buruan pindah para pejabat, kok gak jadi pindah gimana ceritanya, sumpek jakarta 🗿🗿🗿 hus hus",0,1,0
Lhaaa kok pengen ksitu to koh skalian jenguk saudara yg tinggal d sana😊,0,1,0
Semoga segera dapat merekrut tenaga kerja untuk bekerja di IKN. Adakan segera seleksi ASN / PNS untuk ditempatkan di IKN,0,1,0
Bukan mangkrak. Tapi belum  mangkrak lebih tepatnya,0,1,0
"SE JAGO APAPUN DUIT KALIAN BERSANDIWARA TETAP KALIAN PEKERJA JALAN BENGKOK PASTI MENDUKUNG ORANGBYANG BENGKOK, SELAMAT BERJUANGLAH HAI ORANG ORANG BENGKOK",0,1,0
Yang bilang mangkrak itu berlebihan yang benar itu pmbangunan ttp berjalan tapi disesuaikan dengan keadaan keuangan negara. Ini bangun ibu kota bukan bangun toko kelontong.. Jadi pasti lama dan butuh anggaran yang besar,0,1,0
Mo cari rongsokan ya jangan ke IKN. Salah bidik lokasi.,0,1,0
Bikin konten mbok ya agak jujur dikit.,0,1,0
"ingat prinsip oreo ya guys
di putar
di jilat
di lantik",0,1,0
G mangkrak tapi lambat dikurangi biayanya tpi sama aja sih namanya mangkrak y mangkrak g guna,0,1,0
"COCOT MU  BOSOK...  RAKYAT  SUSAH  BICARA   IKN.... 
IKN.... TAI.. 😂",0,1,0
IKN.... TAI...  PROYEK   SETAN. 😂,0,1,0
"Terima kasih mas andi,,penjelasan nya detail,, menghibur",0,1,0
Kok seperti settingan ini vlog...,0,1,0
Investor yg dri luar negri dh brpas.apa cuma jln2 aja ap min,0,1,0
"BUZZER LAGI MENGGONGGONG, CANDI IKN RIWAYATMU KINI",0,1,0
Numpak kapal laut dari Surabaya ke ikn kira kira habis berapa duit perjalanan. Cuman iseng iseng mau jalan jalan liat ikn,0,1,0
Gak ada pulang kampung. Karena nunggu di bayar dari (PT),0,1,0
Yo ngopi bareng.yo iso,0,1,0
Iki eNd,0,1,0
Mungkin yg mangkrak nasib yg komen itu.gak.berguna di indonesia itu orang,0,1,0
Penjelasan khas buzzer rp.,0,1,0
Influencer youtuber tapi kok bego yaa.. dia benaran ngk tau kalo Warna Hitam Pada garuda itu Hanya Warna Sementara?..  atau emang bege?,0,1,0
lek koyok rudy koyok e gak oleh masuk yo ko 🫢,0,1,0
Program mulyono buang-buang uang..,0,1,0
"Hebat mas memang lidah gak bertulang mas orang ngomong sepenaknya,, untung pak JOKOWI beliau orangnya sabar",0,1,0
"Coba liat kantor bupati Payakumbuh mas,,mirip ikn juga😁",0,1,0
"Wkwkwkw... Penipuuuu... Jelas2 mesinnya ga beroprasi gitu, pekerjanya seupil.. 🤣🤣🤣
paling uda pada cabut yg ga kuad, atau dikasi makan batu ma rumput pekerjanya yg msi btahan... 
Ngabisin duit rakyat cuman demi orgasmenya sang raja jawa dn pendukung 02.. cuman org2 tholol yg pergi ke ikn.. 😂😂😂",0,1,0
Semoga Indonesia menjadi negara maju dan sejahtera rakyatnya.,0,1,0
"Ga usah pake bahasa jawa GOO BLOKKK, lu kira yg nonton lu org jawa aja? Lu kira indonesia jawa aja?",0,1,0
"Mas aku gak diajak po, susul po mas 😅",0,1,0
"Mulutnya rocky koq didengar.
Jangankan bangun IKN, lah bangun keluarga aja nggak becuzz 😃🤣🤣🤮🤮🤮",0,1,0
Orang yang pembenci dan iri hati dan dengki selalu bicara seenak jidadnya dan pikirannya yang sudah disusupi dan dimasuki Syaetan dan Iblis. Selalu otak kotor.,0,1,0
Yg bilang mngkrak ya orang itu itu sja.. yg dungunya klewat,0,1,0
"𝑌𝑎𝑛𝑔 𝑗𝑒𝑙𝑎𝑠 𝑎𝑞𝑢𝑎𝑛 𝑏𝑖𝑙𝑎𝑛𝑔 𝑘𝑎𝑔𝑎𝑘 𝑎𝑑𝑎 𝑖𝑛𝑣𝑒𝑠𝑡𝑜𝑟 𝑎𝑠𝑖𝑛𝑔, 𝑝𝑎𝑑𝑎ℎ𝑎𝑙 𝑗𝑎𝑛𝑗𝑖𝑛𝑦𝑎 𝑔𝑎𝑘 𝑝𝑎𝑘𝑒 𝑑𝑎𝑛𝑎 𝐴𝑃𝐵𝑁.... 𝐾𝑒𝑚𝑏𝑎𝑙𝑖 𝑑𝑖𝑝𝑟𝑎𝑛𝑘 𝑏𝑎𝑛𝑔𝑠𝑎 𝑖𝑛𝑖😂😂😂",0,1,0
BAYARAN JADI BUZZER BRP ??,0,1,0
"Udah gak usah balik lagi adminya,ambil saja itu IKN jadi hak milik anda,saya ikhlas seikhlas ikhlas 😂",0,1,0
"Sesepi itu di bilang rame🤣.

Masih ramean juga
desa terpencil aku😂",0,1,0
Wow rame banget IKN mantap lah mangkrak terus😂,0,1,0
Di ILC banyak yang belum terbayar,0,1,0
"Saya pribadi 1000000% percaya, IKN nggak bakalan mangkrak dan pasti jadi kota besaarrr... 

Hebaat Indonesia kuu.... ❤❤❤❤❤",0,1,0
Aman dari demo😂,0,1,0
"Mantaaab.... 
Kontennya sangaat bermanfaat....",0,1,0
Tunggu sampai akhir tahun gimna coba yg g pro kanan kiri,0,1,0
UDAH seperti PUTRAJAYA MALAYSIA..😅,0,1,0
👍🏻👍🏻👍🏻👍🏻👍🏻👍🏻👍🏻👍🏻👍🏻👍🏻👍🏻👍🏻👍🏻👍🏻👍🏻👍🏻👍🏻,0,1,0
Rmh duta besar asing nya mana bos ku😅😅😅,0,1,0
Penebar hoax tentang IKN msngkrak pasti yg lagi sakit hati dan tidak legowo 😅😅😅😅😅,0,1,0
"Baru dibangun dua sampai empat tahun saja penampilannya sudah sangat bagus layak dan luarbiasa hebatnya...tergantung niat baik dafi pemerintahan yg meneruskannya apa semangatnya sama atau bahkan lebih progresif dalam mengejar pembangunan IKN ini..atai malah sebaliknya....kalau pemerintahan Jokowi sudah berhasil..ngga bosa di bebankan ke Jokowi lagi soal.kelanjutannya...kalau masih Jokowi pasti akan dilanjutkan bahkan dipercepat pembangunannya....semoga pemerintahan sekarang ini satu visi.misi...dan harus diinhat...ini IKN dasarnya konstitusi /UU sedangkan Presiden disumpah melaksanakan UU maka tidak ada pilihan lain jika presiden ingin tidak dianggap melanggar atau melawan UU wajib menjalankan dan meneruskan amanah konstitusi seperti pembangunan IKN ini...kecuali UU sudah di cabut..semoga pemerintahan yg sekarang sangat memahami apa.itu menjalankan konstitusi dan UU....
Sy Yakin Pemerintahan sekarang juga sama ingin meneruskan pembangunan IKN tersebut",0,1,0
Kelihatan kok di vidio ini klau sepi dan proyek pembangunan   masih belum selesai,0,1,0
"Untuk yg otaknya goblok"" dengerin, utk masyarakat kecil dg adanya IKN orang kecil jadi ada kerjaan klo mo kerja, jangan mimpi tdr di hotel ngapain.....dg adanya IKN jelas membawa lapangan pekerjaan baru yg notabene ada penghasilan......pikiran kakian cerdas sedikit bisa ga.....?",0,1,0
Yg bilang mangkrak adalah Asumin Rais,0,1,0
Jokowi aj bilang mangkraak...udah banyak ngibul kaya jokiwi aja nii😂😂😂😂😂,0,1,0
Mangkraak coy😂😂😂,0,1,0
"Tetep aja ngga ngaruh buat orang susah..
Yg nempatin siapa emang orang susah...ya nggak mungkin lah..",0,1,0
"Abaikan yg suka nyinyir, faktanya mereka hy orang frustasi dan miskin😅",0,1,0
"seng ngomong mangkrak...yo kae2 wae wonge...
saiki isune adili jokowi...sok mboh opo neh seng d gae ukoro",0,1,0
Warga kalimantan belum tentu bisa menginap di hotel situ.pasti hnya buat pejabatnya saj.,0,1,0
"Tul,,, tetap jalan Ikn 👍",0,1,0
Damai Hatiku melihat ini,0,1,0
"Gw setuju Krn IKN di bangun pasti negara kita maju Krn gedung"" pencakar langit merata di Indonesia",0,1,0
lanjutkan mas @andy sugar..aku bocahmu😊..semoga Allah selalu memberikan kesehatan dan kemudahan🤲,0,1,0
g semua org bodo bro,0,1,0
sy menunggu Papua dibangun jg seperti ini,0,1,0
😭😭😭😭😭,0,1,0
Kalimantan Timur proyek besar2ran selalu 10tahun disini Alhamdulillah semoga menjadi ibukota yang makmur ❤❤,0,1,0
wooww mantap bang ikn nya..🙏👍,0,1,0
Yang sudah pasti dana nya dblokir.,0,1,0
"WAH MANTAP MAS ,KAMU TINGGAL AJA SAMA JOKOWI DI IKN, TAPI KOK JOKOWI MILIH TINGGAL DI SOLO YA DARI PADA DI IKN",0,1,0
Yg Namanya Mangkrak sport Center Hambalang.. 🤣🤣,0,1,0
"Memang bagus, sayangnya masih banyak mentri yg cuma ngabisin duit itu bikin muak",0,1,0
Kalau IKN sampai mangkrak. Jokowi harus dipenjara.,0,1,0
Dibeli mas mas kasian gak ada yg beli itu,0,1,0
"Satu sisi rakyat kelaparan lapangan kerja sulit satu sisi bangun bangun bukan untuk rakyat tapi untuk mereka sendiri yang menikmati kita rakyat cuman di wajibkan bersukur dan wajib bayar pajak aja kita di peras oleh pemerintah sendiri 😂😂😂😂😂😂😂😂😂


Miris nya hidup orang indo",0,1,0
Hoy lae jgn bhsa jawa...35 provinsi gak ngerti bahasa jawa. Gunakan bhsa Indo aja lae.,0,1,0
Ini kerennn,0,1,0
Pindah bang ke ikn tinggal disana aja,0,1,0
Yg bilang mangkrak itu cma mreka ajh yg ga suka sma pengagasnya....mklum wrga indonesia klo ga suka sma seseorg..pasti dsrempetin sma appn...😂😂😂,0,1,0
Yang bilang mangkrak hanya orang yang sakit hati yang lama + anak abah😂😂😂,0,1,0
"sumbu beda arti dg sumbo,sumbu berarti pusat,klo sumbo berarti pewarna makanan.Ngevlognya lupa ga mbontrot ta? ngomongnya koq teriak2?",0,1,0
Makasih bang demi menyemangati kemajuan Indonesia ❤,0,1,0
"Mangkrak itu bukan dr pembangunan yg skrg g dilanjutkan. Yg sekarang diselesaikan, krn msh anggaran tahun kmrn s.d habis.
Kelanjutan pembangunan selanjutnya kan sama2 sdh disampaikan di hold. Jadi IKN next setelah selesai pembangunan yg masuj anggaran 2024, 2025 blm ada keberlanjutan. Sebelum dana anggaran diketok. Jd mikirnya h sesempit mangkrak ya berhwnti semua. Ya g bisa segegabah itu mengambil keputusan. Krn dampaknya pasti menjadi problem besar utk para vendor dan rwkanan yg bekerja.
Gitu loohhh😂😂😂😂",0,1,0
"Netizen sok tau dan sok politik, padhhal bukan siapa"" dan gatau apa"" kok dirungokno se ko 😂. akeh wong sok tau jaman saiki, kakean cocot, pdhl yo pengangguran",0,1,0
yo ngone rek...sing bloko/jujur apa adanya.Jgn hoak saja yg di lontarkan ke masyarakat,0,1,0
"Jgn di update kemajuan pembangunan IKN bro , biarkan az para BUDAK BUDAK pembenci proyek ikn ngoceh sana sini 😂😂😂",0,1,0
Ya sesuai ama budaya org Indonesia...biar tekor yg penting kesohor.,0,1,0
Waaahhh aku pengen bangun hotel atau berkontrak an rumah gtu di ikn 🤩,0,1,0
Berarti bisa nginsp di hotel situ,0,1,0
Hai bro IKN bakal mangrak lihat saja nanti kalau kata penjilat memang tidak mangkrak,0,1,0
Ikn adalah masa depan bangsa.pelan pelan yg penting jadi.masa mau dijakarta terus.amblaslah pulau Jawa Nanti.cuma para pemikir bangsa lah yg peduli ini.beliu mikir 1000tn yg akan datang.ini mantap,0,1,0
hahaha.. yg bikin konten kn org suruhan mereka alias buzzer 😂😂😂😂,1,0,0
Hotel Swiss kok nggk ada tamu nya pak,0,1,0
"Areg Suroboyo pancen lucu2 gaes😅😅😅 GK bosen lihat vidio,y",0,1,0
"Ketika youtuber/influencer/artist/wartawan/dsb ada berkunjung dsana maka segalanya di-ada-ada-kan, tombol aktivasi langsung dinyalakan.
Setelah kunjungan selesai, bubar barisan 
😅😅😅",0,1,0
"Konsep gagal desain gagal, niatnya bikin desain garuda malah jadi kalong",0,1,0
kudune pok meng beraksi ndek IKN bro hehe ...,0,1,0
Kenapa Garudanya warna hitam.. karena..😂 lucu kale ngomong e mas sugar iki wkwk,0,1,0
"Matursuwun kan, wes ngejak ndelo2 IKN.",0,1,0
😂,0,1,0
Rusun asn 4 udah jadi  mas saya kerja di ASN 4 tower 3 pt abibraya,0,1,0
"Alhamdulillah IKN tidak mangkrak, cuma anggaran tahun 2025 masih diblokir",0,1,0
Mksh❤❤..JD liat IKN meskipun TDK lsng..,0,1,0
Kita liat,0,1,0
bakal mangkrak,0,1,0
Hotel negara luar seharusnya dilarang dibangun di dekat areal istana negara,0,1,0
Si Rocky itu rajanya PEMBUAL...hanya kaum IDIOT saja yg percaya,0,0,1
"Memang tetap jalan tapi hanya emeliharaan. Pekerjanya sedikit kapan rampung cak.
Ibukota itu luas itu baru berapa gedung ligikanya masih jauh dari selesai",0,1,0
"Sbnernya anggaran nya yg dikurangi per tahun nya untuk IKN , pembangunan tetap jln tapi bertahap ,tidak jor joran
Itu yg saya tanggap
[Tahap demi Tahap]",0,1,0
Wong2 mendo mikire sedino dadi kyk candi Prambanan..,0,1,0
"asli wong suroboyo, endas iku sirah cak...😁",0,1,0
Semangat ternaknya Mulyono.,0,1,0
"Masyaallah Tabarakallah,, bagus banget,, Alhamdulillah ada keponakan yg dinas di PUPR",0,1,0
"Katanya kota zero emisi, itu mobil yg anda pake aja masih pake bensin dan ngeluarin CO2. Wkwkkw",0,1,0
"Weleh weleh ,lambene.,cempreng koyo piring rombeng jatuh. wong wong rumongsone budek Kabeh jancok Kon. ,",0,1,0
Kasian gugusan2 awan sekarang masih alami...kalo benar2 terealisasi perpindahan ibukota.. Langit bakal berubah jd pengap.. Ndak ada gugusan awan lgi... Yg ada cerobong asap dari industri yg bikin polusi..,0,1,0
Manfaat nya buat rakyat kecil apa ???,0,1,0
"Anak buahe sopo yg bilang ikn mangkrak hayo.....
Mungkin anak e mbok Karo Abah.....",0,1,0
Karna pak jokowi ikn ini berdiri mantap pak.pak jokowi bpk pembangunan semoga sehat selalu pak jokowi amin,0,1,0
Kasihan kalau IKn tidak diurus lagi..sampai mangkrak...,0,1,0
"Ya sip, cocok buat obyek wisata",0,1,0
padahal dari anggaran aja udah nggk ada lagi untuk IKN ini. bagus juga ada narasi spt ini. undang aja secara bergiliran para influencer biar terlihat nampak terus ada kegiatannya IKN ini,0,1,0
"Semoga rakyat kelas bawah tidak melihat ini semua,kasihan,untuk makan sehari hari aja mereka jarus berjuang",0,1,0
Kenyataan nya ASN g mau ngantor di ikn,0,1,0
Hei..mbah Amin....lihat ini...SwissHotel...IKN...katamu mangkrak...ternyata hatimu gelap gulita shg yg keluar dari mulutmu semua syaitoniah 😂😂😂,0,1,0
Mana ada pembangunan...??? Yang ada para satpam buat nungguin barang2 jangan sampai ilang.,0,1,0
Buzzer ya,0,1,0
sok tau lu.. demi konten😅,0,1,0
"Soto campur kecap, uueennaakkkkk pollll pokoke...😂",0,1,0
Orang bangun pakai kontraktor kalo belum waktunya berhenti ya kerja terus sampai target selesai. Pembayaran juga pakai termin semua. Gag ada bayar dimuka. Alias utang semua. Klo dana gag turun ya kontraktornya gag kerja. Artinya mangkrak. Klo diakumulasi pembangunannya paling yg jalan cuma sisanya. Yg belum kebangun banyak. Nunggu duit turun klo ada. Ngeliatnya jangan pakai ekonomi micro tp makro. Arti mangkrak disini beban pembangunan dan maintenancenya lebih besar dr anggarannya. Dan sudah positif akan mangkrak. Klo gag ada suntikan dana.,0,1,0
Apa ini konten Buzzer kak?,0,1,0
"S3ng ngomong ikn mangkrak 
Fix dia punya penyakit hati stadium akhir 😅😅😅😅😅😅",0,1,0
"Muncungmu.. 😂😂
Ya karna ndas dan dengkulmu sama.. Sama3 jongkok.. 😂😂
Cuma modal HP ngoceh2 nggak ad isiny.. Bacot",0,1,0
"Wajib jalan sih IKN sudah terlanjur banyak keluarin budget  , tapi untuk jadi ibu kota hampir mustahil ekonomi sedang tidak baik ,  besar mungkin dikelola swasta nantinya,..doa semua terbaik semoga bisa jadi betul betul ibu kota.",0,1,0
Si rocky tuh kalaw ngomong g di surpey dulu aja tuh si rocky biar liat sendiri IKN sekarang seperti apa,0,1,0
Surabaya rungkut hadir,0,1,0
Eek. .,0,1,0
"Yg ngonap di swiss hotel , mungkin orang hutan",0,1,0
IKN. = INDUSTRI KORUPSI NEGARA,0,1,0
IKN gagal ya,0,1,0
Udah lupakan proyek mubazir merugikan negara saja,0,1,0
Buzer Jokowi Lo ya😂😂😂,0,1,0
Jujur saja saya benci orang luar dari Kalimantan....buat penuh penduduk Kalimantan jak,0,1,0
Yg mnghuni kbnykn kok org luar negri kyk ny,0,1,0
"YANG DAMPINGI SUARANYA LOGAT CHINO, SEPIIIIIII...",0,1,0
"Saya stay Surabaya tapi asli balikpapan. Dah 3x ke IKN enak juga seperti melihat bukan indo seperti luar negeri. Excelso keren, Indomaret harus lepas sepatu kalau mau masuk nggak tau lagi sekarang 😂. Best lah buat saya ibukota baru ini",1,0,0
Sepi😅,0,1,0
"Karyawan PHK RRI dan TVRI bisa lihat pembangunan IKN ini, mereka pasti akan merasa bangga. Hasil efisiensi anggaran yg bikin mrk d PHK ada hasilnya. Klopun nanti sdh tdk bisa lg beri makan keluarga krn di PHK, boleh lah joget2 sambil lihat konten2 IKN ini sambil bahagia, pasti laparmu sekeluarga akan engkau lupa. Nek gak mbok jak sekalian korban2 PHK ne dolen mrunu Ko, pasti seneng kabeh wong2 kuwi. 😩",0,1,0
Pak PRABOWO GASPOLLL.👍👍,0,1,0
"MESKIPUN HANYA LEWAT VIDEO INI, SAYA BERASA SUDAH ADA DI SANA. BETUL BETUL GOKIL KOH ANDI. MAKASIH",0,1,0
Security nya mirip ricko ceper😅,0,1,0
"Yg msh mempertahankan ibu kota peninggalan belanda,ya cuma antek2 VOC yg sengaja ingin mempertahankan warisan junjungannya",0,1,0
Makasih bang sudah tervalidasi bahwa issue IKN mangkrak ternyata hoax,0,1,0
Soto Banjar memang pakai Kecap Asin  asli....tidak kecap Manis seperti Soto Jawa....,0,1,0
Jangan izinkan Rocky Gorong² datang ke lKN...kalau diinjak sama kakinya Rocky Gorong² nazis nantinya.,0,1,0
"Buruan lah pada pindah ke ikn apa lg yg gaya hedon pulau jawa udah padat,,,",0,1,0
"Makan soto tanpa kecap manis.
Pergi ke IkN naik pesawat.
Jangan dengarkan omongan orang yg sinis.
Yang penting kita sehat walafiat",0,1,0
Ak pun punya teman yg krj disana..kerj jd survivor... masih disnaa. Nyatanya masih  krj lanjut krj,0,1,0
Manta brur sucses ikn mantap pak jokowi n pak prabowo pak gibran maju sehat slalu indonesia majuuuuuu❤❤❤❤❤,0,1,0
Ikn itu pembangunan jangka panjang jd wlupun pembangunan diperlambat ttp akan ttp berjalan smp selesai. Pemerintahan bpk prabowo tidak memprioritaskan pembangunan ikn tp bukan berarti berhenti.,0,1,0
Pura2 tidak mangkrak padahal kuapeh hemat anggaran,0,1,0
Proyek peninggalan jokowi,0,1,0
Kayaknya ini video yg ada di laptop 😊,0,1,0
"Bang klo gak boleh masuk ke area istana, berarti sampean harus jadi tukang proyek bang.😂😂",0,1,0
Tekok2 tok o Ra due isen,0,0,1
Terbaik ikn semoga cepat selesai 😅😅,0,1,0
"Terserah pemerintah mau berbuat apa...mau ngutang lagi silahkan, kan rakyat indonesia banyak bisa bayar hutang negara..semua kena pajak..jadi ngapain dipikirkan, koar2 kita bicara hanya rakyat kecil gak ada guna nya..tidak didengar..terserah penguasa aja mau dibawa kemana indonesia..ujung2 kita semua pasti mati semua gak ada lagi di akherat meributkan keadaan negara..gas ok gas",1,0,0
Mungkinkah sisa sisa dana dan kewsjiban beberapa mesti selesai,0,1,0
"saya asal IKN pembangunan jalan terus, mulut busuk yg vlog",0,1,0
"Sebaik anda ber bahasa Indonesia yang betul supaya kami mengerti,kami bukan jawa",0,1,0
Brp hrg hotelnya smlm mumpung blm byk org. Tpi 35 jt. Satu malam wouuuh.,0,1,0
Rame sekali ya.................. swiss hotel juga rame bangettttttttttttt...........................           gileeeeeeeeeeeeeeeeee...................,0,1,0
"Doakan saja biar cepat selesai, wong kita gak dirugikan malah membuka lapangan kerja",0,1,0
"Ikan di bangun bukan untuk Rakyat
Tapi untuk parah pejabat, bangunlah
Untuk memasukkan Rakyat jangan
Membangun memperbanyak utang
Sekarang di jaman prabowo IKN
Hancur lebur ha ha ha ha bahlul",0,1,0
Masih sepi min,0,1,0
Ya udah loe tinggal disitu aajjah...,0,1,0
"Iya itu dilarang masuk, tapi dilarang video/photo jga .. kocak",0,1,0
Masarakat ikut ngontrol setiap saat ini ga main main...ih udah ada hotelnya yg beroprasi ya berarti kalau ke ikn udah bisa nginep ya ...yg murah hotelnya ada ngga ya,1,0,0
Sawit makin nyaman rumah negara makin jos dan sokses😅,0,1,0
Wah mewah rumah milik negara semoga betah di negara sendiri lanjut tiada henti dan sokses😂 bos,0,1,0
awas koh di serang jongos onta jongos kebo 😆😆😆,0,1,0
Sekarang bagus indku walao saya tk bisa ke ikn liat vidiox aja udh sangt bangga makasih p.jiokowi jasamu mmbuat rakyat ind senag dn sekarang diteruskn oleh p.prabowo makasih bpk2 bagi yg tukang xixir agar cepat sembuh mata hatix,0,1,0
Gx penting,0,1,0
😅😅😮,0,1,0
"Saking serunya nonton durasi 20 menit kayak durasi 2 menit, Ga kerasa. serasa ikutan jalan2 disitu 😂",0,1,0
jan makan pake kecaap 😂😂,0,1,0
"Dari para pekerja asal Jateng,, katanya banyak yg belum terbayar, selama beberapa bulan,, cuma dikasih bon aja .... Katanya lho ya..",0,1,0
"Anggaran diblokir tapi pembangunan masih berlangsung, trus kira kira vendor dibayar gk tuh.  Jangan jangan pada menangis.",0,1,0
Mantap Pokonya 😍🥰😘,0,1,0
KALO SAMPEK MANGKRAK seret semua yg terlibat masalah IKN,0,1,0
"Temanku bamyak yg ke ikn pekerja proyek , yg omong mangkrak mulut bau tikus",0,1,0
Segelintir kaum kardun yg bilang ikn mangkrak,0,1,0
IKN keren👍👍👍👍 ngono akeh seng ngunggahne video jarene IKN ngangkrak ora kerawat akeh suket liar,0,1,0
Mangkrak kalau gk ada penduduknya😂,0,1,0
Untuk Air Disana Susah Gak Bng..,0,1,0
Trimakasih sudah diajak jalan jalan ke IKN,0,1,0
"Coba dateng lagi bang, masih bagus apa makin sepi / dah berdebu",0,1,0
Kerennn❤❤,0,1,0
Tdk ada pengaruhnya dgn kesejahteraan rakyat,0,1,0
Jenenge ger cangkem turah kang,0,1,0
"Volumenya suaranya kekencengan mas, gak haus ya? Wkwkw...",0,1,0
Manusia.yq.irihati.tdkpuas.ydkdapat.kursi,0,1,0
Sy menunggu pemerintah pindah k ikn...,0,1,0
Ketika rakyat berpeluh panas mengantri nyari gas LPG kalian malah tertawa tawa dibangunan yg ga ada gunanya buat rakyat miskin dan tertindas.,0,1,0
"Barisan Sakit Hati, Kelompok Nyinyirisme saja yg bilang mangkrak...sekarang diera Pak Prabowo mereka para pecundang NKRI pada tiarap... takut karena Petrus sudah dihidupkan kembali buat mulut2 nyinyir, pengkhianat NKRI...😅😅😅",0,1,0
"Yg bilang mangkrak itu Rocky karung dan sesama nya aja ,real  dlapangan tetap lanjut bosku 🎉🎉",1,0,0
Kerenn,0,1,0
Lalapo garuda melindungi pwjabat2 negara..kwkww rakyat ae seng dilindungi om,0,1,0
Gini ini dapat fee brapa ya ..ikn masuk channelnya 😅,0,1,0
Candi Jokowi.,0,1,0
"IKN urgency nya ap, wahai ternak2,,,,, lbih baek mangkrak, anggaran lbih baik d alokasi kn k yg bner2 membutuh kan, koreksi klo bener.",0,1,0
Hapus saja chenel inj penjilat cari duit,0,1,0
"Majulah indonesia ku
Terima kasih pak jokowi,lanjut pak prabowo",0,1,0
MISI PRIBADI DAN KELUARGA,0,1,0
Ikn  tumbang di makan gas elpiji dn pagar laut,0,1,0
Syukurlah IKN MANGKRAK,0,1,0
Jangan heran namanaya jga Roki gerung janagan diambil hatai kalau dia yg ngomong kn dia biasa kaya gitu siapa jga yg mau dengar ocehan dai,0,1,0
IKN mantab,0,1,0
Apa.fungsinya ikn...kami di ntt makan aja susah..bangunan lagi lebih ketunggala...MENGAPA PERA PENGUASA HANAYA MENGUTAMAKAN TEMPAT TEMPAT MEREKA BUKAN MEMBANGUN NEGARA TETAPI MEMBANGUN SUKU SUKU MEREKA..KAMI DRI NTT. SELLU KETINGGALAN KRN TDK ADA ORG KAMI YG BERKUASA DI SITU...MENYEDIHKAN...MANA KEADILAN BAGI SELURUH RAKYAT INDONESIA😢😢😢😢😢,0,1,0
Ikut seneng lihat nya,0,1,0
Ikn ambisi Mulyono dan buzzer bayaran taunya ya ngikut,0,1,0
lihat setandar kemiskinan di dunia indonesia membodohi rakyat nya pakai data lama,0,1,0
"Sepertinya rakyat kecil lagi dibohongi, (katanya distop ikn, mungki supaya tidak rbut x, edan klau caranya begini, apa kita terus harus bayar pajak terus?....)",0,1,0
Mantap 👍,0,1,0
"Mangkrak ? Muncungmu itu yang mangkrak ! Anak, ipar saya kerja di sana sampai saat ini. Otakmu yang mangkrak !😂😂😂😂😂😂😂",0,1,0
Lanjut terus pantau perkembang lkn bos,0,1,0
"orang yang gak suka dengan kemajuan dan gak suka dengan indonesia, pasti akan mengolok dan menidaksukai.",0,1,0
"Cuma para pembenci Jokowi yg mengatakan IKN mangkrak....., padahal ide pemindahan Ibukota negara sdh digaungkan sejak era Presiden sebelum sebelumnya.....ahh...dasar para pembenci Jokowi nir otak....!!",0,1,0
Bohongi terus enggak lihat orang yang kerja..😂😂😂😂,0,1,0
Ternyata para pembenci jokowi& prabowo..sd kehilangan akal sehat zehingga apapun yg dibicarakan boong semua..mrk adalah pembemci & musuh indonesia❤,0,1,0
"Opo sing kate mbok buktekno koh....???? 
😂😂😂😂😂",0,1,0
mantap nya hohelnya Nusantara Swisa mantap bang Andi yg udah ke IKN hebatkan.❤❤❤,0,1,0
Untuk melindungi para koruptiror,0,1,0
"IKN ITU DOSA JOKOWI MAS ADMIN. GK USAH DIBANGGAKAN.  ITU IKN HASIL KEBOHONGAN² JOKOWI KEPADA RAKYAT. UANG APBN DAN UANG² RAKYAT LAINNYA DI GUNAKAN UTK MEMBANGUN SESUATU YG TDK BERMANFAAT UTK RKYAT INDONESIA. SEKARANG RAKYAT DIBEBANI HUTANG RIBUAN TRILYUN KRN ULAH JOKOWI DAN SRI MULYANI. JOKOWI ITU PRESIDEN YG JADI PERUSAK NEGRI INI PALING PARAH . PALING PARAH ZOLIMNYA. WAJAH KHAS OON NYA ITU BISA MENGECOH ORG² PINTAR DAN CERDAS DI NEGRI INI. SETELAH LENGSER TERNYATA SUMBER DAYA ALAM INDONSIA SDH DIKUASAI  MANUSIA² MATA SIPIT KULIT PUTIH , YAITU PARA MONYET² TAMAK RAKUS INGIN MENGUASAI KEKAYAAN INDONESIA MELALUI BONEKA OON YG BISA DIKENDALIKAN YAITU JOKOWI .",0,1,0
Yang bilang IKN mangkrak ya cuma gerombolan kaum sakit hati karena jagoannya kalah dalam pilpres.,0,1,0
Bapak Jokowi selalu mengecek proses pembangunan di ikn dgn baik😊❤❤❤❤,0,1,0
"Mantap om, kita jadi tau mana berita yg bener sama berita yg asal asalan.",0,1,0
"Saat video ini dibuat, mungkin pas jam istirahat",0,1,0
wong jokiwi kowe yo.. sak karep mu.. wes ra po²..,0,1,0
Wih keren sih. Modern,1,0,0
😊,0,1,0
Tidak banga..bnyk rakyat yg susah,0,1,0
Bener bener mas ...endas mu ketok ..jebule ngganteeng rek ...😂😂😂,0,1,0
Ndk banga. Rakyat masih bnyk yg susah...,0,1,0
Yg bilang mangkrak..itu orang yg tdk suka dengan jokowidodo,0,1,0
Kok sepi sih bang andii gimana ini,0,1,0
Untuk sekarang emang masih belum mangkrak...tapi gak tau kedepannya gimana...soalnya ke tukang bunga aja yng di malang masih belum di bayar juga.,0,1,0
mulyono makan soto pake kecap manis koh..,0,1,0
Alasan selalu nya ada....,0,1,0
"Ini sih belum apa apa ya kalau saya lihat masih banyak pekerjaan yang harus diselesaikan, sekarang tinggal pinter pinter pemerintah menyeimbangkan anggarannya, jangan sampai salah prioritas saja salam akala sehat",0,1,0
ODGJ,0,1,0
"Dari video kelihatan jelas bahwa di proyek-proyek tidak ada yang kerja.
Alat-alat berat berhenti semua.
Kelihatannya memang sementara ini mandeg.

Saya dulu kerja di kontraktor BUMN ..... Karya tugas di lapangan sebagai Site Engineer.",0,1,0
Tetep pagar laut pokuss,0,1,0
"Ayo sdr.ku yg di Kaltim semangat,aku sudah 13 thn diSamarinda skarang balik lagi keSurabaya,Rawat dan jaga IKN sebagai kebanggan bangsa Indonesia❤❤❤❤❤",0,1,0
"Yg bilang 8KN mangkrak iru jelas orang² yg tidak suka NKRI maju, yg suka ngatain IKN sekarang nangkrak itu sakah satu penghianat bangsa.",0,1,0
Lanjutkan IKN sudah banyak menelan APBN walaupun bertahap termasuk proyek2 mangkrak Hambalang era p Sby yang juga banyak menelan APBN,0,1,0
Mohon postingan seperti ini aga dikurangi. Kasian pak amin rais bisa2setruk. Kasian kan?! 😁😁😁😁😁😁😁😁,0,1,0
Berguna bagi masyarakat klangan atas,0,1,0
Pasti mahal,0,1,0
"Cuman orang2 yang busuk dan benci pak Jokowi selalu menebar berita2 bohong mengenai beliau, hanya supaya untuk ikutan mereka membenci pak Jokowi juga, salah satunya berita IKN mangkrak. Tanpa pak Jokowi, Indonesia tidak semaju seperti hari ini",0,1,0
Ikn bikin namba hutang,0,1,0
"Yg penting kalau IKN sudah jadi, Jangan ada PUNGLI....!
Trus buat warga indonesia yg ingin MAIN kesitu, Nginep dan makan disitu, JANGAN PATOK HARGA TINGGI ...",1,0,0
❤❤bang andy yg uptodate dan funy...lucuu en kocaakk..joosss..,0,1,0
Orangnya Yg mangkrak yg gak setuju ikn dilanjutkan 😅😅😅,0,1,0
Luar biasa,0,1,0
Org indonesia tu suka membajot yg tdk ada guna nya mereka hanya mengulik salah nya aja tak pernah menilai kebenaran nya,0,1,0
Sini ke Samarinda beh aku wong suroboyo eh wes suwe kwkwk nak kalimantan,0,1,0
Sekarang orang cinah pandai2 bahasa jawa nya.😂,0,1,0
"Kenapa 90% rakyat Indonesia berpandangan negative pada projek IKN?

90% rakyat Indonesia tidak mahu keluar dari 'comfort zone"" yang sebenarnya tidak pun ""comfortable""?

Kenapa 90% rakyat Indonesia mentertawakan diri sendiri dan mengharapkkan IKN gagal?

Apa salahnya dijadikan IKN salah satu destinasi pelancongan? Biarlah pelancong yang biat keputusan sendiri selepas menziarahnya, walaupun IKN masih belum siap? Kenapa  sangat negative?

Kalau 90% peratus rakyat Indonesia begini, maka Indonesia tidak akan maju.

Hakikatnya 90% rakyat Indonesia mindanya sempit, tidak berwawasan, dan lemah semangat serta sanggup terus hidup dengan kegagalan segala sistem kehidupan dalam negara dan masyarakat setempat. 
Sebagai contoh, 90% rakyat Indonesia telah sanggup menjadikan amalan rasuah sebagai ""a way of life"".

Kalau ada unsur salah urusan di IKN, pihak berkuasa perlu siasat dan betulkan keadaan, bukannya hanya dikritik tak habis-habis.",0,1,0
"Apapun kemajuan pak Jokowi tapi di mata pembenci tetap gak ada baiknya
Pak Jokowi ♥️♥️♥️",0,1,0
Ya kita liat nanti saja.,0,1,0
Wong golek masalah yang bilang mangkrak......sudah terlanjur rakyat mendukung untuk dilanjutkan.......,0,1,0
Ngunu iku Entuk bayaran po gak ndik?,0,1,0
Kocak 😂,0,1,0
Mantap bang  jadi ingin liat liat   ke indahan ikn ❤❤❤,0,1,0
BUANG2 DUIT BIKIN IKN,0,1,0
"IKN memang cocok jadi ibukota, sayang kalau tidak diteruskan, mungkin bertahap ya...keren",0,1,0
Semangat bro tetap optimistis.... Sampek modar tetep Indonesia,0,1,0
Matur nuwun ya cak Andy wes dijak jalan2 weruh IKN insyaallah mbesuk2 isoh jalan2 mrono tenan Cak!😅,0,1,0
nanti kalo demo gimna jauh dong,0,1,0
"Bangun paling gampang
Rawat paling susah bagaimana menurut anda",0,1,0
Paling benar itu yg menjadi penghalang negara untuk maju dikumpulkan jadi satu terus di genosida,0,1,0
"Terima kasih liputan untuk mencounter para penghasut, perusak suasana. Bisanya cuma menghasut, dikasih kerjaan nyata belum tentu bisa. Paking gampang jadi komentator yg tidak bertanggungjawab.",0,1,0
"Jujur aja banyak orang yg emang mau IKN mangkrak biar bisa dapet validasi dari opininya.
Biar bisa bilang dengan bangga.. apa gw bilang... 😂

Saat ada masalah kekurang atau kesalahan dalam proses/project ya perbaiki, hukum yg salah dll, bukan ancurin...

Sama ky kl emang misal jokowi dan DPR RI saat menjabat salah dalam buat putusan buat IKN ya usut buat hukum itu, bukan buat si project yg dah jalan mangkrak cm gara2 ego haus validasi atau opini mendang mending, opini mendang mending itu saat dirancang/dikaji proyeknya, makanya awasi jg tuh DPRnya.",0,1,0
Sepertinya hantu😂,0,1,0
Muantaaaaaap poooollllll IKN,0,1,0
Liat tu anak banteng gak malu apa bilang ikn mangkrak...katarak mungkin mata mu,0,1,0
Duit ngutang,0,1,0
"Terimakasih pak presiden Bapak Prabowo Subianto sudah membangun IKN yang sangat indah...
Salam dari Banjarmasin Kalsel🙏🙏🙏",0,1,0
Apa yang di banggakak dengan adanya ikn anggaran bocor apa2 rakyat jadi korban demi ambisi ikn apa manfaatnya woyy manfaatnya apa coba jelaskan,0,1,0
Bangunan itu nampak mcm Hantu .....Pontianak.,0,1,0
"sebenrnya tdk ada yg bilang mangkrak ""giring opini sndiri"" biar britanya terus terus..",0,1,0
Logat jawa jadi konten  gak enak dengar     serius,0,1,0
Kebayang ikn 4 x JKT wow semoga cepat selesai,0,1,0
Sarang perampok,0,1,0
Jadi kayak singapura dong nantinya🤣🤣🤣,0,1,0
Ya memang gak ada manusianya kan itu gak ada pekerjaan himana si,0,1,0
Rocky gerung suruh jadi penunggu waduk Jokowi...biar waras,0,1,0
79cm😂😂😂,0,1,0
Drivernya pasti urang banjar😊,0,1,0
Alhamdulillah semoga kedepannya Surabaya juga semakin maju dan banyak pembangunan buat transportasi umum udah mulai banyak kendaraan di Surabaya kalo pulang kerja hem mancet 😅,0,1,0
"Kal jakarta sdh tenggelam,baru percaya😊",0,1,0
Semoga orang yg bikin fitnah cepat kena azab semuanya agar dunia damai,0,1,0
MAJU TERUS INDONESIA ❤❤❤,0,1,0
"""Anggaran IKN yang Diblokir Sri Mulyani""

bacaan di media seperti itu. emang ada yg mau bangun IKN tanpa di bayar?",0,1,0
"dah kira hny sm pd buang uang negara cr merusak alam scara bar²...

yg ideal rapihkan jakarta/bogor dgn bebaskan lingkungan & pemukiman yg terkena proyeknya cr ganti untung mk maslahat.",1,0,0
Usul di beritakan di tv jng di youTube biar semua orang tau,0,1,0
Pembenci ikn minggir aja lnjut trs ikn,0,1,0
Rugi besar andai dihentikan...probawo terlalu awal UTK membuat projek sendiri(makan gratis).. Probowo harus meneruskan projek sedia ada..dlm tahun 3 beliau berkuasa ..baru sesuai dilaksanakan projek2 beliau...,0,1,0
Keren ya . Sepi . Yg kerja hantu semua ya😅😅😅😅😅,0,1,0
Lagi nyebokin Jokowi ya. 😅😅😅 Parah .,0,1,0
Bukan mangkrak tapi pengerjaan gak signifikan hanya hal kecil yg di kerjakan karna dana nya gak ada lagi dan investor hampir gak ada,0,1,0
Minta tolong ambil gambar atau video akses jalan umum seperti apa modelnya.jangan cuma ambil yang Baik aja.,0,1,0
Masi Produksi karena banyak utang yang semakin bertambah,0,1,0
Jangan bangga dengan IKN.Banyak rakyat yang di tipu gajinya.Tukang tukang dan pekerja harian banyak Ng ke bayar.,0,1,0
Lu ngomong apa liat aja nanti gimana.org udh di kurangin duit nya😊,0,1,0
Bang knp gk ajak roki gerung...,0,1,0
"35 jt kang..
Kenek gae tuku sapi",0,1,0
Bentar lg slow down paham kan...😅😂😅,0,0,1
Mantap bang vidio nya.semoga IKN lancar,0,1,0
Emg knp Bro klo makan soto pake kecap manis ?,0,1,0
Bravo bpk prabowo .lnjut IKN .rkyt Rembang Jateng mndukung proyek ikn,0,1,0
Mas Andy.  Tolong video lebih detail lagi sekalian mama nya di ajak.  Baik nya bulan mei depan setelah lebaran,0,1,0
"IKN GA MANGKRAK KOK 
( tapi boong )",0,1,0
Terima ko. Surabaya yakin. Ikn mantap,0,1,0
Bagus sekali kayak Candi,0,1,0
BELUM SIA SUDAH NAMPAK BURUK BANGUNANNYA.,0,1,0
Tengill bangat konten lu bang😂,0,1,0
ANDY SUGAR LU KAKI JILAT. AXA SESUATU YG LU INGINKAN. TAPI HAKIKATNYA BAKAL MANGKRAK SEBAB TIADA INVESTOR YG SUDI MELABUR. LU TUNGGU LA SIKIT MASA LAGI. KAH. KAH. KAH.,0,1,0
Majulah negeriku bangsaku semoga sehat panjang umur asa  rejeki saya kesana suatu saat nanti,0,1,0
Mulyono dan Mas Wowo selalu di hati ♥️ 😂😂😂😂,0,1,0
Sementara untuk pariwisata bisa wisata kuliner bisa untuk mengudang wisatawan asing siapa tau nanti ada yang minat,0,1,0
Lebih mirip tempat wisata yah... kayaknya jadi tempat wisata deh,0,1,0
Semoga pendukung Anis cepat sadar amin,0,1,0
Mantap koh,0,1,0
MANTAP Skli IKN Kak 👍👍,0,1,0
Sak KAREPMU sak BAHAGIAMU,0,1,0
Antek antek mulyono    agakkkk eroorr percuma loh  banggain  IKN rakyat gak percaya sama tukang bohong 😂😂😂😂 Mulyono erorrrr aku serius IKN moncrotttt😅😅😅,0,1,0
Ikn .mantab,0,1,0
Yang dibilang mangkrak itu kalau udah tidak ada pembangunan.. benci Jokowi boleh tapi jangan mempermalukan diri sendiri😂😂,0,1,0
"Bayar brp cak andy,dan izin sama siapa kok bisa masuk,kmrin anak saya ke sana kok g boleh masuk,cuma d dpn gerbang ikn aja",0,1,0
"Bayar brp cak andy,dan izin sama siapa kok bisa masuk,kmrin anak saya ke sana kok g boleh masuk,cuma d dpn gerbang ikn aja",0,1,0
Kontra.ya.kontra..tpi.gkush.pesimis..plng.gak.ada.yng.rintis.meski.agk.lmbat.psti..ada.yng.terusin.sesuai.cita2.bng.kar.no..amin,0,1,0
"Jalan terus ..pembangunan.yg ga setuju pembangunan berjalan. Lama"" struk mikirin pasti 😅😅😅😅😅",0,1,0
"cak, fufufafa kon ngantor nang kono ae cak..",0,1,0
OCCRP,0,1,0
"Saya kesana bulan lalu, dan masih kotor, rumput setinggi dada saya yang tinggi saya 174. Lumut dimana2. Terutama dekat garuda. Ini kayaknya baru dibersihin ya ko?",0,1,0
Hanya 1 video tapi banyak orang yang tertipu,0,1,0
Pembodohan dari salah satu partai politik yg sakit hati😂😂😂,0,1,0
Sepi loh..,0,1,0
"Waduh dari video ini . Keliatan masih jauh .
Membentuk membuat sebuah kota itu membutuhkan puluhan bahkan ratusan tahun dan gak mudah 
Biasanya terbentuk secara alamiah dan penuh history   .",0,1,0
Biasa manusia munafiq apabila tdk munafiq tdk enak ada yg mengatakan mangkrak padahal Ikn tdk mangkrak itu kan munafiq takperlu di respon munafiq dosa besar.,0,1,0
"Fokus sama kata2 mase 
Garuda hitam yg melindungi para pejabat2nya
Hehe....",0,1,0
"Memang tidak mangkrak tapi gajian sulit,saya salah satu orang yg pernah bekerja disana ,coba survei semua tanyain pekerja kuli bangunan disana udah berapa bulan belum gajian.",0,1,0
Mas Andy Sugar kalau Buat Judulnya tu Jangan Mangkrak Dong....,0,1,0
Cangkem lambe turah sing omong ikn mangkrak,0,1,0
Kami masarakat kalimantan mendukung penuh ikn,0,1,0
"Mangkrak memang. Hanya menyelesaikan beberapa proyek yg hampir selesai.
Proyek yang baru tidak terlaksanakan ditunda untuk beroperasi.",0,1,0
"Pembenci tetep akan jadi pembenci
Meski pembangunan itu di buat untuk negara sendiri,namun pembenci selalu berhasrat utk menghancurkan nya.",0,1,0
Entuk Piro mas?😂😂😂,0,1,0
Ikn sungguh luar biasa sangat mega dan indah kl ikn bisa terwujud maka indonesia akan sangat di kagumi oleh negara luar,0,1,0
Alhmdulilah hari2 saya di ikn.ramai pekerja.ramai pengunjung juga yg penasaran dngn ikn.,0,1,0
Intinya ikn keren,0,1,0
Mantap jaya indonesia,0,1,0
"Saya orang solo luar biasa sekarang indonesiaku,kemajuan pesat.bangga saya ada IKN buatan anak indonesia sendiri..",0,1,0
JOOOS GANDOOS . SI ROKY GORONG GORNG DIMANA INI SURUH MELEK MATANYA,0,1,0
Kasian pada yg ber harap ikn mangkrak,0,1,0
Wih saya sebagai buzzer banga nih.🎉,0,1,0
Ada rumah  roky gerung yaa CAK,0,1,0
Mantap Mase...,0,1,0
Repot2 kali mas',0,1,0
"Buruan selesai dah biar gak jadi polemik dan yang terpenting jangan jadi Hambalang part 2, uang rakyat tuh bukan investor seperti yang digemba/or kan",0,1,0
ISTANA NYA PARA MALING KOK BANGGA,0,1,0
SISTEM PEMBOHONGAN  KOK NGOTOT  SILAKAN NGOTOT SEKUAT OTOTMU. BAKALE YO KIAMAT,0,1,0
"Wah,, hebat IKN. mantapppps",0,1,0
Yg mangrak itu rocy garung di taroh di istana besi pnjr,0,1,0
"Koclok""SSSS hotel nggak ada orangnya apa mo ngarepin hantu...",0,1,0
"Jangan lihat bangunanya saja tapi lihat hutang negara yang di bebankan ke rakyatnya,,,,, 
Di saat ekonomi negri ini yang sulit,,,",0,1,0
Bentar lagi juga akan mangkrak bos..ini hanya menghabiskan bahan atau barang yang sudah ada...kepalang tanggung..jadi terus di kerjakan...nah ketika sudah habis barang yang sudah ada...baru stop ...gw yakin ni bakal mangkrak....tandain aja vidio ini ...kita lihat kedepan nya..😮,0,1,0
Indah sekali permintaan Presiden Pertama IR Sukarno,0,1,0
"Itu liat rakyat indpnesia...masa jkw emang banyak ngeluarkan uang, tapi semua kembali untuk rakyat...maka siapa yg berani makar  pd presiden+ mantan presiden, alam yg membalas prilakudan perbuatanmu sendiri...kalian mau digilas alam( menikmati kejayaan)? Terserah pilian kalian semua yg bisanya koar2, menyebar fitnah",0,1,0
"Wong mau dibikinkan ibukota bagus kok gak mau, biar ind pny ibukota keren.lo",0,1,0
Anak sy dpt mnjd  konsulta salh satu peoyek d  IKN,0,1,0
"Yo org2 yg bisanya sombong, maka bs nya selalu buat fitnah, agar rakyat tak percaya pd pemerintah, dan memecah belah negarawan2 Nusantara, agar saling sikut, mudah di adu dombo oleh org2 yg selalu rakus, IKN udah do restui semua luhur Nusantara yg terdahulu..biaya udah di siapkan oleh semua luhur...eke bro...percaya terserah, tak percaya kalian akan pecah",0,1,0
amang hasan kd ingat bulik ke banjar kah,0,1,0
Saya mua uy ngelamar kerja kesana...hmmm,0,1,0
"Menurut saya sebuah ibukota negara tdk sekedar membangun istana dan perkantoran pemerintahan, tetapai juga harus ada beberapa Rumah Sakit kelas A sampai kls D, perhotelan, transportasi lengkap, dan tdk kalah pentingnya memboyong ASN dan keluarganya ke kota yang baru dg segala fasilitasnya.",0,1,0
"ga usah di bangga baggakan belum lunas nyicilnya ,masih panjang lama180th",0,1,0
Kayak ada asrama  tentara panglima TNI,0,1,0
MasyaAllah,0,1,0
Josss melawan berita hoak dan profokator stabilitas negara,0,1,0
itu memang sepi Broo,0,1,0
"Lihat itu amin rais, roki goreng , dan semua pembenci bpk jokowi dan bpk prabowo.",0,1,0
Mbah Amin Jaken mas men Strok ng kono.,0,1,0
DASAR PENJILAT TERNAKAN MULYONO,0,1,0
JELAS-JELAS ANGGARANYA DI BEKUKAN MALAH ADA SI DUNGU NEKAD MUNCUL DUNGU TERNAKAN MULYONO,0,1,0
Namanya juga pembangunan dari nol butuh waktu..jakarta juga awal awalnya dulu sama sepi dan hutan hutan.,0,1,0
"Bodoh bodoh, sepi itu bodoh gak ada pekerjaan",0,1,0
Maju negeri ku,0,1,0
Duh gusti... HGBnya 190 tahun.. 😡😤,0,0,1
Ternak mulyono memang gampang di bodohi,0,1,0
"Sesungguhnya oknum org Jawa itu iri kalau ada pembangunan di luar pulau Jawa, buktinya sirkuit di Mandalika lombok aja mereka mencak2 di medsos blg GK cocok buat sirkuit balapan tpi buat garapan sapi 😂. Itulah watak oknum2 org2 jakarta, Jawa gk mau kalau daerah lain maju.",0,1,0
Mana nih.. ternak binatang onta dan ternak binatang banteng suaranya 😁🤣🤣,0,1,0
sepi.  gak ada kendaraan lalu lalang bro?   sepi.,0,1,0
"KOK SEPI NGONO?  KOYOK KOTA MATI.  SOPO SING GELEM STAY NDEK KENE, BRO?  IKU MASALAHE.",0,1,0
IKN MANTAP SEKALI,0,1,0
Bng kca mtany buka agr jlas liatny seja kapn garuda nunduk dn wrnany hitam,0,1,0
Bang tolang kamera ny yg jelas mana burung garuda setau aku burung garuda itu kpala ny tegak berdiri gagah wrnany kuning k emasn,0,1,0
Bungul mun ada yg mahalangi meolah IKN nih 😅😂😅😂,0,1,0
"si amin rais bautanah dgn siriknya bilang IKN mangkrak, yg ada nafasnya dia yg akan mangkrak.",0,1,0
"nah gitu dong kalau bikin konten, buktikan sendiri di ikn, jangan asal bacot, mantab bang",0,1,0
Dari dulu mulut bapa roki garong tidak pernah mulutnya berhenti ngomongin orang lain apa lagi memburukan pa jokowi dan saya juga nonton TV siang malam itu soal pagar laut hampir semua nuding pa jokowi di cerita di media padahal cerita di tv sangat berbeda di yutube macam2 sama pa jokowi roki oh roki garong,0,1,0
"Saya tidak bisa nyampek di ibukota IKN. Cuma bisa melihat Postingannya saja, para-2 Pemosting saja.?.....",0,1,0
mantap bang..biar semua orang tau... Kalimantan mantap.,0,1,0
"Propesor yg. Nyinyir Prop.-2, Prop.Koclok-2.!.!.!.....",0,1,0
❤❤❤,0,1,0
Pembenci jokowi ongkosin biar berangkat ke IKN,0,1,0
Orang jelek akhlak tggl ikn,0,1,0
"Yg tggl di ternak mulyono mentri nya, pagar laut, negara dlm negara komonis mo kuasai negara Indonesia",0,1,0
"Mangkrak, tdk mau berkantor di sana, jin buang anak, investor pd ogah takut di tepu jokowi mulyono, penghianat negara. Ini orang bayaran mulyono yg lawan negara  ,",0,1,0
Tak susul ksk Andy....❤❤❤❤❤❤❤❤❤,0,1,0
wah keren suasana dalaman hotel nya 💞👍: From Malaysia.,0,1,0
"masya allah indah sekali IKN ini 😍😍😍 sudah seperti negara"" luar 😍😍😍 bangga jadi orang indonesia 🇮🇩",0,1,0
"Aku pecoyo  dg ini lihat arek Suroboyo ngomong yg benar seperti ini.jujur dan apa adanya.tidak seperti Roki gorong2 cuman mengkerdilkan tujuan baik indonesia Gerung dan kelompoknya anti kemajuan untuk indonesia cuman tiori melulu.yg jujur ia seperti ini wong arek Suroboyo ini suaranya mendet but I like Its
 Teman wong Suroboyo.",0,1,0
Anakku lagi cari kerja lulusan hukum tahun 2023 dan berharap bisa di pekerjakan di IKN,0,1,0
Kamu NGONTEN dapat uang dah gitu aja gk ada kontribusinya 😅,0,1,0
Saya orang Kalimantan Tengah pada THN Baru kemarin ke IKN ..mantapp...siapa bilang IKN mangkrak ...salam Kalimantan sentris....,0,1,0
Alhamdulillah anak dan cucu saya blm ada yg jadi Asn (mudah mudahan insya Allah kedepannya ada yg bisa ikut berpartisipasi menjadi Asn di NKRI Aamiin ya rabbal alamin)❤❤❤❤❤,0,1,0
"Panas ndi bro Andy, di banding'no ambek Suroboyo?",0,1,0
Ibukota negara (IKN) Adalah kebanggaan Bangsa Indonesia yg cinta damai ❤❤❤❤❤,0,1,0
"Amin rais dkk buta mata, buta hati, buta segalanya, maka mereka tidak bisa mengakui karya dan kebaikan orang, ternyata indonesia tertipu dengan penpilan dan omongan mereka selama ini mereka di kira  manusia yang sebagai mana mestinya.",0,1,0
bukn mangkrak..mana insvektor2nya.kok lom masuk...ini yg mliputi byar berapa,0,1,0
rokcy  gorong pasti kena serangan jantung nonton flog mu bang,0,1,0
YG BILANG MANGKRAK JLAS PARA PASUKAN SAKIT HATI KADRUN & MUSUH2NYA JOKOWI..😅,0,1,0
Alhamdulillah ibukota negara RI.telah berdiri megah di jantung NKRI..saya lahir di jawa mendukung ibukota RI pindah ke pulau Kalimantan.biar pembangunan di berjubel di Pulau Jawa..❤❤❤❤❤❤,0,1,0
"Lihat aja kedepan jangan koar""""bang kita rakyat cuma butuh gas 3 kilo....ga mau susu kotak sama buku tulis ....",0,1,0
"Sdh tidak konsekuen,dulu awaln bangun ikn tidak akan pakai dana APBN, mau didanai investor , ahirnya  membebani APBN jg.",0,1,0
Poleh pengen merunu rek,0,1,0
Yg bilang mangkrak itu para pembenci jokowi,0,1,0
"Keren mas, viewer mu melebihi subscriber",0,1,0
Ya nama ya kadrun  kerjanya bikin hoax,0,1,0
Yang bilang mangkrak paling yang kalah pemilu..😂😂,0,1,0
Ya...solusi ninggalin Banjir Jakarta..Pindah Ibukota..Cerdas pak Jokowi....ga sanggup beresin Banjir pindah saja,0,1,0
Yg bilsng ikn mangkrak gerombolan orsng sakit hati yg jagonya kalah di pilpres kemarin...,0,1,0
BANG ANDY HEBAT TOP MARKOTOP....IKN HEBAT,1,0,0
Ya Alloh ngomongnya .. pecah kuping ...,0,1,0
Ayo semua rakyat INDONESIA kita dukung dan ramaikan ikn Nusantara ❤❤❤🇮🇩 salam dari Medan 🇮🇩 INDONESIA,0,1,0
Mangkrat MATAMU,0,1,0
😂😂😂,0,1,0
"Mengapa anggarannya di blokir ??, Jangan bilang mau lanjutkan , hanya omon omon saja ?",0,1,0
"BUAT APA BUAT CPA,,cuk",0,1,0
"Modern sekali.. tidak ada tiang dan kabel listrik, semua di tanam.",1,0,0
Yo wes ndang dinggon ni ben gak rusak,0,1,0
Mangkrak sudah tu hahahha,0,1,0
"Alhamdulilah,saya warga Balikpapan ,sdh 3 kali ke IKN ,dr msh ada tulisan TITIK NOL ,sampe sdh tahap pembangunan",0,1,0
"WoOoW . . . 😂 AKU  SEPERTI  BERADA  DI  IKN   , IKUT JALAN ²  BERSAMA .

 LOGAT NYA  MEDOK  A S L I  SUROBOYO , lucu dan kocak , mbeling .& ndableg😂",0,1,0
Ini bukan mangkrak tp sementar kita politikan😂😂😂😂,0,1,0
Itu alat berat byk yg nongkrong apanya yg kerja😂,0,1,0
Rocky gerung si tukang fitnah.... Kalau gak fitnah gak makan,0,1,0
KEMENTOS gak onok ta bro😂😂,0,1,0
"Bukan Soal Mangkrak2 Doang,,,elu Bahas juga dong Soal Pembiayaan Pembangunan IKN,Dana IKN yg di tilep,Soal Investor IKN,,,Pola pikir Otak Ente jangan Hanya  2 Variabel,,,Kalau cara pikir otak ente hanya Soal Jadi apa enggakya tapi Gak Mikir soal Efek yang dimbulkan,tujuanya apa, fungsiya apa,benefit ya apa, dana ya dari mana, dll,,,,kalau cuma soal jadi ( berdiri ) NOH LIAT BUKA MATA LOU BAYAK PROYEK CHINA TANPA PENGHUNI,,,,Jadi tuh Bangunan TAPI GAGAL JADI KOTA MATI,,,,,Lah ente Koar2 Soal Mangkrak2,,Mikiirr Dulu Brooo baru Ngebacot, atau setidak ya Mikir dulu sebelum Jadi PENJILAAT,,,,Yang tersinggung Berarti DUNGU !!",0,1,0
Yaelah jameet  paling ini kacung nya mulyono..,0,1,0
Tanya vendor udah dibayar blm?.,0,1,0
Ditunggu vidio selanjutnya cak.ajak Rudy Duro cak Andy hahahah,0,1,0
Terimakasi banyak bang uda ajak jalan2 di IKN.. walaupun lewat video.. mantap. Semangat bang....❤❤❤❤❤❤,0,1,0
Masyaalloh,0,1,0
"tapi ora ono wonge, sopo sing nginep, piye bayar karyawan kota itu tempat bisnis mas.",0,1,0
"Apalah aku, rakyat biasa yang kesana-kesini susah nyari gas LPG 3kg,,, nggak mau memuji megahnya IKN, karena disini aja rakyat dipersulit, hanya bikin hati sakit kalau liat megahnya, sedangkan disini masih banyak yang menangis😢 rakyat disini sudah susah kenapa dipersulit?",0,1,0
knapa harus bahasa logat jawa.. ??,0,1,0
Kecoh la ngra lain biasa dah pmdgn interior htl begini so chill2 bro,0,1,0
Yg bilang mangkrak pasukan sakit hati dan pembenci jokowi atau manusia tak berguna untuk bangsa,0,1,0
"Kata si Rocy mangkrak,
Nyatanya engga, 
Katanya prediksinya si Rocy selalu benar,
Pret Nol besar",0,1,0
Aku nek mangan soto wajib nggae kecap manis,0,1,0
Yg bikin ngiler tu switch lensa kamera nya hhe,0,1,0
Dijual Aja ikn ke Amerika,0,1,0
"IKN cocok nya sebagai kota wisata. Mending lebih cocok jd sirkuit internasional, dan sebagainya. Sy jamin IKN tdk akan berjalan lancar.",0,1,0
Bodo amat mau jadi apa lah,0,1,0
Mana suaranya Warga RT sebelah yaitu RT 16 RW 24 😅😅😅😅😅😅😅,0,1,0
Ya Allah. Lindungilah Persiden Tercerdas Kami. Bp. Jend. H. Prabowo Subianto. Beserta Jajarannya. Utk Tetap. Semangat  Melanjutkan Pembangunan IKN. Biarlah Yg Selalu Nyinyir. Maklum Manusia Busuk Hati Bagi Para. Penyinyir.  👍💪💪,0,1,0
"Sepiii kapan ramenya IKN.. 
Hutan kok dijadikan kota, perlu 20 tahun bt jadi rame. 
IKN masih hutan menurutku IKN adalah kemunduran Indonesia hutangnya banyaaak😢😢",0,1,0
"Kenapa harus ada manusia seperti si Gerung di NKRI orang yang tidak pernah mencintai negara nya apalagi bangga, kayaknya hatinya sudah digerogoti belatung tikus matoi",0,1,0
Yg bilang IKN mangkrak hanya yg tidak pernah menginjak IKN,0,1,0
kocak.... 😂😂😂,0,1,0
ORA TERTARIK BLASSSS ORA MINAT BLASSSS ORA KAGUM BLASSS..,0,1,0
Ya kita aja nanti nya....gitu aja kok ribut,0,1,0
YouTubeer ni kayanya buzzer bayaran,0,1,0
"Yg koar2  mangkrak, itu orng yg sakit hati,",0,1,0
Ngga ada anggaran .yg kerja di bayar pake daun ya 😅😅😅😅😅😅begini,0,1,0
Kla dengar berita gitu lah nama nya oknum carik tenar carik uwang biyasa tu bos,0,1,0
Yg kerja ngga kelihatan .di hotel ngga tamu nya cuma karyawan yg di suruh masuk,0,1,0
https://youtube.com/shorts/AoKTADwnuMQ?si=zzxcGCoZrBW1haHZ,0,1,0
Tapi sepi. Admin nya coba tinggal di ikn.,0,1,0
"Sama Amin Rais, ini dianggap mangkrak",0,1,0
"pajero doang, tapi gak bs masuk istana negara wkwkwkwk",0,1,0
Ueeenak ulasan sampean cak.. iki gara2 omongane ROKI KARUNG... Oposisine pemerintah.. !!  Nyatane pembangunan LANCAR yo cak,0,1,0
Masih guaanteng biar kna angiin timur😂semoga jln²x bahagia sslu semngat trus maassse,0,1,0
Makasih mas e infonya.semangat terus dukung vidio pembangunan untuk kenangan anak cucu,0,1,0
Sedang mencari dana untuk keberlanjutan ikn bang. 😊,0,1,0
"Ternak Mulyono Lepas Ini........, Segitunya Buat Konten....., Belum Mangkrak Tapi Berpotensi Mangkrak Karena Membebani APBN",0,1,0
"Dulu disini rancak  becari iwak di rawa rawa kda nyangka wayah ni jadi IBU KOTA,",0,1,0
Kok sepi?,0,1,0
Dia lagi promosi hotel ya? karena selama ini masih seeeepi!,0,1,0
Apik ta DIL,0,1,0
Tpi knpa kmrin sy ketmu sm org2/Teman PU Pusat di jkrta. Kt'nya dia plg krn tdk ada lgi anggaran utk IKN..,0,1,0
"Kenapa klu kondisinya semegah itu, kepala otorita IKN dan wakilnya mundur ya, ....... ada apa gerangan ....?????",0,1,0
"Mestinya waktu mau buat IKN, aturannya dirubah dulu, masa jabatan presiden seumur hidup gitu ....... biar seru, ...... saya mendukung, atau paling tidak setelah ikn jadi dan pemerintahan ibukota negara pindah gitu.",0,1,0
Mantab naik alpard😅😅😅😅😅,0,1,0
"❤❤❤ya Allah super mewah
Kami masyarakat melihat ini sangat bahagia ,,,moga kedepannya Indonesia makin sejah terah aamiin",1,0,0
"Klpk sakit jiwa yg bilang IKN mangkrak.
Salam dr Balikpapan Kaltim Kalimantan ❤❤❤",0,1,0
"Kata mangkrak IKN itu hanya berlaku di mulutnya Ganjar, Anies dan Rocky gorong² beserta kroni-kroninya..😂😂",0,1,0
"Kata mangkrak IKN itu hanya berlaku di mulutnya Ganjar, Anies dan Rocky gorong² beserta kroni-kroninya..😂😂",0,1,0
"Ikn tidak mangkat sdh banyak bangunnya, cuma dibiarkan rak berpenghasilan, ikn tetap beroperasi ada satpam ya yg jaga ikn",0,1,0
Wah mantab trimksih informasinya abangkuh,0,1,0
Belum mangkrak... Baru tanda tanda.. mangkrak.. anggarannya di BLOKIR keMenkeu...,0,1,0
Otw nginep di swisshotel IKN,0,1,0
Securty nya kaya nya orang banjar😂😂,0,1,0
Jangan pakai kecap manis pak😂,0,1,0
"Ngono yo ngono tpi ojo ngono mbangetii ah boss,, kyok gk tw nk kota wae... 😅😅",0,1,0
"Pak Jomowi.memang Presiden hebat,jujur,cerdas,bersih dati korupsi",0,1,0
Kandang ternak mulyono. Mulutnya Banser memang tak bisa diam.,0,1,0
banyak tamu  dr luar,0,1,0
yg bilsng mangkrak hsnya org sakit,0,1,0
Jangan pwcaya sm berita miri g IKN dibaangun s.d 2045,0,1,0
Oleh bayaran piro no teko mulyono?? 😂,0,1,0
Mangkrak,0,1,0
"Aku bangga Bisa belajar dari NEGRI TIRAI BAMBU,, Cara mereka KAYA RAYA... Monggo bojo ku LORO....!! AS DAN TIONGKOK",0,1,0
"Wkwkwkwk.. Koplo klw cuma rekam2 gambar, selfie2 trus pulang cerita kesana kemari bilng hebat dan segala macam.. Y podo ae.. Semua org juga bisa.. Ending nya yg di perlukan. Jadi pindah apa gak.. Siap semua apa gak.. Itu yg perlu.. 😂😂😂😂",0,1,0
"syukurlah,IKN tetap dilanjutkan.",0,1,0
"Mantap mas 🫶 
Ini bisa membungkam mulut-mulut Anjing ( para pembenci ) H.Ir.Jokowidodo
Maaf kalau mereka sy bilang Anjing, karena mereka (Para pembenci) tidak lebih baik dari seekor Anjing",0,1,0
"GAK ADA KEGIATAN KARENA PNS GAK PINDAH, MASIH BAYAR UTANG 1300 T😅",0,1,0
Trma kasih VD nya saya bisa melihat perkembangan IKN walau g bisa dtang langsung....,0,1,0
"Keren broo...melok seneng aku cak...gas wes, ojok di pikir wong2 sing cangkeme rusak asal njeplak cak... keren pean",0,1,0
Mmg hanya irg2 sirik yg bilan ikn mangkrak,0,1,0
"Masyarakat Indonesia harus bisa menerima, kalimantan adalah Indonesia, pembangunan bukan hanya trus di jakarta (Pulau Jawa), jangan rasis, semua dibangun utk atas nama Indonesia. 

Walaupun program Pak jokowi, tapi semuanya baik utk bangsa dan negara, To pak jokowi nggak nikmati juga, nnti yg nikmati juga anak² bangsa Indonesia.",0,1,0
Kami minta jangan asal komen yang mengatakan IKN mangkrak ini tidak benar kami datang ke IKN tukang para pekerja yg kebetulan para pekerja jam 5 sore pulang saya orang kaltim ternyata pembangunan jalan terus jgn percaya orang2 tdk bertanggung jawsb,0,1,0
"Mantap mas andi, anda telah membuka kebohongan media masalah IKN Mangkrak.. Lanjutkan perjuangan..wajib di subscriber..",0,1,0
Kadrun sampah pada kepanasan denger fakta ini😂,0,1,0
Mantap bang.... lanjutkan,0,1,0
Yg bilang mangkrak hanya rombongan kaum munafik😅ada abah kok jd imam mahdi😅ada yg lebih parah ngaku cucu tapi dari mimpi😅 lanjutkan barisan sakit hati setelah melihat jejak ini😅jgn bersihin hati biar tambah kelam hatimu....karena kalian kan sdh punya cucu yg katanya bisa padamkan api neraka dan juga miroj berpuluh2 kali😅ingatttt wiro sableng itu guru nya gendeng....lanjutkan setengah waras kalian😊,0,1,0
"Bukan soal mangrak atau tidaknya. Tetapi proyek IKN itu ada niat kotor dari penguasa. Soalnya di sekitar IKN sudah di tata untuk penduduk asing / penjajah. 
Saya tdk setuju IKN berlanjut.",0,1,0
"Otw mangkrak mungkin bung, kasihan juga kalau mangkrak. Sudah invest besar kok mangkrak. Bahaya bagi pejabatnya dimintain tanggung jawab. Krn penipuan.",0,1,0
Rakyat indonesia jangan biarkan mentalmu mangkrak TK bergerak karna mengikuti pola pikir tokoh2 mangkrak seperti Roky gering(sakit telo)dn geng sakit hati,0,1,0
"Emangnya ikn itu aja, lihat di sekelilingnya pasti tempat jin buang anak",0,1,0
"kalau hotel kan ada standar nya pak mau dmnpun dibangun, dan hotel walaupun IKN belum beroprasi tetep aja hotl udh bs beroperasi dan swissbell itu udh bintang 5 pak",0,1,0
"selama ini Perputaran ekonomi berada di pulau jawa,dengan di pindahkan ibu kota negara ke kaltim, maka perputaran ekonomi akan merata karna peta kaltim berada di tengah tengah.",0,1,0
Hala carmuk bayaran,0,1,0
MANGKRAK. TINGGAL NUNGGU WAKTU SAJA. BUKTIKAN,0,1,0
Ibu kota Indonesia sekarang apa bang?,0,1,0
Mojokerto hadir kang tanks videone update progres nya IKN juossssssss lanjuot,0,1,0
Ya ndak tau .kok nanya ssya,0,1,0
"KASIHAN RT 16 & 24 APA LG X PFI & HTI SAKIT HATI KOK SAMPAI MATI,!! CPT SADAR WOEY SBLUM DIKAPANI",0,1,0
Monyed mmg ga bisa bedain mangkrak😂😂😂,0,1,0
"Hai kalian yg nyinyir ikn ,kalian adalah buangan ibu pertiwi ,ibaratkan pariwisata kalian adalah sampah yg merusak  keindahan tersebut ,saya kasih tau ,kalau kalian punya duit ,wajah  pun di hias sampai di ospal atau tempat tinggal kalian pun pengenya 2 lantai atau 10 lantai,tapi ada se orang pemimpin yg berani mengambil kebijakan  membangun negara dengan merata dan membangun sebuah ibu kota itu di anggap suatu kebodohan itu bukan kebodohan yg bodoh itu kalian ,saya kasih tau pada kalian sekali lagi seorang pemimpin itu punya ke istimewa an maka allah pilih dia untuk jadi pemimpin apalagi pemimpin negara,kalian semua yg nyinyir untuk ber mimpi menjadi presiden takan bisa karena tidak punya hati yg bersih ,seorang pemimpin itu di taati atau di hormati sebagai mana allah ber firman wa ati ullah wa ati rosul wa ullil amrim minkum yg artinya taalah kalian kepada allah dan kepada rosul dan kepada dan kepada pemimpin,",0,1,0
Buzzer,0,1,0
Yg bilang mangkrak itu orang yg belum mufon dari kekalahan jdi dia menggalalkan segala cara ngk malu apa 😂,0,1,0
Knapa harus bilang mangkrak dari politik apakah pembangunan ikn di tutupi,0,1,0
Menghibur diri... Ternak mukidottt,0,1,0
Kantor buat si Gibran sama jongosnya,0,1,0
"Insyaalah IKN akan beroperasi full di th 2029.BNgun ibukota, gakkayak bangun RSS, yg 2 bln jadi. Ini komplek besar nan canggih",1,0,0
"Menyimak vidio ini, wajar saja kalo APBN di Sedot habis2an untuk IKN.....dan anehnya untuk Proyek Multi yers tersebut mustahil tidak ada yang di Korupsi......Para Auditor, penegak hukum lainnya kemana ya..",0,1,0
Tuku.tiket.sehh.ben.isoh.mlebu😅😊,0,1,0
"Alhamdulillah wa syukurillah,  Allahu Akbar",0,1,0
Jangan bilang ndas to mas²😂,0,1,0
Rambut.mu.ijik.apik.seh..ijik.. njambul.katulistiwa.😅😅😊,0,1,0
Kui.dudu.jalan2.Rex😅kui.jenenge.nglencer😅😅😅,0,1,0
"Biarkan ikn mangkrak biar jadi sarang burung walet, kan lumayan buat penghasilan mulyono biar bisa bayar bazernya 😂",0,1,0
Tinggal neng Kono ae cak.,0,1,0
Jangandidengar. Orang. Kayasirokigerung. Bisaya. Apa,0,1,0
"Benar.... 
Harus Ada 
yg Melihat Sendiri... 
Kabarkan Kondisi Real IKN
Para Pembenci 
Hanya Melihat dari Medsos
Yang Kadang diEdit... 
Ayo Para Pembenci... 
Datang ke IKN Buktikan... 
Jangan Takut...
Marwah Kalian.. 
Akan Hancur...
Ketika ke IKN",1,0,0
Ini orang kaya balad si abu gosok,0,1,0
Harusnya jangan cuma di vidioin coba tempatin,0,1,0
Di bayar berapa bro bikin konten kaya gini hadeueueueuh,0,1,0
"Yg bilang mangkrak itu orang skeptis,pola pikirnya monoton,,kita harus berusaha mengejar ketertinggalan dri negara2 yg SDH maju,bravolah ikn",0,1,0
35 juta. Tambahin dikit beli tanah kapling di kampung...😅.,0,1,0
"Tempat wisata baru , mantap",0,1,0
Yg blg mangkrak itu buta hati.,0,1,0
Ikn akan jadi belukar,0,1,0
"Moso apik2 arep mangkrak,,sayanglo.",0,1,0
lah jelas2 mentri prabowo bilang dana dialihakn😂😂😂 mash ngeyel,0,1,0
"dibangun tapi gak ditempati manusia,,,dan yg nekat tinggal di ikn  itu namanya bukan manusia indonesia tapi kumpulan  wong  wong tukang. bangun reklasi dan yg tancapin bambu di laut",0,1,0
Pothol tenan sikilmu le..le...,0,1,0
"Kami turut bangga atas berdirinya IKN diKalimantan ,kalaupun belum pernah berkunjung ,semoga Indonesia kedepan lebih maju,mantap Keren keren .",0,1,0
"Mana itu yg pembenci,,, datang dong ke ikn .😂😂 ,ikn muaaantep",0,1,0
Sepi betul mangkat coi,0,1,0
Dasar rocky gong Gong bicara gk pakai hati liat dulu bru bicara jangan asal ngomong emangx rocky di lahirkan di dunia ini kusus menghina orang kah kasihan ibumu yng sudah melahirkanmu kalau gak sadar dengan bicaramu Indonesia butuh orang baik sadarlah rocky karung eh salah,0,1,0
"Ini baru keren infonya, bukan abal2 yg selalu dihembus orang yang g suka ikn,, ❤ ikn keren..makin jos aja",0,1,0
"Kalau sudah JD saya mau beli tanah di sana jualan , di jakarta punya disana juga merupakan pasti bakah harga tinggi buat anak cucu nanti nya",0,1,0
Alhamdulillah lanjut trus PK wi - Bowo,0,1,0
Buktikan saja....nanti. Ini sudah peresmian  tapi ko...masih kosong,0,1,0
"Hotel atau bangunan ada yg sdh  jadi, tapi sepi penghuni , alias kurang di minati, jangan jangan 5 thn  kedepan bisa seperti Hambalang ya 😅",0,1,0
https://www.youtube.com/watch?v=Iz-MYz5auSw,0,1,0
Bisnis ok,1,0,0
"kalau pembangunan IKN di bilang mangkrak sih tdk 😁😁😁 krn sdh banyak netizen yang bilang mangkrak maka para penggagas dan penanggung jwb pembangunan IKN berjibaku agar pembangunan IKN kelihatan tdk mangkrak dan harus berlanjut... Nah tinggal kita lihat sampai dimana kekuatan dan kemampuan mrk menjalankan programnya krn sekarang presidennya sdh berganti shg tdk gampang bikin hutang ke luar negeri apalagi harus mengorbankan APBN, jadi Pak Jokowi dan kroni kroni selamat berjuang selamat menikmati masa pensiun yang indaaahhh... semoga pembangunan IKN tetap berlanjut tentu hrs banyak pengorbanan, tapi jgn sampai banyak yg jadi korban 😎😎😎",0,1,0
"Wes jelass danane di blokir broww,,,apa Kowe di suruh mulyonooo bikin kontennn,,,itu hanya kuli,,,nungguin matreal atau alat alat proyek aja,,,",0,1,0
hanya utk orang kaya saja yg pasti warga sekitar ikn kagak mungkin nginap di hotel itu. pasti bukan uang pribadi utk biaya nginep. bisa uang rakyat atau uang korup,0,1,0
"iya iyaa, padahal mah kebutuhan dasar masyarakatnya belum terpenuhi, nikmatin deh nikmatin",0,1,0
"IKN kan emang pembangunan jangka panjang.....
Emang di kira kayak dongeng candi roro jongrang....
Hadewwww....",0,1,0
"Mohon manusia faesal assegap di bersihkan pak PRABOWO yg selalu berkoar bikin fitnah, dia itu orang munafik berkedok agamis .",0,1,0
Mbah Amin Rais pingin nang IKN ora ? Pokok e Top Markotop IKN ora bakal banjir Mbah. Ha Ha Ha,1,0,0
hahaha,1,0,0
"Penduduk asli Nusantara memiliki jiwa optimis , religius ,patriotis",0,1,0
"Anakku kerja disana dan berakhir sekarang😢 dan mudik di alihkan tempat kerjanya..  Lihat vidio ini serasa ikut jalan"" Bersama anakku... Dan serasa IKN jadi tempat wisata byk pengunjung untuk healing..",0,1,0
"Mewah bener tapi miris ibu kota semewah itu cuma ambius semata , sedangkang sekolah pendidikan kesejahteraan rakyat g sesuai Pancasila  infrastuktur jln msih begitu sj g ada perubahan bikin alternatif  jln lain Bru  byak yg rusak d plau Jawa dan sekitarnya , kok bikin ibu kota semewah itu kok bisa ya jauh lagi , ibu kota jakt byak korupsiya , bagaiman jauh siapa yg ngontrol negara klau pejabat2 yeleweng  korupsi menyalahi kekuasaan ini karekter pejabat susah dibrantas , nasib saja lah kecuali hukum jls pasti",0,1,0
Senang tengok negara kita maju mas..pak jokowi yg ngawali..❤😂,0,1,0
Kontenya masuk terus ya mass joss👍,0,1,0
"Saya ,pikir nanti membutuhkan kan tenaga kerja ,baik ANS ,OB , PERAWATAN KEBUN , PERAWATAN TAMAN, Wao penyerapan pengangguran berapa ya ,mau tidak andaikan pak Amin rais jadikan , tukang kebun di sana ,tifa ,suruh neraka, menyetujui menyet menyetujui di sdi IKN",0,1,0
Madesu,0,1,0
"IKN , itu memang OCE  CE,CE ,saya pernah ke sana , kalau udah di tempat ti aktif betapa muantaap  ,pemandangan  ,asyik  tidak salah Sukarno dulu , mengarahkan ke Kaltim , bener juga pak Jokowi ,memang tak ada yg menyamai nya ,",0,1,0
"Setuju bang Andy Sugar, hanya  karena dana belum turun bukan berati pembangunan mangkrak sdr 2, mangkanya liat berita di tipi dong, bahkan anggaran pembangunan IKN naik, dan setuju bung makan soto jangan pakai kecap , malih kayak semur, tapi semua selera. 🙏🏻🙏🏻😁😁💪🏻💪🏻",0,1,0
"Yg bilang makrak itu iya orang²nya banteng, sama pendukungnya anis...
Pendukung anis masih belum sadar bahwasanya anis kalah...makanya cari² kesalahanya pak jokowilah, cari² kesalahanya mas gibranlah.
Lucu banget pendukung anis ini...",0,1,0
Rakyatnya miskin,0,1,0
"hahahahaha
ide mantan tukang kusen mana ada yang kredible seh",1,0,0
"Anggaran IKN su dah di blokir
Apa artinya kalau gak mangkraaakkkk😂😂😂😂😂",0,1,0
"Untuk masyarakat Indonesia jangan mudah termakan omongan yang tidak suka pak jokowi, kalau orang yang tidak suka pak jokowi berarti orang itu udah fiks tidak mau indinesia maju, jaman sekarang banyak nudu nudu pak jokowi, pak jokowi terlalu sabar, kalau saya jadi pak jokowi sudah saya laporin yang menghina pak jokowi",0,1,0
"Klo hati sdh kotor ,mulut dan pikiranpun ikut jadi kotor ,Itulah sifat kaum pembenci yg d penuhi kedengkian .",0,1,0
Kentuuutttt....matamu picek Yo..!?,0,1,0
Cangkeme Rocky Gerung cocoknya ditabok pakai raket tenis 🎾🎾🎾😂,0,1,0
"Mana populasinya, warga yg terlihat yaa cuma rombongan yg video & pekerja proyek disana doang , para calon & ASN yg ditugasin kesana juga paling ogah2an buat nerimanya 🤣",0,1,0
Ya . . tunggu 30 tahun lagi,0,1,0
yang menyebut IKN mangkrak cuma mulut mulut gerombolan sengkuni yg tak pantas di dengar  😂😂😂😂😂,0,1,0
Saya asli balikpapan bangga dgn IKN walau blm pernah kesana krn msh dlm pembangunan nanti klo udah jadi sya pasti kesana,0,1,0
Panas dingin anak abah 😂😂,0,1,0
Mantap ikn..,0,1,0
"Roky gerung itu manusia tak berguna, makanya distop generasi penerusnya dg diganjar impoten .",0,1,0
HAHAH NGAKAK LIHAT KOMEN ANAK WABAH DAN BUZZER PADA STRESS BERAT MEREKA KREN GK BISA NGELAK DRI KATA GK AD MANGKRAK😂😂😂😂,0,1,0
MNTP,0,1,0
Mangkarak pntaslah dana dr mana makan gratis SJ dananya bingung  pemerintah mkny d kurang semua anggaran y IKN jd tempat hantu klu mangkrak  Joko trlalu terburu buru dia SDH rencakn ini SDH tau SDH hbis ms jbtany msh aj ingin mnfekurkn dana besar dr negoro y bgni hbis lah,0,1,0
Wow kerrrreeeeeeen,0,1,0
"mantap ni IKN , semoga lancar tuhan memberkati . trims bung andy sukses selalu .",0,1,0
Alhamdulillah🤲❤❤ semoga dipermudahkan segala urusannya untuk Indonesia raya dan merdeka 🇮🇩💪,0,1,0
"LEDAK KAN AJA UDH IKN😅
GAK ADAK GUNA NYA DI BANGUN.

LEBIH BAGUS BANGUN PABRIK, DI SETIAP PROVINSI 3 ATAU 5 PABRIK.
CONTOH NYA DI CHINA BANYAK PABRIK MEMPRODUKSI APA PUN ITU, TUJUAN NYA UNTUK MASYARAKAT YG TAMATAN SMA/S1.
1. DI PERMUDAHKAN PROGRAM PENDAFTARAN
2. MINIMAL GAJI 3 JUTA /4,5 JUTA
3. ADA KENAIKAN JABATAN SELAMA 3 TAHUN.
KUSUS PABRIK SWASTA JGN BUMN YAH. DI KELOLAH LANGSUNG PRESIDEN JANGAN CHINA😅😅😅",0,1,0
Asli nya parah ..mau mangkrak,0,1,0
Anda bazer bayaran sih ya boleh meluput ..coba kalo media lain boro2 boleh,0,1,0
"rame nya raju , kau ni apa  burung kah , apa kelelawar .? Aku nih burung upin  yg mau mangkrak 😂😂😂😂😂",0,1,0
Gak ada air mandi orang ikn busuk semua gak mandi😅,0,1,0
Gas melon habis rakyat meninggal😂,0,1,0
walah penghuninya buaya kali,0,1,0
Cingkrak burungikn😅,0,1,0
tai TAI MEJUR BAU TAI MUKA LUH..,0,1,0
Cuman waktu yg akan menjawab...,0,1,0
"Sampean kok lucu si ko lek ngomong,suroboyo banget😁😁",0,1,0
"tidak mangkrak, tapi mana orang lalu lalang dn mobil laju kiri kanan, yang rame kayak jakarta Surabaya, ikn siang tidak ada orang, malamnya rame para hantu mondar mandir di ikn. peliharaan peliharaan muliono berkeliaran.",0,1,0
"Yg bilang mangkrak kan manusia 16 % dan manusia nilai 11, 16 % mantan maling E_KTB/ angka 11 manusia yg tdk tahu malu.",0,1,0
Udah lu andy sugar lu ngerti apa tentang IKN..anak anak gw tuh yg ngerjain jaringan listrik tahu betul kualitas bangunannya .lu ngerti apa selain menjilat ...karya pembohong itu menimbulkan karya tipu tipu ...biar lu pajai ini itu. .lu kelas kuli .gw  kelas pemborong pagam betul ga ada yg di bayar dari kerikil sampai bunga. .ngerti lu penipu,0,1,0
Auto subscribe terimakasih mas sudah di update ikn #keren,0,1,0
"Yang jadi pertanyaan, siapa yg menikmati ?",0,1,0
"Anak sy jg kerja di IKN kasihan, semoga anak sy insyaAllah bisa sukses disana di IKN dan semoga Allah menaikkan derajat anak-anak saya... Aamiin Allahumma Aamiin",0,1,0
"Terimakasih Mas Andy sudah ngajak lihat Pembangunan di IKN yang begitu indah , Bagus , nyaman ..semoga Mas Andy sehat selalu dan sukses...",0,1,0
pak saya mao kerja di ikn donk hehehe,0,1,0
"Namanya jg rocky gorong ya mukutnya busu kaya bau vorong gorong,",0,1,0
Malas nonton.,0,1,0
Gk ada kata mangkrak buat IKN..mulut nya gerung dkk gk ush di dengarkan..sukses buat IKN,0,1,0
IKN mntap,0,1,0
"YANG BILANG IKN MANGKRAK,ITU ARTINYA KELOMPOK KATAK DALAM TEMPURUNG.MEREKA BILANG KATA SAEFUL ZAMAN,KATA EDI SUJANA DAN KELOMPOK SAKIT HATI YANG SESUNGGUH NYA GA PERNAH KEMANA MANA.UNTUK MEMBUKTIKAN MARI KESANA SAMA SAMA.",0,1,0
TUH MELEK YG BILANG KATANYA IKN MANGKRAK...YG BILANG IKN DANANYA DI BLOKIR....😂😂😂😂SAKIT ❤PASTI  LIHAT INI,0,1,0
itu bahan matrial seperti semen powwr bond bata ringan hebel nya dari banten itu dari PT.POWER BLOCK INDONESIA yang berada di desa kareo jalan raya rangkas cikande..,0,1,0
Masya allah  bagus dn keren  bangget,0,1,0
"itu bukan Gedung bisnis distrik, Tp itu Gedung Kementrian Koordinator 1 mas 😫😫",0,1,0
Nama Nusantara itu milik asean seluruh nya bukan milik indo sendiri😅 itu sebab nya mangkrang😂ini karma chokk,0,1,0
"NAMANYA SAJA ROCKY GEMBLONG , JADI OMONGANYA YQ GQK PQKAI OTAK. POKOK ASAL NGOMONG YG PENTING DAPET UANG UNTUK MAKAN",0,1,0
"entah mangkrak entah enggak,,yg saya tau sejak ada proyek ikn kawan"" saya yg kerja di proyek tidak ada yg nganggur,",0,1,0
Ikn Taek.,0,1,0
"Otak udang  ya kayak gini negeri konoha 58. Betul dana sdh dikeluarkan 80 T, wajar hasilnya segitu dongok, kecuali lu makan tu duit sebanyak itu. Cuma untuk mindahin ibukota dgn jumlah ratusan ribu ASN dan lembaga dpr, mpr, mentri, dll minimal 1000T dodol. Duit sebanyak itulah yg akan di ambil mulyono dari apbn. Negara udah kagak ada duit kecuali lu cekik lagi tuh pajak rakyat, dongok emang ternak mulyono.",0,1,0
"Hy gerombolan amin rais dan gerombolan nya yg blg mangkrak, semangat bang trs kan update IKN",0,1,0
"Katanya investor sudah banyak, mana investorx?",0,1,0
Intinya NAFAS berlari itu perlu diatur. Hanya pelari ulung & terlatih yng tau strategi itu. Ksliyan harus ingat INDONESIA   Punya PENGALAMAN MEMBUAT DAERAH OTORITA. fan menurut sy itu SUKSES. Moga IKN sukses. Selamat menyambut MASA DEPAN. 8:06,0,1,0
Lanjutkan aku bangga punya IKN,0,1,0
rumah menteri... siapa yang mau tinggal rumah kayak gini gua aja nggak mau tinggal....🤣😂,0,1,0
ya ya kita setuju rakyat dukung gibran tinggal di atas itu 🤣🤣😂😂😂😂,0,1,0
kwkwkwkw ada jalan masuk nya ke dalam hutan...,0,1,0
ya ini yang sudah menghabiskan uang rakyat 70 triliun maka tuh gedung... yang mau tinggal hanya jin yang kesepian..,0,1,0
mana yang kerja... 😂,0,1,0
manaaa...😂😂😂🤣🤣kayak rumah hantu ... lho aja yang ngakuin..😂😂,0,1,0
🤑😝😂semoga cepat sembuh bang...🤣ya cocok buat tempat jalan jalan..😂 kalau Istana nggak ada yang mau tinggal... ajak ada si gibran ..supaya jadi hebat...ajak gibran buat  jagain IKN😂😂,0,1,0
Mantap tenan 👍👍,0,1,0
"Yg bilang mangkrak kan orang2 bego , yg TDK punya wawasan masa depan indonesia , biarkan aja mas ntar jg malu sendiri , itu pun kalo masih punya malu",0,1,0
Tidak mungkin mangkrak sudah cukup baik dan sudah mengabiskan dana yg cukup banyak kok mangkrak ya KLO bisa lanyut lah agar bisa bermanpaat,0,1,0
🐷cari muka negeri Pecinan ini. 😅,0,1,0
terlalu emosi ..... dan yg dilihat yg manis saja...,0,1,0
"Pertanyaan nya, apakah ada pengaruhnya buat nasip orang kecil",0,1,0
Motivation & education,0,1,0
1 kata. Keren.......,0,1,0
Wis mantap pol,0,1,0
"Awet biyen masio seng dadi president spo ae Yo panggh di hujat ,wong usil",0,1,0
"Postingan sebelum anggaran diblokir dan wakil kepala otoritas IKN mundur', bisa bantas??",0,1,0
Yg bilang mangkrak itu kaum penyakit hati 😂,0,1,0
Ajib 35jt semalam,0,1,0
"Sumbu kang bukan Sumbo,anggetmu Rep nggawe rengginang Sumbo hehe",0,1,0
🙏👍❤️🇮🇩Alhamdulillah.Sungguh.Luarr.Biasa .Semoga Lancar dn SUKSES.👍❤️🇮🇩IKN🇮🇩❤️👍Makin JAYA...JOYO JOYO WIJAYANTI ..IKN JAYA SUKSES.Selalu...🇮🇩❤️👍🙏,0,1,0
Awakmu lek ngeflok KOCAK Nyo 😂😂😂👍👍👍,0,1,0
"Terus dibangun...tp rakyat sengsara....wesss...percuma bangunan bgs IKN...rakyatnya
Miskin...sengsara..percuma..
Sy tdk banggalah ...males...mkn aja senin kemis",0,1,0
"Hadehhh, ..  Makin Goblok aja  Tetnak"" Mulyono.. Buat konten Asal cuap cuap aja.
Yg di perllihatkan itu pekerja, pekerja Pemeliharan . BUKAN PEKERJA PEMBAGUNAN . 
Jika tidak ada pekerja  pemeliharaan  Sudah di Pastikan Proyek IKN berubah jd  semak semak dlm waktu 1 thn . 
Sudah jelas IKN mangkrak   karena dana  buat lanjut membangun  tidak Ada .  Dana Hanya cukup untuk pemeliharaan . Dana di ambil dari APBN .",0,1,0
"Harganya mahal Krn jauh dr mana mana.
Tugas pemerintah biar harganya bs murah",0,1,0
"Baru ini indo bikin istana sendiri
Krn yg lain yg bikin Belanda alias warisan penjajah",0,1,0
Aku hanya bisa bilang WAaaasooooo,0,1,0
"Yang bilang mangkrak itu, gerombolan yg mainnya cuma sekitar kandang banteng ama kandang onta.",0,1,0
Muatap mas bro lanjut kan mksh info nya  semakin mantap  IKN  indonesia ku,0,1,0
"Sy lht IKN dr youtobe dah snng krn IKN bagus..msh dijlnkn bntk pekerja"" yg melanjutkan pembangunan 👍👍👍
.",0,1,0
Wes keto' cah Surabaya rek ❤,0,1,0
"Bang, doakan saya keterima kerja di Hotel Qubika Nusantara ya..",0,1,0
Hidup kaltim,0,1,0
"Ini bukan mangktak, tapi mantap👍👍👍",0,1,0
"Kereen ikn
Semoga sy bisa berkunjung ksana.
Sehat, panjang umur dan banyak rejeki",0,1,0
Yg bilang mankrak kan barisan sakit hati n amin nangis hihihi,0,1,0
"Terima kasih ko, udah menunjukkan soal pembagunan ke pembenci pak jokowi",0,1,0
Arek Suroboyo bek arek Malang wes gek piting2an neng kamar koh..,0,1,0
Indonesia Maju dan jaya ❤❤❤❤❤,0,1,0
Tapi tetapp IKN tdk bisa cepat ditempati.secepatnya.kerna terbukti tertunda berbagai alasan..,0,1,0
Yg bilang mangkrak hanya Mbah Amin Rais lurrr.,0,1,0
DIBAYAR BERAPA LO,0,1,0
Bahasa indonesia mas,0,1,0
"Semangaaat bossss.......

Semangat bermimpi......

😅😅😅😅😅😅😅😅😅😅😅😅",0,1,0
Yg mngharapkan IKN mangkrak itu hnya orang2 yg otaknya rusak.mereka2 itu jongosny negara lain.yg gk suka indonesia maju😂😂,0,1,0
Itu video mirip Game Watch. Bo'ongan jangan tertipu.,0,0,1
"Pembangunan IKN terus berlanjut ,kalau kirim aki dari Samarinda ke petung lewat di situ❤❤❤",0,1,0
"PERTANYAAN  :   1. DIBAYAR BERAPA  ... ?    2. KALAU REVIEW YANG JUJUR  !!!...SEKITAR JUGA ...YANG BANJIR DLL ... JANGAN SING MEWAH MEWAH SAJA .
                               3.  IKN ... BUAT SIAPA  ?  BUAT RAKYAT ... ATAU OLIGARKI DAN GEROMBOLANNYA  ?  ITU YANG PENTING   .... !
                               4.  MEMBANGUN IKN ITU ....UANG DARI MANA ? .... SIAPA YANG BAKAL MENBAYAR HUTANG NEGARA ?
                                    DLL          .................    MEMANG DUNIA TDK AKAN SEPI ... DARI BERBAGAI JENIS MANUSIA .
TAPI  ALHAMDULILLAH  ... MASIH ADA AKHERAT ... NANTI SEMUA AKAN ADIL SEMPURNA ... SAAT DI AKHERAT .
SAMPAI  BERTEMU DI PENGADILAN AKHERAT .... AAMIIN AAMIIN AAMIIN  
TERIMA ATAU TIDAK TERIMA ... SEMUA PASTI AKAN SAMPAI DI "" PENGADILAN AKHERAT '"" ...  MARI KITA SAMA SAMA MENUNGGU ....",0,1,0
Ngk usah  di banggakan ikn  itu  ngk pantas jd ibu kota   mana ada yg mau kerja di situ,0,1,0
"P satpam grogi bang😅😅😅, msa cagak bendera 75cm",0,1,0
"proyek pembangunan IKN adalah kehendak yg mahakuasa melalui tangan jokowi utk kebaikan rakyat asli pribumi indonesia yg mencintai pemimpin nya dan mencintai tanah air nya sendiri ....IKN bukan utk gerombolan imigran yahudi yaman atau gerombolan penghianat bangsa ...
tidak ada kekuatan apapun yg bisa menghalangi kehendak sang maha pencipta walaupun sejuta propaganda jahat dan licik di lakukan , walaupun sejuta narasi keji dan busuk di hembuskan ...
jokowi presiden terbaik negri ini yg pernah ada ,  nama nya akan tetap di kenang sepanjang masa sering dng pertumbuhan dan perjalanan IKN ... sebuah skenario yg sudah di rancang oleh ALLAH SWT sebagai simbol dan identitas sebuah bangsa yg mandiri , yg kaya dng berbagai keragaman nya... negri yang damai dan makmur ... sejarah akan mencatat tentang  JOKOWI dan IKN  .... sejarah jg akan mencatat  orang2 / gerombolan penghalang ,  penyinyir , pembenci JOKOWI dan IKN .. ( gerombolan yg sangat berambisi agar IKN mangkrak dan menjadi hancur ) ...",0,1,0
Wow keren ❤,0,1,0
Keren banget sayang nya jauh Indonesia ku Alhamdulillah tambah maju terima kasih ❤❤,0,1,0
Yg bilang mangkrak adlh kelompok2 sakit hati..,0,1,0
Yg bilang mangkrak adlh kelompok2 sakit hati..,0,1,0
Ko andi gimana kabare mama eli?,0,1,0
"Kan di setop baru2 ini, liat aja 5 tahun kedepan😂",0,1,0
JOKOWI SALAH PERTIHUNGAN.DIA PIKIR BEGITU ADA PEMBANGUNAN SUDAH BERJALAN.INVESTIR BERBONDONG2 INVESTASI DI IKN.TERNYATA?,0,1,0
JGAN NGOMONG YG MULUK2 KITA NANTIKAN HASIL AKHIRNYA.TERBENGKALAI ATAU DI TERUSKAN.TAPI DENGAR 2 PEMBANGUNAN UDA DI STOP.TIDAK ADA DANA.YG JADI KENDALA.SOAL DANA.,0,1,0
Para ternak ONTA dan  ternak  KENO yg ngomong  MANGKRAK,0,1,0
Yang membiayai adalah kita rakyat Indonesia diambil dari uang rakyat sadis....,0,1,0
"Banggaa dgn keputusan jokowi berani ambil langkah untuk garap ikn

Ahirnya indonesia punya ikn",0,1,0
"Daritadi gw penasaran nonton sampe abis tapi gak liat ada yg kerja, buldozer mati dan gedung yg belum beres kosong ga ada yg lanjutkan pekerjaan 😂😂 alias emg mangkrak, yg kelihatan cuma segelintir org untuk perawatan pasti ngabisin apbn 😂😂
Yuk lah jadi konten kreator jgn cuma tebar kebohongan.",0,1,0
Ini mah....ke IKN org berduit smua yg datang ..yg ngga berduit...wis....meneng bae😪ikn kusus yg berduit klau yg rakyat biasa boro2 ngopi bgtu buat bli berasa aja dah cukup buat klgra...pokok nya yg berduit yg berjaya yg ngga berduit meneng bae🤦‍♂️🤭NEGARA MACAM OPO IKI REK,0,1,0
"Tidak ada laut, kan lautnya sudah hilang😂",0,1,0
"Gak ada orang juga proyeknya jadi, jatena dikerjakan oleh jin",0,1,0
Lanang kok endel 😅😅....iki ta sing jenenge influenza 😅😅😅,0,1,0
"HARUSNYA ANDA BANGUN DARI TIDUR PANJANGMU😁😁😁 MAU SEPERTI APAPUN ANDA KOAR KOAR TENTANG IKN ,ADA SATU HAL YG HARUS ANDA PAHAMI FAKTA DAN DATANYA JIKA SAAT INI PENDANAAN ATAS PEMBANGUNAN IKN SDH DI STOP TOTAL OLEH KEMENTRIAN KEUANGAN DAN SEMUA ITU TERJADI ATAS HIMBAUAN LANGSUNG PRESIDENT SAAT INI YAITU PRABOWO.",0,1,0
Urgensi apa untuk rakyat...leelee.iyah meding kalo  ngk pake uang rakyat. Ga papah.iyah mending kalo bangunan itu semua di bikin untuk rakyat yg belum punya tempat tinggal.,0,1,0
Hasil hutang sana sini😂😂,0,1,0
"Mas2....
Kalo hanya beberapa orng sama aja itu namanya mangkrak,agak agak mas ini😂😂😂",0,1,0
"Yg bikin konten ikn mangkrak,buat isu2 ngk jelas sadar propokator orang yg mecah belah negara",0,1,0
"Biasaa, IRI TANDA TAK MAMPU,",0,1,0
Iya ada bangunan mewah pula... tapi tetep mangkrak itu namanya Bung.,0,1,0
Orang yg bilang ikn mangkerak  pastinya orang tidak suka ma bpk jokowi,0,1,0
"Krn program MBG,semua kena imbasnya, efesiensi untuk rakyat katanya...! Rakyat yg mn..? Mlh lapangan kerja makin sulit, harga kebutuhan pokok terus naik, pembangunan infrastruktur tertunda,tingkat pengangguran semakin tinggi, masa alokasi dana hanya untuk urusan perut & jg buat koalisi gemuk...heran deh bgtu bnyak orang pintar di pemerintahan tp kenyataan di lapangan keadaan semakin sulit,ratusan trilyun masuk dlm APBN dr berbagai sektor usaha,,negara kita punya kekayaan & hasil alam yg berlimpah... kemana aja...?",0,1,0
Lanjutkan. Biar melihat yg bilang IKN MANGKRAK..,0,1,0
"1 malam 35 juta"""".beuhhh",0,1,0
"Coba tanyain vendor"" IKN nya udah pada di bayar blm yg ikut serta dlm pembangunan nya,,,biar pasti kebenarannya😂😂😂",0,1,0
Kita liat aja satu dua tahun lagi ..,0,1,0
"Banyak yang senang ikan nggak jadi, karna banyak yang iri kalu kalimantan jadi berkemajuan",0,1,0
"yg bilang mangkrak ,biar dia tenggelam sma air laut jakarta 🤣🤣🤣🤣",0,1,0
P,0,1,0
"Manusia tidak ada yg sempurna, ada kelebihan ada kekurangan ada positif ada negatif ada makan ada waktunya buang air, kl ada orang2 yg kerjanya hanya nyinyir negatif saja, mgkn harus diperiksa saraf kejiwaannya dan hatinya, jgn2 malah dia yg terkena penyakit sombong sok paling tahu dan benar, disegala kekurangan mengurus negara sebesar indonesia ini, masa gk ada terlihat satupun dimata mereka kebaikannya, saya ambil contoh yg sederhana saja, sekarang mudik kejawa sudah gk macet berhari2 spt dulu, krn tol sudah tersambung dari jakarta smp ujung pulau jawa, even lewat tol itu bayar, itu adalah pilihan, lihat pasar2 yg dibangun dipapua, jgn2 mereka yg bikin podcast suka nyinyir itulah musuh indonesia sebenarnya",0,1,0
Ttp ibukota Jakarta❤❤❤,0,1,0
"Luar biasa indonesia ibukota baru,,,mana anak abah,,,du kalimantan ada gk biar liat,,sambil nanya""nih perubahan nmnya,,,bukan perubahan yg onohh",0,1,0
Wah...Gedung gedung kosong kaya gitu ....oke banget tuh buat uji nyali UKA UKA....Dunia lain ...pasti seremnya melebihi...Lawang Sewu...🤪,0,1,0
Mosok garudae sampek gosong mergo kepanasan,0,1,0
Yaudah buat wakil saja...,0,1,0
Ora ngertos bahasanya,0,1,0
"Para pencaci dan barisa sakit hati yg koar2 mangkrak,suatu saat nanti saat ada daerah tenggelam iKN lah gantinya.",0,1,0
Kepala pengadu domba yg mangkrak,0,1,0
buzzer nasbung wkwkwkwkkwkwkkwk,0,1,0
Ah biasa yg bilang mangkrak itu dari pihak sebalah yg kalah,0,1,0
Lanjut mas  biar yg nyinyir bibir nya struk,0,1,0
Mantap2..joss...🎉🎉🎉,0,1,0
IKN Insya ALLOH hebat jangan dengar orang2 yang mulut ember mereka tidak mau melihat Indonesia maju,0,1,0
menyala abangku.,0,1,0
saya lihat di youtube aja udah seneng kk,0,1,0
Andalan wong ikii,0,1,0
Konser artis luar di sini aja biar cepet rame ikn lumayan nambah modal pembangunan,0,1,0
Terima kasih bang Andy...kami bisa liat² IKN  melalui  anda...😃😃,0,1,0
Alhamdulillah...terimakasih dah ngajak  jalan ke IKN ... insyaAllah  nanti  klo ada rezeki  saya  mau  jln2  ke IKN Aamiin  🤲❤,0,1,0
suroboyo iku nggone pejuang dhudhuk pecundang.,0,1,0
"akibatnya utang numpuk, kan ? utang terbanyak era 10 th",0,1,0
Sekarang aja metro TV beritain   ikn mangkrak ikn jadi ik end,0,1,0
aku percaya ikn tdk mangkrak jlan trus si pembenci  yang mangkrak tdk berkutik liat kenyataan ikn maju terus oiii,0,1,0
IKN wajah baru Indonesia yang lebih baik. Maju terus IKN 💕💕💕,0,1,0
Gpp pk duitmu 👍👍👍,0,1,0
Semua Jasa  raja MULYONO,0,1,0
Sukses selalu untuk kontennya yg saat ngonten didampingi...,0,1,0
Mestinya wapres nya ngantornya di ikn aja biar cepet selesai.,0,1,0
*16% Penduduk Indonesia sudah beralih profesi sebagai PenFitnah .. semoga mereka tidak Meninggal dalam keadaan menjadi PenFitnah*,0,1,0
Mentri INVESTASI Bahlil gak berguna buat nyari investor 😂😂😂,0,1,0
Murah banget ya,0,1,0
Kalau bagi saya 30 juta mending pake belanja perut kenyang,0,1,0
"Mangkrak dalam artinya pembangunan distop karena dana tdk ada, yg ngomong pejabat kok, mmg nitizen mah cuma ikutin berita, ayo tangkap yg bilang dana tdk ada tp tetap berjalan pembangunan 😂😂😂😂 aduh2 jd negeri ini sdh byk omon2 nya mengerikan",0,1,0
Pertanyaanya hotel berpprasi sedangkan blm ada penduduk gimana ceritanya tuh ?,0,1,0
Sepi ya,0,1,0
"Suatu saat bnyak tures""klw dah jadi mngkin sama aset juga aset negara",0,1,0
Mantap udh lihat ikn mas suwun suwun vidoe ne😊❤,0,1,0
Muaak mas Andy .sek apikan PIK MW AJA DIBODOHI ...PIK 2 FASILITAS E MEWAH.IKN WS LAYAKNYA JAKARTAA,0,1,0
"Yg bilang mangkrak ada 4 :
1. Ternak kerbau
2. Ternak onta
3. Amin rasis
4. Imigran Yaman.",0,1,0
"Biar mangkrak ,pemimpin yg tk tau mikir  Jokowi manusia yg menyusahkan dan merusak rakyat dan negara Indonesia..",0,1,0
Bot pjgn doank,0,1,0
😂,0,1,0
"Bikin istana, gak ada feedback buat rakyat nya yg miskin. Makin terjepit dan dicekek rakyatnya dgn harga makin mahal. Sementara kemegahan Ikn hanya untuk pejabat dan penguasanya

Dimana sih bangganya?? Kecuali kalian3 yg kecipratan duitnya dan yg gak pernah merasakan perut lapar.",0,1,0
Ini pasti org nya  simulyono,0,1,0
bgai manapun aku bngga liat IKN.,0,1,0
Xeon GT 125 boleh masuk gaes 😂😂,0,1,0
Bos jadi buzer Mulyono dapet berapa penghasilannya?ikutan dong bos,0,1,0
"Ikn itu kalau ga salah baru 20% trus dengan hutang menggunung apa ia mau di lanjutkan karana akan mengganggu setabilitas ekonomi nasional,lah yg komen di sini yg bela ikn juga akan kena dampak kalau ikn di teruskan😂",0,1,0
Lah itu sepi gtu loh mas😂,0,1,0
Lanjut JAYALAH NUSANTARA JOKOWI PRABOWO dari AREK SUROBOYO mantaap,0,1,0
Ikn bukan membuat wahana tapi kota besar yg modern perlu waktu yg lama untuk mencapai tingkat ideal dan maksimal. Contoh washingthon ibukota amerika perlu ratusan tahun agar bisa berfungsi maksimal sebagai ibu kota.,1,0,0
Ada dengan kecap manis saudara....,0,1,0
lahan luas eks PT ITCI dan lain lain yg sudah lama menjadi incaran asing...,0,1,0
"Jangan terburu buru bilang mangkrak,kita lihat hasil akhirnya mas.",0,1,0
Bangun terus aja pake uang Si muis tu 271 T,0,1,0
Uwies mantep tenan rek IKN Joss gandoss indahh 👍,0,1,0
"Yang bilang mangkrak itu sudah jelas orang² yang sakit hati akibat para jagonya kalah, pengin nya pak Prabowo itu mundur supaya Abah bisa duduk di IKN. Pasukan sakit hati emang susah mau di jelaskan seperti apa pun. Kita pasukan 58 cukup berdoa aja yang terbaik untuk negara kta. Semoga dengan hadirnya IKN negara kita semakin maju dan makmur kedepannya AAMIIN",0,1,0
💞,0,1,0
Lihat 2 atau 3 th kedepannya seperti apa,0,1,0
PROYEK GK BERGUNA BUANG2 DUIT SMPE UTANG BNYAK AKIBAT MULYONOOO😂😂YG BEGOOO,0,1,0
Jgn sampe ikn di mangkrakkan..kalo hal itu terjadi jgn kaget kalo inverst asing2 smakin berbondong2 menyuplai kucuran dana.karna ternyata sgt bnyk pihak2 asing ingin ikut  berinverstasi di ikn,0,1,0
"Waduh , cuan cuan semua itu, 
Sepi banget, habis biaya berapa itu",0,1,0
Mantap 👍👍👍,0,1,0
"Klo para pembenci ikn, pasti tertawa terbahak 2klo ikn mangkrak, sebab mereka pembenci akut, yang gak mau Indonesia maju, Maunya Indonesia jadi negara terbelakang dan selalu diatur negara lain, para pembenci itu manusia iblis,",0,1,0
Alhamdulillah,0,1,0
Bagus Cak....tunjukan ke dunia bahwa pembangunan IKN terus berlanjut dan tidak mangkrak.lihat sendiri....Yang nyinyir IKN berlanjut...,0,1,0
"2 chenel tv yg suka bikin berita gaduh. tv one dan metro tv 
pasti berita melenceng",0,1,0
Jakarta terlalu mewah...itu yg bikin ORANG KAYA...PENGUSAHA DAN ORANG2 PEMERINTAHAN SEGAN UNTUK PINDAH.....saya pro ikn tapi tidak untuk anak Jokowi...dan gedung Garuda yg layu.!!!!....dengar RI 1 ada wacana mau memaafkan koruptor aja HATI INI timbul saya pesimis untuk presiden skrg.....andai 70% orang Jawa n Sunda anak kuliahan ..ekonomi bangsa ini tidak di dikte China keturunan ...siapa top konglomerat dari Jawa n Sunda...???,1,0,0
😂,0,1,0
rupanya tidak hanya memindahkan ibu kota tapi memindahkan kota Jakarta atau kota besar dan modern lainnya. pantas saja RATUSAN TRILLIUN demi IKN rakyat dikorbankan. RATUSAN TRILLIUN yang seharusnya bisa meringankan penderitaan rakyat miskin. Kalo mangkrak sih sayang sekali.,1,0,0
"Keren bang, ❤",0,1,0
"Wowo mo ditaro di hutan jd raja hutan, jakarta tetep jd pusat bisnis di kuasai oligarki ama anak2 jokowi 😅😅",0,1,0
"Jadi pengen jalan2  ke IKN mas andy 
Tapi gak dewe duit 😂😂😂
Liat ini jadi ikut bangga jd orang Indonesia",0,1,0
Klw bisa jngn lnjutkn pembngunan ikn  nya buang buang anggran,0,1,0
Mantap bosq semoga chanelx semakin berkembang dn sukses sll bang❤,0,1,0
Yang bekerja... Pejuang IKN💪,0,1,0
"Thank you infonya... Andy Sugar
IKN Keren❤🤍😊",0,1,0
Asm. Alhamdulillah. Orang. Surabaya. Ngliput. Amiiin x 3. Selamat berjalan.  . Sukses selalu.,0,1,0
Asm. Cangkeme. Penyinyir. Kon delok. Cocotte. Ben. Nyosoooor. Se. Doboool,0,1,0
Bagus²ikn..,0,1,0
Itu hoaxs,0,1,0
Bukan nya mendukung agar indonesia tambah maju malah menyebarkan berita hoax..berita menyesatkan..pantaslah kalo aku bilang orang orang itu orang gila..,0,1,0
Orang orang yang otaknya gila yang mengatakan ikn mangkrak..,0,1,0
Inget saat kerja di PEMBANGUNAN HOTEL IKN,0,1,0
"IKN akan terus di bangun dan lanjutkan, pelan pelan pasti walaupun anggarannya mungkin berkurang,",0,1,0
Hanya onjeng dan kadrun yg bilang IKN mangkrak??.,0,1,0
Koyok taek....😊😊,0,1,0
Seperti kota mati sepi gak ada penghuni 😊,0,1,0
Manrap,0,1,0
Angkat pak Satpam jadi local guide IKN.. kerenn,0,1,0
Hayu atuh kapan pindahnya ko masih pada di jakarta aja ....dirunggu ya kepindahannya ...katanya januari ini udah februari blm ada kabar lagi...mas wapres dulu deh,0,1,0
"Bakal mangkrak,kemungkinan proyek ikn tdk surpei Amdal (analisa dampak lingkungan) bisa banjir,kebakaran hutan dan konplik dgn warga sekitar.",0,1,0
Yang bilang mangkrak yang benci pak Jokowi dan pak Prabowo,0,1,0
Warga Indonesia masih lebih senang Ibu Kota negara peninggalan Penjajah 😂,0,1,0
"Andai pak prabowo HAMBALANG saya berpendapat 
  pasti diselesaikan.   Apalagi cuman dana yg  jauh tak sebanding dg IKN.  Lagipula  tak terlalu membebani APBN .  Semoga pak SBY  selalu sehat",0,1,0
Itu di penajam Paser Utara Kutai Kartanegara Kalimantan timur,0,1,0
Kadrun yaman emang otaknya pada tolol sllu menyebar hoaks 😅,0,1,0
Mangkrak ngga mangkrak bukan urusan komunitas nyinyir.,0,1,0
"Orang kalo udh benci ya gtu, pokoknya semua proyek Jokowi bakal disebut mangkrak 🤣

Padahal ada channel yang selalu bahas update di IKN, tapi mereka lebih percaya sama hoax modal tempel teks di Sosial Media 😂 giliran dikasih video bukti kelanjutan proyek, mereka malah bilang editan wkwk

Dasarnya emng percuma ngurusin barisan sakit hati😆",0,1,0
Bagus. Tapi saya betah di Jateng & DIY.,0,1,0
"Le mbangun nggo duite sopo woyy? APBN dipotong sana-sini, proyek ambisiuuusss..
Ni orang2 kenapa pd gak nyadar sih😅",0,1,0
"belum ada orang yg betah tinggal disana orang bisa dihitung dengan jari, masih sangat sepih.!!",0,1,0
"belum ada orang yg betah tinggal disana orang bisa dihitung dengan jari, masih sangat sepih.!!",0,1,0
"ini bakal jadi hutan belantara,, uangnya sdh habis tdk ada lagi anggaran ikn stop semua.!!",0,1,0
"Keren bgt, tinggal dibuat rame aja",0,1,0
"Klu ga cpt bangun IKN gmn, klu nti Jkt tenggelam.....smg pembangunannya lancar dan bs cpt pindah di IKN ...Aamiin",0,1,0
Ternak Mulyono 😂,0,1,0
"Ya, jangan terlalu percaya yg g jelas, buktinya msh berjalan.",0,1,0
"MbahAmin rais,lihat vidio ini tmbah,sakit tmbah puzing,nyahok mbah amin""",0,1,0
Serem bentuk garudanya kaya ber bau mistis.   Nga pain ngantor di hutan SM di laut apa ga ada dartan kenapa mesti di Kalimantan mantan .bukan nya sekalian DJ di Papua eluh yg mau ngantornya di situ ber temansmbuaya SM orang hutan Wek 😛🤮,0,1,0
mana yg bilang mangkrak... yg ngomong mangkrak gk punya otak dn matanya buta...,0,1,0
"Kok mangkrak piye toh lha wong uang negara sampai habis GK peduli rakyat menjerit sampai sampai mengalami difisit kas negara hutangnya makin bertambah gara2 ikn,gak ada fungsinya ikn.mulyono hrs tanggung jawab.",0,1,0
"1 BLN kmrn sy br pulang dari IKN cak,krj di pryk RTJM,semoga semua pkrj Proyek IKN sehat selalu semua ❤❤❤❤❤❤❤❤❤IKN",0,1,0
jokodok mantan presiden modal ijazah palsu & mobil esemka goib.,0,1,0
Keponakanku kerja diikn jadi yg bilang mangkrak itu bohong,0,1,0
35jt/malam buat gue yang mahasiswa mungkin uang saku 2th 🤭,0,1,0
"Udah distop dananya sama Prabowo, koh",0,1,0
"Menteri PU bilang blm ada dananya, APBN blm cair. Terserah aja  yg  bicara punya maksud bikin konten",0,1,0
Cocok utk kantor wakil presiden..2025,0,1,0
Ngk mangkrak mas tpi rakyat e sing mangkrak sepi dagang mau cri uang 2 jt sj mata merah,0,1,0
Jualan jamu😂😅,0,1,0
harga diri bangsa telah lahir..ikN mantapppp👍👍👍👍👍,0,1,0
"Yg pembenci jokowi
Ya bilangnya IKN mangkrak  padahal suksea",0,1,0
njir buzzernya banyak bro,0,1,0
"Itu Banser Jokowi ,  sbntar lgi mangkrak",0,1,0
Alhamdulillah mantap IKN 🇮🇩💙💚🇮🇩,0,1,0
"coba tanya mas..rental mobil nya, udah dibayar belum?",0,1,0
Luar biasa!👍,0,1,0
Mksh mas 👌 sudah datang k IKN .. SUPAYA KAUM PEMBENCI  P JOKOWI  TIDAK ASAL NGOMONG ☝️ KLO IKN MANGKRAK ☝️.      KAUM PEMBENCI MEMANG MEREKA TDK MAU NEGERI INI MAJU & TERHORMAT 👌    semoga CPT rampung ..& bisa di gunakan tuk pemerintahan.. BIAR ADIL & MERATA ...PEMBANGUNAN DARI SABANG SAMPAI MERAUKE ...👌💪💪💪,0,1,0
Yg bilang mangkrak org tersebut belum pernah datang ke IKN cuma dapat info saja 😂😂😂😂,0,1,0
SAYA SETUJU ADANYA IKN YG MEWAH TP MIRIS JG MELIHAT PANJANGNYA ANTRIAN GAS MELON YG ARTINYA RAKYAT MSH BYK YG MENCARI SUBSIDI,0,1,0
Mbh amin rais gelandangan politik ini di kasih tau biar teges kt nya kemarin kesana seperti kota hantu.....hai anak2 abah sama pembenci2 jokowi lihat ini dgn mata melek jgn merem.biar tau ..ha...ga...ha...,0,1,0
"Ngelus dodo,,,,, mergo ng kene jih angel golek sego",0,1,0
Saya yg  sangat bangga dengan Bapak jokowi .... Sangat bagus sekali di Ikn,0,1,0
Hanya anak bahlul yg bilang mankrak,0,1,0
"Ini kota untuk pusar pemerintahan , bukan tempat Hiburan, tolong di ingat,😁🌝🙏👍🇮🇩",0,1,0
"Bagus lagi kalo jokowi dan gibran jadi presiden2an dan wkl presiden2an berkantor di situ terus njagai pangkalan gas 3 kg an....lha itu hotel dan kantornya sudah penuh berjubel dg para investor dari kroya, jipan, singaparna dan alam semesta...ndi wajahe tokoh occrp kok gak nongol di sini😂😂😂❤❤❤",0,1,0
mungkin sekarang masih berlangsung pembangunannya tapi sekarang anggarannya d blokir,0,1,0
Pen ke situ,0,1,0
Utang mu ....,0,1,0
"MASIH BANYAK CSIS, Propaganda di Negri ini, demi memikirkan Perut mereka masing"" !!! Sikat Tuntas Cak Antek"" yg suka Bikin Gaduh RAKYAT INDONESIA ! SALAM NKRI !!!",0,0,1
Yaya alfat sampean memang orang kaya glamor mantap,0,1,0
"Iya kak, sepi banget kak..",0,1,0
Belum ada kegiatannya ya,0,1,0
Prit,0,1,0
Bukan burung Garuda TPI kelelawar .... Dahlah IKN jadi sarang hantu ...😂😂😂😂,0,1,0
Yg bilang IKN mangkrak itu sirik lihat keberhasilan BPK Jokowi membangun IKN yg megah tarap internasional bangsa lain aja kagum dgn keberhasilan pak jokowi.orang Indonesia kok ngak terima kasih malu dong yg nyinyir,0,1,0
Tamat,0,1,0
Bukan mangkrak tapi jadi ternak2 vinokio,0,1,0
Wisma atlit dulu itu namanya  mangkrak,0,1,0
"Majukan Kalimantan seterusnya provinsi2 lainya,,desa2 juga basmi pungli,,biyar prasarana nya bagus di lihat indah",0,1,0
"Ikn pati mangkrak ternak mulyono kaya loh dah ketar ketir mampus mangkrak, orang ikn ga laku",0,1,0
Silahkan aja buat ternak mulyono.pada pindah kesana semuanya biar di jakarta aman ga ada yg bgobok ngobok,0,1,0
"KELOMPOK ROKY GERUNG PAISAL ASAGEF AMIN RAIS CONNIE HASTO ABRAHAM SAMAD SAID DIDU CS MEREKA SEMAKIN SPORT JANTUNG SEBENTAR LAGI PADA STROKE NYUSUL PELUKIS YOS SUPRAPTO, MELIHAT FAKTA IKN YG LUAR BIASA 🤭",0,1,0
Yg benci pak Jokowi bilang mangkrak.... nyinyir trus,0,1,0
Kerenn IKN ! Yuk Ke IKN ❤,0,1,0
Ini yg ngomong ternak mulyono kabeh.,0,1,0
Di jadikan tempat wisata dan taman bermain anak anak malah jos 😂😂😂,0,1,0
Yang bilang ngangkarak mungkin warga malay😂😂😂,0,1,0
Manttab bang,0,1,0
"mantaaap Mas se,tunjukanlah selalu kebenaran.
semoga channelnya,semakin berkembang",0,1,0
😂😂 pohon pohon bnyk yg mati,0,1,0
"Video2 pembangunan IKN yg seliweran di layar komputerku pasti kutonton dan kusubscribe channelnya. Maturnuwun, nggih videonya.",0,1,0
Semoga bs jalan jalan nanti ke IKN,0,1,0
"Saya orang Cilacap,masih kerja di ikN",0,1,0
Kasi paham bang org yg membenci ikn.😅,0,1,0
"Saya pikir,,bukan priyoritas bukan berarti berhenti pembangunanya yh",0,1,0
"Ko Andy, maaf sy new viewer, knp slu menyelipkan ajakan untuk ""tidak blh pake/tidak blh makan kecap manis""? Gak baik buat kesehatan kah?",1,0,0
"Ramai sekali apalagi pakai mobil ESEMKA yang tercanggih. MANTAP, Ramai banget... komentarnya.",0,1,0
Lho onok pp property juga😊,0,1,0
Orang2 yang bilang mangkrak itu gerombolan sakit hati,0,1,0
Mulyono dsn ternaknya moga segera pindah ke IK end.. biar tenang indonesia,0,1,0
"Eman klu Sampek mangkrak, kita do'akan semoga berlanjut Eman Eman sudah menghabiskan uang triliunan rupiah😢😢😢😢",0,1,0
Mangkrak ((Hambalang))..baru mangkrak...orang msih bnyak yg masih krja di proyek ikn kok di bilang mangkrak...yg bilang g mangkrak plus pke sumpah serapah cuma gerombolan alumni 212 doank SMA si paling prof tpi modal bacot doank tnpa tindakan 😂😂😂,0,1,0
"Ra ngurus,,,,",0,1,0
Alhamdulillah mas lewat video ini masyarakat jadi tahu bahwa program dari bapak Jokowi masih di lanjutkan... gimana para tukang fitnah... masih berlanjut kan... jangan asal fitnah...biar hidup mu bisa tenang... inget fitnah lebih kejam dari pembunuhan...,0,1,0
"Wah hotel aja sipi pengunjung 
Dan tamunya apa lagi dll bos,",0,1,0
"Semangat..💪💪💪💪
Maju terus IKN..👍👍❤️❤️",0,1,0
"Sip, DAGELAN E. BAYARAN REK",0,1,0
Preeeet adili mulyono,0,1,0
"Jgn mudah percaya sma kru""lwn politik semua berjln dgn lncr buktiny hari""semua mobil alat berat dan matreal selalu lalang lewat dpn rmh kita hidup ikn nusantara",0,1,0
Kenapa pak mobil.pon tidak ada .bamgunan besar2 buat habis kan wang saja.lebih baik tolong warga miskin,0,1,0
Apakah nanti nya ada kota tua di Kalimantan?,0,1,0
Ya gak mangkrak la dana dari 9 naga apa sdh habis,0,1,0
"Mas Hasan payah, masnya ga diajak ke ASN 4😂😂😂",0,1,0
jelas mangkrak masih jg cari alibi kan sdh jelas anggaran utk ikn tidak ada .. terus yg membangun siapa?? apa 9 naga yg bangun mana bisa bangun tanpa izin pemerintah dan kelapa negara Presiden Prabowo .. lagian tanah ikn itu sdh disewakan sekian puluh tahun bukan lagi milik RI makanya ikn harus di tinjau ulang pembangunannya,0,1,0
"aku mau tinggal di ikn,aamiin ya rabb, woww...bikin merinding",0,1,0
"Lah bgmn mau senang bangun asal²gk rmbuk yg punya negara yaitu rakyat...setahu sy yg byk hutang itu bakal bsngkrut
Emang snang byk hutang...lu aja klo byk hutang pening kdang mpe bnuh diri gtu kq bisanya di kata sukses 😂😂😂",0,1,0
👍👍👍🎉🎉🎉🎉❤❤,0,1,0
Indah sekali ingin rasanya k sana melihat lansung,0,1,0
"Sepi banget, ibu kota kayak kampung.",0,1,0
"Duete spo yg tuk bsngun ya...klo rkyat bisa hutang gk prlu blikin bisa bangun 10 klilipat kya gitu ksli 
😂😂😂😂",0,1,0
"Jongos dungu...
Di kadih obat apasja yg gk mndi rek²",0,1,0
"Nek delok bangunan indah megah aduhai koyok ngono,,berarti negoroku wes sejahtera,,tp koncoku sek akeh seng nganggur golek kerjoan due anak pisan😅😅",0,0,1
Woow...se7 sekali kalau maswapres tinggal diIKN...cucok.,0,1,0
"IKN jln terus jgn sampe mangkrak ya, hrs jadi Ibu Kota Negara Indonesia. Trims mas andi kontennya bisa liat IKN mantap",0,1,0
Ikn itu proyek gagal kalau menurut saya,0,1,0
Mantab ..❤,0,1,0
"Mantap pak dhe, salam dari kota poso sulawesi tengah, sehat selalu amin.",0,1,0
"Bravo ikn, bravo Indonesia raya, yang bilang mangkrak karena mereka gak bisa liat....alias hanya diam dirumah. saja.   😂😂😂",0,1,0
Alhamdulilah barokallah,0,1,0
"Proyek tipu2 IKN Mulyono yg membuat jebol APBN harus di tutup di batalkan dananya lebih baik buat pembangunan daerah2 ,makan siang gratis & pembukaan lahan pertanian swasembada pangan",0,1,0
ada ya orang yg bangga sama mulyono😅,0,1,0
Amburadul,0,1,0
"Mereka yg bilang mangkrak lgi cari alasan untuk membatah 😂😂😂😂😂

Lanjut bang....",0,1,0
Ayo para buzer dan ternak mul keluar semua mumpung ada yg bela nih😂,0,1,0
"Terima kasih sudah ngajak liat2 IKN.
Anak aq yg bungsu ASN disana di kantor Otorita IKN, udah tinggal di sana di apartemennya dan biasanya jumat atau sabtu baru ke balikpapan ntar minggu malam atau senin subuh baru balik.
Makasih biar bisa aq share ini buat kadrun2 yang suka nyenye bilang IKN nangkrak. 
Cape aq terangkan buat mereka. Kalo ada gini khan lebih gampang kasi taunya 👍👍👍🙏",0,1,0
😂tender ngakakin aja sih,0,1,0
"Ternak mulyono emang mudah dikibulin .!!!
Tai kebo dibilang bubur yg enak oleh mulyono mereka percaya 😅😅😅
Emang ternak",0,1,0
ikn keren,0,1,0
Ini hutang nya 1000 t.harus bayar.jatuh tempo.,0,1,0
PK amin Rais kan mau kesitu sama Roki Gerung tapi kalu ikn mangkrak kalo gak mangkrak ya engga lah kan malu,0,1,0
"Woiiii.....!! Para jongos dan para binatang yg junjunganmu nyungsep..!! Lihat ini IKN pembangunanya full 24jam, di kebut biar th 2026 bisa di gunakan sebagai ibu kota,, para jongos bilangnya ikn mangkrak2..!! Bacotmu itu di jaga...!! Bisanya nyinyir, menghujat, menghina, tapi faktanya para jongos jika bansos/beras pkh cair mereka rebutan....🤣🤣🤣🤣🤣🤣🤣🤣",1,0,0
Wes sepi bos .,0,1,0
Mas gak ngajak 2 fisiknya,0,1,0
KALAU TDK SUKA BAGUSNYA DIAM..ITU LEBIH BIJAK SANA ..JADI TDK KELIHATAN KALAU MUSKIN MENTAL....,0,1,0
"😅😅😅...udah d vidiokan dgn jlentreh n jelas gini masih aja d bilang hoax lah, penjilat lah, buzzer mulyono lah, ternak mulyono lah, ngibul lah, tukang tipu lah, dll...😅😅😅
lanjutkan bro...
biarkan bukti fakta lapangan melawan gerombolan pemuja asumsi kotor pembenci jokowi...😅😅😅😅😅😅😅😅",0,1,0
Adili jokowi🔥,0,1,0
Mendadak semua rakyat konoha menjadi politikus Karna ucapan rocky gr. Cuma nonton RG lewat youtube pada berasa  udah tau segalannya 😂 . Padahal itu cuma doktrin untuk membenci pemerintah. 😂 😅 sadar woy para sampah indonesia. 😂,0,1,0
Sayang nya burung Garuda nya warnanya hitam.. Maaf...,0,1,0
"Kata menteri PU IKN belum ada kelanjutan progress karena dana msh di blokir sri mulyani,mksdny gmn ya??
Koreksi klo ada yg salah",0,1,0
Wakakakakaka sakit perut ana lihat antum keliling candi baru😂😂😂,0,1,0
"Komennya bombastis... 
Muluk"",,, 😅😂",0,1,0
Yg bilang mangkrak & gk layak itu omongan mulut pembenci yg gk pernah nerima kenyataan,0,1,0
semoga pembangunan ikn terus berjalan,0,1,0
Coba kang mas apa bener ada komplek china di dpn gerbang y ada naga,0,1,0
IKN adalah salah satu Anugerah dan tantangan  kemajuan bangsa kalo pagar laut jakarta adalah ujian yang harus di hadapi dengan bijak bahwa Allah telah menunjukkan kuasanya.,0,1,0
Serupa kuburan tak ada orang.....,0,1,0
Mirip kaya istana Dracula sangat menyeramkan.,0,1,0
Masa  allah    keren  bangat      semoga  cepat selesei   amin,0,1,0
Kalimantan mmng panas 😂,0,1,0
Kalo di liat dari progress itu.. Itu cakep. Dari tata letak kota nya keliatan rapi. dan niat bgt ini.. Iya saya mendukung aja kalo mau bikin ibukota baru.. Asalkan ga ada pihak yg di rugikan. Apalagi warga sekitar sana.. Semoga IKN makin bersinar dan juga menjadi Icon Indonesia di masa depan.,0,1,0
Buzer Jokowi,0,1,0
IKN Mantaaap ....❤,0,1,0
"Ternak nya Jokowi LG sibuk nyebokin, penjilat!!!",0,1,0
"Sruh wapres tggl d situ, buat pangkalan elpiji 3 kg.",0,1,0
byk x cerita kau,0,1,0
ITU BUKAN PEKERJA ITU ORG YG JAGAIN MATRIAL BIAR TIDAK DI CURI ORG BRO,0,1,0
"Kang ANIN mudahan bila lihat vidio ini. , senang, bangga, langsung bikin vidio konten tik tok. Tertawa terbahak bahak sampai gak ingat anak, istri, menantu, cucu, bahkan tetangga ...",0,1,0
Lanjut Mantap...!,0,1,0
Heran dengan kita indonesia ini bukanya mendukung sesama kita tapi malah menjelek² infrastruktur kita indonesia.. tapi kalo negara org lain buat infrastruktur yg lebih banyak dari kita indonesia malah dijadikan konten2 diyoutube salah satu contoh china,0,1,0
"Mantap  bang,,kasih faham untuk yang suka nyiyir",0,1,0
Hebat...hebat ...jangan percaya sama omongan R g yg bilang IKN mangkrak,0,1,0
"Supirnya orang banjar, totok😂😂",0,1,0
Asn mentri bulan pindah ke Ikn  itu kan keliatan belum betes boss,0,1,0
Mbg sampai di ikn,0,1,0
ini buzzer mulyono ndasmu,0,1,0
Buzzer mulyono,0,1,0
👍🙏🏻😁,0,1,0
100000000persen penjilat dan setingan 😅😅😅😅😅😅😅😅😅😅😅😅😅,0,1,0
"Kang Amin , bila lihat ini pasti nangis langsung Stres ....
Tolong yang bisa serta hahu ,vidio ini kirim ke kang AMIN  RAIS, ..",0,1,0
Yaa. ..Alhamdulillah aja... Kalau dah jadi...orang seperti saya mah gak mungkin akan bisa kesana karena orang kecil.... Itu kan khusus orang elit.......,0,1,0
IKN sukses selalu,0,1,0
Dari pada nyinyir tra karuhan datang saja ke ikn buktikan mangkrak apa di lanjutkan klau memang mangkrak baru ko bacot nyinyir sampe njeber mulutmu,0,1,0
Batalkan IKN UTK Indonesia lebih maju,0,1,0
wibawa negara Indonesia sebagian ada d Ikn,0,1,0
Wajah mantap koh🎉🎉semoga nnt kalo sudh 100% bisa berkunjung ke sana 😊,0,1,0
"Hoax itu ngak ada Bung Karno ,ibukota mau di Pindah di Kalimantan, Hanya Ngarang,.tipu2 Hanya Akal2lan bawa2 nama Bung Karno,. agar di Dukung,.ngak Taunya Nipu,.IKN itu Hanya Modus  Jokowi dan Kroni2nya Mencuri Anggaran di Akhir Jabatan,.Mangkrak Ngak Urus yg Penting Udah Dapat Fee Komisi Awal,.Penipu Skaligus Pencuri APBN itu,..Harus di Tangkap itu  Maling Urutan 2 Dunia,, Adili dan Sita Harta2nya dan Harta2 Kroni2nya .utk di Kembalikan ke Negara,...",0,1,0
Itu yg di bilang Istana setan kelelawar tu yak,0,1,0
"🤣🤣   emang yg harus jga y sekuriti ,,,dh ga ada dananya ,,4  sekuriti 2 yg  pasang keramik 1 jagain hotel 1  receptionis 🤣 ISTANA LOHHH 🤭",0,1,0
Mas Andy mantab tour IKN sgt mantab krn kami ingin tahu juga lhooo makasih mas Andy sdh membw gt,0,1,0
Logat kas nya asli..❤❤,0,1,0
Pemuja presiden yang bukan untuk rakyat tapi untuk korporai,0,1,0
"PIK versi kalimantan, bodoh aja kalean, itu kan ngebangun perumahan buat china",0,1,0
"Artinya kita rakyat Indonesia kena frank,oleh Prabowo cs",0,1,0
Siapa yang sudah berkantor mas bro...,0,1,0
BUZER BANGSAT,0,1,0
IKN untuk sementara diblokir dana nya oleh Kemenkeu.... Semoga mas Gibran semoga segera berkantor....,0,1,0
"Bang aku subscribe ya, kontennya bisa menutup halus mulut yg suka ngadingadi",0,1,0
yang jadi masalah IKN awalnya Jokowi tidak menggunakan anggaran APBN murni dari investor dalam dan luar negeri.. tapi kenyataannya sudah menghabiskan sekitar 71 T di akhir tahun 2024 ..di tahun 2025 minta dibantu APBN sekitar 41T.. sementara masih banyak pembangunan untuk kepentingan rakyat yang butuh anggara yg harus disiapkan APBN,0,1,0
Kadang heran aja . Ada yng ngomng katanya  IKN mangkrak . Klo iya mangkrak temn temn ku yg kerja bangunan di IKN sampe sekarang blum plng mereka mbangun apa don. 😢,0,1,0
"Alhamdulillah rumah sampai ikn cuma 1,5 jam ikn memang masih taraf pembangunan jd nggak mangkrak ya gaess",0,1,0
Tp belom di tempatin cuuy..brp biaya maintain nya...,0,1,0
"Negara ini saling cekal, saling buka borok. Entah kpn bisa baik negri ini",0,1,0
"Mau mangkrak atau tidak, apa untungnya untuk rakyat Indonesia?",0,1,0
Jokowi memang josss H H H,0,1,0
Sippp kontenx mas andikk lnjutkan dan tetep semangattt ......,0,1,0
Ini jelas org yg pro jokowi,0,1,0
Mangkrak Krak Krak....,0,1,0
"Belgedaes, anggaran sekarang di blokir,",0,1,0
"Banyak bacot yg lagi bicara
Yg benar IKN akan macet. Yg ngomong pakai kacamata hitam baju hijau hitam. Klo kau bkn tukang ngibul  kayak jokowi. Maret 2025 kau berani tampil lagi siaran seperti ini berarti kau benar bukan tukang ngibul kayak Jokowi",0,1,0
Luar biasa yang kerja keliatan ribuan tk..... super padat modal... pantes banyak yang memuji .... semoga besok sdh selesai Aamiin......,1,0,0
AMIN NANGIS PASTI KEJANG2 NONTON INI,0,1,0
"Tuh yg suka goreng goreng lht nihh apa pura""buta dn tuli",0,1,0
Warisan JOKOWI yang merugikan NEGARA😂,0,1,0
Buzzerpnya ngeri bro😂..... Apbn padahal sudah jebol investor tidak ada yang mau....the power of rezim pencitraan,0,1,0
Buset banyak bener yg kerja 😅 paling 2-3 hari udah kelar 100% tuh IKN 😂😂,0,1,0
Yang katanya banjir berarti HOAKS😂,0,1,0
Adminnya mirip Amanda Chanel,0,1,0
Yg bilang mangkrak pasti anak banteng dan anak abah,0,1,0
ini kan semua penjilatnya jokowi yg live lansung ini,1,0,0
Anggaran thn 2025 sudah di blokir,0,1,0
"smoga tidak mangkrak, melihat anggaran lagi diblokir karna ketiadaan dana....mungkin ditunda sampai ekonomi sehat,tapi ibu kota sekarang masih dijakarta atau masih blum ada",0,1,0
"Kalo udah ada hotel bintang 4 yang beroperasi, sepertinya IKN ga akan mungkin mangkrak.",0,1,0
SEPI SEKALI YACH......,0,1,0
Keren bgt bgt pak jokowi  isdebes ❤❤❤❤ ikn beber2 keren bgt,0,1,0
COBA BANG LAIN KALI YANG TOUR KE DAERAH-DAERAH PELOSOK YANG LUPUT DARI KEBIJAKAN PEMERINTAH,0,1,0
Semoga pajak gak naik lagi tahun depan,0,1,0
Keren banget,0,1,0
Keren bgt banget top pak jokowi,1,0,0
bangunan terbengkalai,0,1,0
semoga mangkrak,0,1,0
"tour kota para koruptor dan penjilat ekek, seneng dan antusias banget lihat wujud pajak rakyat yg kalo dibagi dan diratakan untuk pembangunan kota-kota pelosok pasti semua wilayah berpotensi mendapatkan pemerataan, ini malah disimpen di tanah kosong, mana yang tinggal para pejabat oligarki, dan seneng pula konten kreator diajak kesini, mental mental penjilat WKWKWK",0,1,0
Bukan masalah mangkrak yg pasti masih tidak berjalan dan di manfaatkan sesuai janji yg bikin terus anggran nya juga di blok olh Pak Prabowo 😌,0,1,0
Keren banget,0,1,0
Emang kurang kerjaan anak abah dan anak banteng. hujat terus kerjaannya. gak takut di akhirat nanti?,0,1,0
Lanjukan cak! mantab,0,1,0
Kerennn bangettt banggg...,0,1,0
Mantap IKN,0,1,0
tetep lanjut IKN... siapaun presidennya..,0,1,0
"Allhmdllh semoga setelah ditinggakan yg lama, yg baru bisa ngurangin utang negara",0,1,0
Yg ngbrol mangkrak kan org2 sakit,0,1,0
Yg mangkrak itu Otaknya peyebar hoax. 😂,0,1,0
kalau di Tokyo hotel conrad seperti ini bisa 50 juta per malam,0,1,0
Ngomong apa bikin konten...woiii pake bahasa Indonesia,0,1,0
Malaydesh cemen 😂,0,1,0
Cari uang kok gitu amat mas mas,0,1,0
Mantaappp... Smoga lancar. 🎉🎉,0,1,0
"Bukan mangkrak,tapi kemungkinan kedepannya agak tersendat karena kan budgetnya tinggi sedangkan pembangunan IKN dananya ngutang yg harus dikembalikan.Dananya kan gx sedikit..banyak rek!Dan utk ditempati (pindah ibukota) gx secepat itu.Negara lain yg pindah ikubota ada yg butuh waktu 10thun.IKN dibangun baru berapa lama?",0,1,0
"Pak jokowi hebat...
Pak prabowo hebat.....",0,1,0
Yg ngomong mangkerak tu ajing2yg kelaparan anak buah si kaderun2 poncolongok,0,1,0
"Dilarang artis jakarta ke kalimantan, karena kalimantan  byk mau jadi artis juga😂❤",0,1,0
"Walaupun tidak mangkrak / mangkrak ,,,itu progam belum/ tidak pada tempatnya massanya situasinya",0,1,0
Cina cina. ciduk cina ndladuk,0,1,0
Semoga cepet indah ke ikn para pejabat dan ASN,0,1,0
"Aku pingin numpak mobil iki ko Andy, Sirah e metu dadi kelihatan pemandangan.❤",0,1,0
nyimak,0,1,0
"Biasa mass org yg bilbg IKN mangkrak itu org"" tg sakit hati, mau menjatuh kn pak Jokowi g bisa"", dan org bodoh jd korban KEBENCIAN itu, ya kan ...??.?. betul kan para pembenci....???",0,1,0
Enak omongne ngga mikir Danae TK Endi ????.,0,1,0
"10:05 Kerja✅
Mengular🐍🐍❎",0,1,0
Jangan sampai IKN mangkrak Rakyat setuju ulurkan donasi,0,1,0
Rumah hantu,0,1,0
Rakyat yg menanggung beban biaya mega triliun utk proyek ambisius... realistis dg strata ekonomi rakyat Indonesia kebanyakan,0,1,0
Biasalaah..yang komen barisan sakit hati yang foolish😂,0,1,0
Ke pentingan ikn terselesaikan .untuk rakyat gak di terlantarkan,0,1,0
😂😂😂😂😂😂😂😂,0,1,0
Kalau sampai tidak di lanjutkan ya negara juga yang rugi... Sudah menghabiskan uang yang banyak,0,1,0
"Lambemu cak andi.
Koyok arek wedokkk😂😂",0,1,0
Kota sepi 😂,0,1,0
"Wow...
Di video ini aja udah keliatan Kren.
Apalagi kalok nanti bisa liat secara langsung. 
Wah.. pasti lebih keren lagi 
Sukses IKN. ❤️💪💪💪👍",0,1,0
Kami warga kalsel tetap dukung IKN... Maju terus indonesiaku...,0,1,0
Ikn __ik end,0,1,0
"yg bilang IKN mangkrok itu kelompok Barisan Sakit Hati, mudah mudahan sakit hati terus 😅",0,1,0
"Bohong, ikn proyek mangkrak",0,1,0
Ikn bikin rakyat Indonesia sengsara 😂,0,1,0
Enak sepi gak ad macet🤭,0,1,0
"IKN mantap , yg ngomong mangkrak itu pasti BUTA TULI",0,1,0
Pembodohan publik,0,1,0
dana 14 T sudah diblokir,0,1,0
"Ooo jadi pembangunannya berjalan lancar ya...lha trus kenapa ASN batal pindah kesono???..menteri gak ada satupun yg tinggal disono, bandara vvip banjir, kontraktor pd nangis banyak yg gak dibayar...????",0,1,0
"yang bilang mangkrak itu yg blm pernah liat secara langsung, orang kawan"" aku juga banyak yg ikut ngerjain di situ, dan nyatanya berjalan lancar",0,1,0
"Keren berasa jln"" ke luar negri😄😄😄🥰",0,1,0
TIDAK USAH KOAR KOAR ....BUKTIKAN JIKA TDK MANGKRAK......ENTAR MALU SEBDIRI   LO JIKA MANGKRAK,0,1,0
"yang penting pekerja harus orang Indonesia,karna seperti saya sudah bosan kerja Malaydhes terus,tolong min unggah vidio loker lowongan kerja",0,1,0
Sepi coy,0,1,0
"Sy orang jawa tp mendukung Pembangunan IKN, semoga semuanya lancar utk kemajuan bangsa dan negara... bravo IKN.",0,1,0
Yg di sorot yg dlm gedung pas kena bagian belakang yg ada hutannya kamera di alihkan..hebat lo buzzer,0,1,0
Pembangunan yg di paksakan sarang koropsi 😂😂😂,0,1,0
Bagian depan emang betul  masih terawat tp belakang  jadi hutan kalimantan..liat di vedio ga ada 1 pun karyawan atau pun alat2 berat kontruksi yg terlihat apa lagi bekerja .,0,1,0
Jos gandos semoga semua dalam keberkahan gusti yang maha kuasa...aamiin 🤲🤲,0,1,0
"Mantap, lanjutkn  TIDAK  ADA KATA MANGKRAK. Masa depan  menuju INDONESIA EMAS  2045 .",0,1,0
"Pretttttt, jadikan tempat ngantor Fufufafa",0,1,0
Ternak mulyono yg punya chenel,0,1,0
"ORANG YG SUKA NYINYIR MENJELEK² IKN SEPERTI CINTOH: AMIN RAIS, ROKI GERUNG DAN CS NYA ITU ADALAH ORANG² YG IRI HATI, SEBENARNYA MEREKA² SEMUA ITU PINGIN SEKALI MELIHAT DENGAN MATA KEPALA  SENDIRI, TP MEREKA² ITU MALU KARENA MEREKA² ITU SUDAH MENGHINA, MENJELEK JELEKKAN , DAN MEMAKI MAKI BPK KOKOWI  GIBRAN DAN BPK PRABOWO...JAFI TUKANG NYINYIR² TERSEBUT BISANYA HANYA MEMPROKATORI ORANG² LAIN AGAR TIDAK PERCAYA DENGAN KEBERADAAN IKN....PADAHAL PEMBANGUNAN IKN SANGAT MENAKJUBKAN SUNGGUH LUAR BIASA, SEANDAINYA SAYA MASIH MUDA SAYA  NGGAK AKAN LAMA² UTK IKUT NDAFTAR DI IKN....KARENA ALAM IKN MASIH  BENAR² ALAMI, SUBUR MAKMUR  DAN BLM BANYAK TERCEMAR UDARA KOTOR....SMG KEDEPAN IKN SEMSKIN MAJU❤❤❤❤❤",0,1,0
Ojo asal jeplak kowe yo kowe ki sopo isomu opo matamu ngopo,0,1,0
"silahkan tnggl dsn,,mumpung msh murah",0,1,0
Tolong pak presiden halalkan nyawa Roky Gerung..,0,1,0
Ayo bpk Prawobo lanjuuut pindah ibukota nya ke Kalimatan ..Jakarta sudah siap2 mau tenggelam.. Bravo IKN,0,1,0
LANJUUUUUUUTTTT❤❤❤,0,1,0
Kelompok rocky tidak ingin membangun negara yg mereka pikir lebih baik duit masukkan ke kantong pribadi sendiri,0,1,0
Mantu saya kerja di sana ... lek ada yg bilang IKN mangkrak ..itu lambene wong julig,0,1,0
Pembangunan IKN akan lancar aman damai sentosa berkelanjutan dn membawa berkah jika niat awalnya untuk kebaikan....liat saja dgn berjalannya waktu akan membuktikan,0,1,0
Masuk area IKN kaan bayar nya mahal?,0,1,0
Yg bilang mangkrak golongan amin rais roky gerudung anis dan antek antek yg sakit hati melihat bangunan ikn yg begitu gebut  jadi amin rais sakit  hati melhat kemajuan ikn nusantra  mereka malu melhat kemajuan di ikn😂😂,0,1,0
"Cob aga jauh dikit mada di situ aja 
Banyak yang ngonten agak jauh bilng mangkrak kalu kamu kan di bayar buzzeer",0,1,0
Apanya yg Mangkrak itu kata orang yg ga senang punya ibu kota baru,0,1,0
"Keren si .
Smga tmbh lncar ya ikn pmbngunannya. Jaya terus ❤",0,1,0
GK malu nis wong edan,0,1,0
"Berati tukang bo,ong selamanya bo,Ong Slamet GK dadi persiden nis anis",0,1,0
"Warga Kaltim...., jaga asset ini dg baik......, tlh menjadikan wilayah ini bersinar.... ❤❤❤",0,1,0
Anis berati bohong lagi katanya banjir dasar bacot,0,1,0
"Udah yg blg ikn mangkrak ,sdh tau toh paleng grup banteng celeng itu 😅😅😅😅😅",0,1,0
Yg bilang mangkrak biarin jangan di ajak,0,1,0
Semoga IKN tetap dilanjutkan agar kita tdk malu punya ibu kota Jakarta yg selalu banjir dan macet,0,1,0
"Vlog nya jgn di tengah kota nya dong, kepinggiran2nya 😅😅😂😂😂😂😂",0,1,0
MASA DEPAN....ROCKY GERUNG Cs....AKAN JADI MANUSIA HINA DI MATA RAKYAT PENCINTA IKN...😂😂😂,0,1,0
Pembenci indonesia maju itu orang munafik paling si munafik dan selalu hidupnya penuh munafik sampai matipun dg kemunafikan..kalau aku serah pemerintah mau di apakan indinesia kedepanya yg penting indonesia maju..yang tidak merasa maju itu orang munfikun alias pikun,0,1,0
Jongos jongosnya nya si Anis di ajak suruh buka mata nya jangan mimpi' terus si Anis inginkan orang nomor satu kalau jadi presiden di 2030 Semoga bpak aing Dedi Mulyadi masuk mencalonkan presiden,0,1,0
Positif mangkrak,0,1,0
Mantap jokowi dan prabowo....IKN kebanggaan nusantara,0,1,0
Pasti mangkrak,0,1,0
Saya Kasian lho sama Rocky Gerung/Rocky Gerbong.. kenapa bisa Iridengkinya sampai segitu.. sebaiknya kamu keluar aja dari Indonesia. kamu tidak pantas jadi warga negara Indonesia. manusia pembeci kebaikan dan mencintai kejahatan..✌,0,1,0
Terserah loh lah yg penting jangan korupsi uang negara,0,1,0
😂😂😂😅😅😅❤❤❤semangat rek...ndasku tak muncull sek rek,0,1,0
Di stop anggarannya..buat dialihkan prioritas yg lain...alangkah baiknya PIK 2 diambil alih negara buat dijadiin ibu kota...,0,1,0
biar mata netizen melihat,0,1,0
"Mudah2an pak prabowo mengaudit keseluruhan pembangunan nnya, jgn sampai ada dana yg lari ke kantong pribadi. Duit utang adalah uang rakyat bkn uang mulyono. Ayo pak prabowo hrs bnar2 membangun IKN agar lebih trsnfaran keuangannya.",0,1,0
Buzzer tol0l😂,0,1,0
Berkat   jasa Raden tipu mulyono  indonesia kelilit hutang.,0,1,0
Smga suatu saat bs knjungan lburan ksna klo sdah dbuka umum.. mantap bner,0,1,0
"Ditunggu perkembangannya😊 IKN bukan hanya sebuah hotel saja. Ibarat mau pergi ke Amerika,perjalanannya memakai mobil ESEMKA",0,1,0
"Kalau untuk aku yang msayarakat miskin , gak perduli tentang ikn mau mangkrak atau gk terserah, pembangunan ikn muungkin punya niat ttertentu dri presiden sebelumnya, intinya proyek mengenai negara buat hasil negara di sesuaikan jg sama perkembangan makan atau tidak makanya masyarakat, sudah sejahtera tidak masyarakatmu.",0,1,0
"Ladalah ndas,e muncul, ojok ndas ko sirah cek,e rodok apik titik nes ndas iku ndase pindang😅😅😅😅😅",0,1,0
Mantab,0,1,0
Semoga aja bertahan hotelnya untuk saat ini mungkin para pkerja masih berjalan tp gak tau le depan sperti apa karna anggaran di stop,0,1,0
"Konten elu untuk marga elu, karena jakarta ingin di kuasai marga elu kami pribumi pasti jadi budak seperti Singapura",0,1,0
Nafsu bgttt yg ngmng... 😂 terserah lo deh mo ngmng apa.,0,1,0
Yg ngatakan IKN Mangkrak mungkin matanya kabur mas...😂😂😂,0,1,0
Lanjut ❤👌👍,0,1,0
"Bukan masalah mangkrak dan tidak mangkrak, tapi sepertinya IKN dipersiapkan untuk pusat pemerintahannindoncina, bila Indonesia susah dikuasai cina",0,1,0
Yg bilang mangkrak itu kaum sakit hati,0,1,0
Yg bilang mangkrak....orang yang rendah martabat nya..,0,1,0
".deuh, yg bikin konten pasti ternak Mulyono lagi ngoceh...",0,1,0
Ingat bro 1 malam 35jt di president Swiss 🤣🤣,0,1,0
Kalau burung Garuda tuh kepala enggak bukan tunduk,0,1,0
"Harus tetep jalan ,modal investasi udah sebanyak itu kalo disia siakan ,malah rakyat yg kecewa, gimanapun ini juga wilayah indonesia yg kelak bakal jadi warisan buat anak cucu kita",0,1,0
"Keren2 semoga semua punya negara kita Indonesia,dan bisa brmanfaat untuk negara kita..maju teruuusss",0,1,0
Indahnya IKN,0,1,0
"Para koruptor takut pindah ke IKN,BISA² NYAWANYA  HILANG DGN TUBUH TERPISAH",0,1,0
Mangkrak2 aja Itu IKN jangan ditutup2lah. Masih saja kau cebokin Jokowi pemilik ijazah bodong.,0,1,0
"E togog itu namanya penajam, narasi jgn asal aja",0,1,0
"Siapapun pencetus nya,klw itu punya negara dan untuk negara,alangkah baik nya di teruska..!! 
dlm satu ke uangan rumah tangga yg di menengah ke atas,klw pengen punya sesuatu yg bagus harus prihatin,lebih ngirit dari keuangan,begitu juga dlm negara..pemerintah,pemerintahan,rakyat,harus prihatin lbh mngerti klw orang tua kita sedang mmpersiapkn sesuatu yg lbh baik untuk kita..",0,1,0
Mana bisa mangkrak.ikn itu sdh ada undang undang nya.jangan cepat percaya hoax.salam dari Kalimantan,0,1,0
DAYA SEBAGAI RAKYAT YANG BILANG IKN MANGKRAK MATANYA BUTA🙏,0,1,0
"Mukidi mulai mengeluarkan ujer2nya 😂😂
Pdhal jelas anggaran dipangkas habis2an utk ike end 😂",0,1,0
kota astana di kazakstan aja 20 tahun baru benar2 bisa dijadikan ibukota...mudahan ikn bisa tetap menjadi ibukota suatu saat nanti,0,1,0
Satirnya kelas king,0,1,0
"Ikn mangkrak, bentar lg jd  hutan rimba",0,1,0
Insyaallah nanti mampir nginep di sana,0,1,0
Kebanyakan orang udah statement - sekarang apapun yang berbau pemerintah di hujat kecuali dapet jatah 😮,0,1,0
IK END,0,1,0
Anak abah dan PDI-P pada sakit hati,0,1,0
"Saya setuju ikn, karena jakarta terancam tenggelam",0,1,0
"trus gmna yg mau pindah ksna dr  thn kmarin ko pda g mau,,wkwkwkw",0,1,0
"Faesal gagap, amin mringis, said kudu, tifong, dkk lihat ini bakal nangis",0,1,0
"Syutingnya CARI2 waktu yang pas
Yang penting sepiiiii... !!!
Ingin  anak kita seperti pak Jokowi ???
Dunia seperti ada dalam genggaman 
Saat antar anak sekolah, doakan sebelum masuk halaman sekolah 
Doa sebelum belajar, dan doa2 baik lainnya 
Insyaallah 
Sehat selalu pak Jokowi 
Pak Jokowi yg irit ngomong saja, koq di bully trs
Apalagi kalo ada ucapan yg keluar sedikit, langsung dikeroyok rame2
Dan hebatnya, cuma sabar dan senyuman yg diberikan kepada pembencinya",0,1,0
Proyeknya orang goblog bernama mulyono. Siap2 mangkrak,0,1,0
IKN makin KEREN ... semoga cepat selesai agar pemerintahan bisa di pindahkan.. pemerataan pembangunan sampai ke semua wilayah..,0,1,0
"Proyek buang2 uang, buzzer penjilat",0,1,0
Sy dr bdg orang kampung.. Skrng percaya ikn lanjut tdk ada kata mangkrak.. Trimakasih infonya.. Slm sht slm 1jiwa..bravo pa. Jokowi bravo pa. Prabowo..,0,1,0
"Lah mentri nya aja bilang sendiri kok, kalo duit nya ga ada maka nya di blokir keuangan nya hahaha, tlll",1,0,0
"Mungkin nanti jdi wisata,,,,,",0,1,0
Klau ikn ngak nangkrak kenapa pak Prabowo ngak mau pindah ya,0,1,0
"Yg bilang mangkrak cuma anak Abah,dan barisan sakit hati 😂",0,1,0
"Jangan mengganggu urusan pemerintah, apalagi membuat statment yang belum tentu benar!",0,1,0
"Orang sesat pikiran mereka pasti jelek iri,dengki,ada diotak mereka ! Mereka otaknya kotor ! Hidup sekali jangan diwarnai sifat2iri,dengki,fitnah ! Jurang dalam menunggu kalian !",0,1,0
Mbh rais Sugiono..kakek kakek nakal.amin amin..rais Rais Rais..,0,1,0
"Bangunannya sprt Singapire semua,ada kah ini kelak di duduki org Luar ? Dan bgmn dgn masyarakatnya ? Jgn hanya tuk pemerintah di bagusin tp masyarakatnya.",0,1,0
Buzer tolol 😂😂😂😂😂,0,1,0
biyuhh wes neng ikn sampean mas andy,0,1,0
Gotham city karya mulyono,0,1,0
IBU KOTA NERAKA IKN,0,1,0
"mantaaap bang andy, terimakasih sdh diajak jalan2 ke IKN jalur VirtuaL... 😁👍",0,1,0
"Ibu kota di Kalimantan dijamin aman dari antek imam jumbo, pasukan merah siap menjaga mantap Dayak top",1,0,0
NARASI JONGOS,0,1,0
Jangan dihancurkan IKN karena gosip yg Negatip nanti kena Karma kasihan anak cucumu di impestasikan Dosa BUNG,0,1,0
Mantap kalimantan kalo pusat ga mau urus warga kalimantan biar yg urus,0,1,0
Koh bikin video sing sabar ojo grasa grusu sing nonton poseng.,0,1,0
Mas kalau ada tanah yang bagian pohon pelindung sarankan tanam pohon yang ada buah dan enak di makan tapi jangan pohon durian nanti jetimpa banyak masyarakat,0,1,0
"Ada yang tidak setuju dengan indonesia maju itu orang indonesia sendiri yang IRI biasa pemerintah sebelumnya hanya membangun pulau jawa saja kalau sejak pak Jokowi Dodo di bangun indonesia karena pemerintahan pak Jokowi Dodo mengerti indonesia 

Yang tidak mengerti indonesia mungkin pak Amien dan Riky Gerung atau yang merek profesor nyinyir , rapi yang tidak mengerti atau yang nyinyir sedikit sekali suaranya agak nyaring 

Ini suara yang diwawan cara mungkin capek sudah tidak ada suara R nya hilang",0,1,0
Maklumin ae...yg nyebut mangkrak kan cuma org2 yg ga di ajak kerja.....juga hanya ingin merobohkan tatanan bangsa n negara ni.....NKRI harga mati broo....,0,1,0
Ngomonge harusnya jangan pake bahasa jawa tidak mengerti saya,0,1,0
"Duit dpt ngutang, trus skrng mau duot dr mana lagi??? Pasti lah ttp Jakarta sbg Ibukota Negara.",0,1,0
BUZERR PDIP . Rocky gorong gorong terus buat suara IKN mangkrak . Jangan percaya pemerintah sdh umumkan tetap dibangun dan sdh ditetapkan diberi dana,0,1,0
Jaman Jokowi China kaya lu seneng.... Wajar lu belaa cuk,0,1,0
"Saran gw buat Jokowi PAKE BEHEEL , BIAR LU NGIBUL ENAK DI LIAT NYE..",0,1,0
Ibu kota negara ko sepei spt kota mati,0,1,0
Sng manggoni sopo?,0,1,0
Adaaaa aja dikomen2 disini yg masih dengki ke ubun2 berharap IKN mangkrak. 😂😂😂....Kasian banget,0,1,0
"GARUDA WARNA HITAM,,UNTUK MELINDUNGI BAJINGAN KORUPTOR YG MENGHUNI IKN",0,1,0
Sepil terus ikn biar si pembenci makin sakit hati,0,1,0
Hampir mangkrak...kurang dana,0,1,0
"Cino² lagi nipu Rakyat Indonesia.. Dia pikir semua pejabat Indonesia tolol dan bisa di jebak gerombolan mereka... Pa Presiden Prabowo paham golongan mereka sedang merampok uang Negara Indonesia dengan modus kebijakan Pemerintah... Kalian Cino² bunglon bersama Jokowi sudah sangat terlalu menipu  Bangsa Indonesia, itu ngomong² bangunan udah di bayar belum pemborong² dan Suplayer nya.",0,1,0
"Mudah2 an bisa berjalan beneran dan gak menjadi kota hantu. Berdasarkan pengalaman, gak semudah itu memindahkan manusia sebanyak itu secara masif. Perlu proses bertahap yg amat sangat lama. Faktor utama kita pindah yg jadi acuan utama adalah akses pekerjaan, sumberpangan, pendidikan, dll .. d pinggiran kota malang tempat saya tinggal, ada perumahan yg udah lama d bangun, tapi baru menunggu 15 tahun tempat itu baru banyak penghuninya. Saking lamanya banyak rumah kosong, pintu, kaca, semua asesoris rumah pada dicuri semua. Hal itu terjadi karena awalnya akses dsana kurang memadai dan rawan kriminalitas. Apakah para pejabat yg udah nyaman bersama keluarga besarnya d jawa dan punya banyak usaha d jawa akan semudah itu mau tinggal d ikn?? Saya rasa mereka cuma ngantor aja dsana, selebihnya tiap weeekend mereka pasti pulang ke jawa.",0,1,0
"Nggak apa-apa membela junjungannya, nanti kita lihat faktanya. Kalau dana APBN  disetop anggarannya untuk IKN, otomatis mangkrak logikanya seperti itu.",0,1,0
"Omonganmu Gedabrus,IKN,,,,IKEnd,,,,,,gak ada kegiatan,,,bakal mangkrak",0,1,0
Surganya para pejabat 😢,0,1,0
"Matur nuwun mas Andi, ternyata pembangunan IKN  lancar jaya.",0,1,0
Keren gess,0,1,0
"Masyarakat umum cuma jadi penonton ,pengagum dan penyumbang dana yg nikmatin,cuma penylenggara negara yg kinerjanya blm terlihat mensejahterakan rakyatnya hahaha",1,0,0
Iki piye to maksudnya ko ada hotel segala tolong yg bisa menjelaskan komentar ke sy,0,1,0
Eneg sama pemandunya huruf R nya susah,0,1,0
35 jt semalem ... Murah,0,1,0
Pemuja Jokowi,0,1,0
Kuli ikn hadir,0,1,0
"Coba yg benci lKN bawa kesana biar pingsan, kaget malu, malu dong sama warga kalimantan yg bakal punya Negara lbukota lndonesia 😀😀😀",0,1,0
"wes pusing sesok jtuh tmpo angsuran , ndilalah ndelok vidio sampean, koyok di jak'in muter2 neng ikn😂😂😂dadi fres uteku mas😂😂😂",0,1,0
Rame banget ya di ikn,0,1,0
"memang sudah seharusnya jakarta menjadi kota kerja bukan ibu kota,sudah banyak manusia disana dan takutnya tenggelam krna bendungan laut yg terhimpit rumah",0,1,0
Awas barisan sakit hati kejang kejang lihatnya😂,0,1,0
Mas tunjukan IKN itu tidak ada yg mangkrak biar yg bilang mangkrak itu tidak buta,0,1,0
"Seseorang yang dipegang adalah omongan dan realisasinya, Ingat keberlanjutan yg telah dijanjikan, pendukung pak Jokowi memang senyap enggak sekeras pembenci, karena membenci adalah joksnya untuk konten dan pemikat media pers dan elektronik.tapi percayalah kalau Jokowi dan program disakiti, para pecintanya akan melindunginya",0,1,0
Mugo2 di terusno karo Pak Prabowo yo lur,0,1,0
Di ikn banyak jin,0,1,0
"Ini mbah Amin Rais bilang mankrak 
Orang masih dikerjakan kok mangkrak 
Mbah Amin Rais muke gile 
Bebek lumpuh total ❓😴😴😀😀",0,1,0
"Waaaaaaaow knp baru liat vidio ini ya...
Makasih ya ms kita jadi tau keindahan IKN.
Sprti jalan2 kita gaeeeesss 😍😍😍😍😍",0,1,0
Bila siap semua nih?,0,1,0
😂😅😂😅😂,0,1,0
Nggedabrus ....,0,1,0
"Lanjutkan dengan uang hasil Korupsi, nol investor Brooo,... masih aja mau di Dodolin😂😢😂",0,1,0
😂😂😂 lawak u bang,0,1,0
"Ternak"" mulyono kapan pada mau pindah kesana??",0,1,0
ci rocky. gruduk. hahar. mulutnya.  biar. kami rakyat. yg rindak tegas.,0,1,0
cuman orang2.  sakit hati.  yg stres.  goblok. yg. berkta. mangkrak...begitu juga yg percaya . miris. memalykan..usut rangkapun saja.  penjarakan..atw.  dooor,0,1,0
Ibukota berhala terbesar dunia,0,1,0
"Yg miskin2, menengah ke bawah... Liatin doang saja.... Jgn ngarep... 😂",0,1,0
Roky gerung sekli2 diajak ke Ikn biar tahu jng koar2 mulu .,0,1,0
"rada berlebihan.,",0,1,0
"Cak Andi...video ini jadi ajang perang komenan dari para pembenci jkw vs anak abah😂😂😂
Seruuu pokoke😅😅😅",0,1,0
"Woyy nasib Ikn kini wasalamm 👻😂 walaupu di promosikan oleh artis kontenkreator tapi ttp tidak akan menambah anggaran, yg ada anggaran Ikn sudah kooooid👻😂 di tangan prabowo,, rasain Lu mulyono cs tanggung sendiri proyek ambisiusmu, 
Kata pekerja sawit kalimantan itu masih  kental mistiknya masih banyak 👻👹😈👻☠️💀 bergentayangan apalagi rumahnya/hutan2 di babad habis,, fixs di belakang layar banyak 👻☠️💀😈👹makan korban pekerjanya Alias jadi tumbal 😂😂",0,1,0
Halaah itu video kapaaan...,0,1,0
😂😂😂😂😂😂😂,0,1,0
"IKN sebenarnya proyek yang fenomenal seandainya saja menggunakan dana investor sesuai rencana awal. Ketika pada kenyataannya lebih banyak menggunakan dana APBN, maka menjadi proyek yang tidak realistis lagi dan malah akan menjadi beban negara di saat negara kita sendiri tidak baik-baik saja akibat utang yang semakin menumpuk. Ditambah lagi proyek besar presiden terpilih saat ini adalah MGB yang juga membutuhkan anggaran sangat besar hingga dilakukan efisiensi anggaran beberapa waktu  lalu.",0,1,0
Yang nginap di hotel hanya dia saja,0,1,0
Mulut2 busuk y begitu.. Biarin mereka nyocot.. Selama masih bisa nyocot ..kalau mati mereka gx bisa nyocot .. Proyek sby  no yang mangkrak,0,1,0
Makin banyak lagi hutang negara😅,0,1,0
Mirip meikarta,0,1,0
kantar pupu papa 😂😂😂,0,1,0
Bro tidak usah keras keras... Tahu tdk kalau dana pembangunan IKN DIBLOKIR OLEH KEMENTRIAN KUANGAN,0,1,0
berasa di korut,0,1,0
ikn tempat orang kaya sedang rakyat masih rakus dengan bntuan,0,1,0
"Percaya atau ga, semua itu butuh proses, d dalam proses pasti ada manis dan pahit nya perjalanan, jika semua proses itu sdh terlampaui baru semua nya terbukti, bgtu pun dgn jakarta d saat dlu d era sunda kelapa, batavia, hingga skrg, semua itu melewati jutaan proses.",0,1,0
Mening tenann ko👍👍💯💯,0,1,0
"Buzer bayaran jokowi,rakyat sdh engga percaya sm IKN",0,1,0
Uangnya kota sampai tinggal dikit gara2 duitnya buat bangun ikn,0,1,0
Siapa yg akan jd penguasanya,0,1,0
Anak buah mulyono ya kau,0,1,0
Mantap,0,1,0
"Semua ini aku,kalau bkn karena aku,,ini gagasanku,hanya aku..ya itulah karakter.ambisius",0,1,0
Ambisius,0,1,0
Mimpiii,0,1,0
Dibaya brpa bang untuk konten seperri ini?,0,1,0
Saya sudah 3 x kirin alat berat ke ikn,0,1,0
cuk cuk nyaopo se seperti ini kok mangkrak..matane gak iso delok ta..,0,1,0
Semoga ikn berhasil dan membuat bangga indonesia,0,1,0
Proyek yg disiapkan sbgi back up setelah PIK penuh,0,1,0
Rocki.girung cs.amin reseh.bohong besar,0,1,0
"Pengfitnah bilang mangkrak, padahal ga punya uang beli tiket pesawat dan byr hotel..terutama si gerung dan antek2nya. 2028 Pak Prabowo MENYATAKAN PASTI berkantor di IKN",0,1,0
Sepi amat coy..,0,1,0
Hhhh semoga gak mangkrak nanti yaaaa bos takunya mangkrak beneran manti duitnya dari mana bosku kalo mau ngutang lagi ya mending modar saja iblis yg di sana,0,1,0
Panas mn ada betah 😂,0,1,0
MasyaAllah luar biasa proyek IKN josss gandos top markotop pokoke👍👍👍👍❤❤❤❤😂😂😂😂,1,0,0
Kata si bapak 75 cm paling tinggi di Indonesia 🤣🤣,0,1,0
Alhmdulillah smoga jdi tempat hantu Wewe gombel😂,0,1,0
"Sekalipun itu di terusin ga da gunanya yg da ngabisin anggaran..
Sedangkan infestor ja blm da satupun..",0,1,0
"Sayang banget kalau ga dilanjutkan apalagi kalau mangkrak, tapi mau gimana dana nya tidak ada kata menteri pupr, uda habis total 80 T tahun lalu.",0,1,0
IKN tempat perabadan baru negara  indonesia  di mana para tukan nynyir akan sadar pada waktunya saya pastikan karena hanya orang yg g waras  g  ada kesadarannya melihat kenyataan hidup kerja nyata karya  anak bangsa ..,0,1,0
Itu mah cuma ngerjain dana yg dah cair. Mentri pu aj bilang dananya diblokir.,0,1,0
Waaahh...luar biasa.... keren pokoknya...matur suwun mas udah ikut menyaksikan keindahan IKN meski hanya lewat video.... mantap ...👍👍❤️❤️🇮🇩❤️❤️🙏🙏,0,1,0
Wkwkwk... 2 hari kemudian,0,1,0
"Alhamdulillah
Masya Allah tabarakallah
Terimakasih bang infonya
Salam sehat full semangat 
kita❤🇮🇩",1,0,0
Ibu kota kok. Sepi manusia. . Namanya . Itu bukan ibubkota  ibu dusun ibu deso. Oon bgt,0,1,0
Mangkrak mangkrak mangkrak tempat jin buang anak ...ternak Mulyono ini...,0,1,0
Gibran suruh ngantor aja di ikn,0,1,0
"I k n  tempat medi buat anak , ini pasti salah satu ternak Jokowi berapa di bayar loooh. .🤣🤣😡👎👎👎",0,1,0
Bentar lg mangkrak,0,1,0
"Beberapa tahun lalu waktu berlayar di tugboat, bongkar muatan masuk daerah sini masih hutan, sekarang sudah jadi kota mantap koh",0,1,0
"itu buzernya siapa sih??? banyak bgt yg coment di atas, buzer wiwi ya😊",0,1,0
kata orang sakit hati mangkrak,0,1,0
Kasih tau itu si Amen rasis KLO IKN tida mangkrak dan tida di rumput liar,0,1,0
Keren ❤,0,1,0
Sehat selalu Mass... Asik dan santai bgt Mas 💗,0,1,0
lumayan sepi,0,1,0
Di bayar Aguan ya,0,1,0
Banyak x cerita kau,0,1,0
"saya berharap adanya IKN menjadikan  indonesia baru, tanpa koruptor",0,1,0
Kata Gibran investor nya banyak..lu cari dong investornya lu bikin konten,0,1,0
"Saya ragu apbn kita tidak mampu, tapi kita kan bisa utang lagi..😊",0,1,0
IKN isinya buat pejabat semua😂,0,1,0
Ikn emang masih ada.. Tapi duitnya yang g ada 🤣🤣,0,1,0
Emang ada yg bilang Ikn mangkrak mas,0,1,0
Ibu kota pndh  ke kalimantan. Ini taktik Jokowi supaya pulau Jawa daratan dan lautan nya leluasa bisa di jual ke orang cina. Maka nya dia menjabat 3peryode dgn anak nya. Itu lah kepintaran Jokowi karna dia Sdh sekongkol dgn orang2 cina. Hair nya bangsa kita hancur tida punya daratan dan lautan . Karena Sdh di jual ke orang cina..,0,1,0
"Ga bangga jg, sementara di sisi lain msh byk rakyat yg di bawah garis kemiskinan",0,1,0
Melawan takdir yg sdh ditetapkan,0,1,0
Yo gek ndang do pindah,0,1,0
Hist nya lucu.dn mghibur😂,0,1,0
Buzzer,0,1,0
Kamu sugar gak pernah merasakan lapar dan rumah kamu digusur ya.. mungkin kalau kamu sudah merasakan baru bisa tahu penderitaan rakyat miskin,0,1,0
"Di lihat dari dari video ini kegiatan pekerjaan tampak tidak terlalu sibuk,alat berat tidak terlihat beroperasi lagi,hanya pekerjaan ringan saja yg tampak, seperti pasang keramik jelas terlihat , apakah itu menandakan sudah hampir selesai atau sebaliknya?
  Ya mudahan kedepan ikn bisa berjalan lancar, investor berdatangan",0,1,0
Yakin ntar lagi mogok,0,1,0
Gak percaya gw itu tanda tangan jokowi hiliiiiii,0,1,0
Biasa salah satu instrumen,0,1,0
"Tidak ada msnfaatnya , hanya utk buang buang anggaran,, rakyat lagi susah biayaxperawatan jln terus mandaatnya tdk emergensi,,, bpjs aja sdh mo pingsan",0,1,0
Banjir yg kmaren diposting ding,0,1,0
Tpi knpa gak pada pindah ke sana ya,0,1,0
Amien rais cs menangis melihat ini😂,0,1,0
"Pak anies baswedan 2029 jadi presiden, pasti bangga menjadi presiden yg kedua menempati ikn.",0,1,0
Jelas Pejilat anggarannya aja di blokir makanya nonton berita kalo ngada anggaran terus dari mana gemblung,0,1,0
"Manusia penjilat otak nasi kotak ternak mulyono haduuh, sekrang tuan lo udah masuk gorong2 lagi ya haaa.. kacian delo.",0,1,0
"Mantaap lho. Kita orang  perantauan  bekerja dan berdomisili di Kalimantan, bangga lho  pembangunan IKN. Lanjutkan , jangan ragu ragu kawan kawan ASN , Aparat Negara, TNI  apabila bertugas  dan penempatan di sini.",0,1,0
"Alhamdulillah kak , anakku tahun ini ASN disana kak, mantap jiwa kak ..sukses buat IKN",0,1,0
Hanya manusia berhati iblis yang tidak menghendaki Indonesia maju...merekalah GEROMBOLAN RT.16 RW.24,0,1,0
Ya itu bakal belum apa2 keren apanya itu video juga lama 4 hari yg lalu sebelum ada berita dari menteri keuangan,0,1,0
Bohong ah,0,1,0
"Banyak negara sudah aku lihat tetapi IKN baru kali ini aku lihat dan jangan lagi ada yg bilang bahwa IKN mangkrak sebab saya bukti hidup yg bisa ditanya tentang kebenarannya, dan selain bukti yang bisa membuktikan jangan sekali-kali percaya sebab penyebar isu hoax itu adalah penyebar bencana ketidak pastian.",0,1,0
Nanti kalau demo naik pesawat dulu ke IKN😂😂😂,0,1,0
Klo ad pilihan antara ikn sm jkt...pasti pegawai pilih JKT....😂😂,0,1,0
"Saya klo makan soto pake kecap.plus sambel nya banyak,trus pake jeruk nipis.tp ya beli nya di kaki lima,porsi 10rb....",0,1,0
"UU payung hukum sudah jelas progres sampai 2045, dan disaksikan seluruh Rakyat NKRI, INI masih2025, masih ada waktu 20 thn menuju 2045,  mungkin juga 4x Pemilu lagi dan kelak SELIRUH RAKYAT NKRI ,JUGA MENJADI SAKSI SEJARAH. presiden NKRI KEBERAPA YG BISA MEWUJUDKAN KE EMASSS AN IKN DAN KESEJAHTERAAN SELURUH RAKYAT NKRI",0,1,0
Kenapa Cok soto gak oleh di kei kecap manis ?,0,1,0
Waw......hebat cak.......!!!!!💪💪💪👍👍👍🙏❤❤❤,0,1,0
Ojo tudohno mbah aminrais bang ndak pingsan😂😂😂,0,1,0
Jangan sering bilang nggak boleh makan soto pakai kecap manis klo di kalimantan.. karena itu kebiasaan suku banjar makan pakai kecap manis,0,1,0
IKN dahsyaaaattt pokok'e...matur nuwun P. Jokowiiiii❤❤❤❤❤,0,1,0
Hoax aja ini orang 😂.padahal baru baru seminggu ke situ.,0,1,0
Lihat Jakarta spt apa. Gak mungkin ibukota pindah ke daerah sepi tak berpenghuni,0,1,0
"Kalaupun oleh presiden berikutnya tdk dilanjutkan maka itu yg membuat mangkrak bukan pak jokowi krn saat pak.jokowi msh presidem pembaagunannya jalan terus.

Beda cerita spt hambalang misalnya itu sejak jaman SBY sdh mangkrak, jd kalo jokowi tdk meneruskan ya wajar, la sdh mngkrak lalu yg akan diteruskan apanya?",0,1,0
sukak ati la.mau jadi apa tu.,0,1,0
*Luar biasa. *,0,1,0
Investor berbondong2 yah...?,0,1,0
Subhanallah❤,0,1,0
"dibilang mankrak supaya yg sakit karena ikn dibangun, jd sehat. klu tau tak mangkrak, dia akan bisa kambuh lg sakit nya.",0,1,0
SEBENTAR LAGI MANGKRAK KOK....😂,0,1,0
"Saya sih seneng punya ibukota baru,memang perlu waktu,bangun jakarta aja tdk dalam itungan bulan. Saya kecil dulu masih sepi dan kampung juga,ya cuman pusat aja,sedikit rame,nah IKN ini justru cepet banget,moga bisa berkunjung ke sana.",0,1,0
Org yg ngatakan IKN mangkrak itu punya mental takut perubahan dan tdk memiliki pandangan visioner.,0,1,0
Ibukota Koruptor Nusantara.,0,1,0
Semoga IKN maju.aamiin🤲,0,1,0
klo sekarNg mungkin belum. tapi mulai thun ini anggarAn Ikn di blokir.karna anggaran buat makan siang gratis.,0,1,0
"Sy berharap di awali Wapres dan staf nya pindah ke IKN sebelum yg lain pindah,,,, buat contoh yg lainnya",0,1,0
Semua itu tidak akan pernah terjadi jika tidak ada campur tangan Tuhan 😊 selamat menyongsong menjadi Ibu kota terbaru di negara Indonesia 🇮🇩😊,0,1,0
Ternak ternak yg baru dikasi makan,0,1,0
Akhirnya aku jalan jalan ke IKN secara virtual,0,1,0
Mohon untuk tidak hanya bangunan saya yg di perbaiki.....tapi juga hukum nya. Semoga indonesia ku makin makin yg terbaik🎉,0,1,0
Karna yang nyinyir proyek ikn tu orang orang yg ga pengen Kalimantan maju,0,1,0
Muaantaapp ❤,0,1,0
"Mangkrak sih enggak bang... Tp ketika saya mengunjungi sodara yg lagi sakit di RS kelas 3, harus di rujuk ke RS yg rujukan nggak bisa, karena antrian puanjaaang....., ya Allah... Lebih urgen kah IKN dari pada kesehatan rakyat nya...",0,1,0
hqlah ngeedabrus,0,1,0
Bkok gsk ada orang bekerja ya yg benar' Yang mana,0,1,0
"Seng geting gedek"" ke isu koh😊",0,1,0
"Jahh bagimana sihh anggaran bisa diblokir. Udh ada Brita dimana2
Yg bener yg mna ikn jd apa mangkrak???",0,1,0
Lanjut.pun.penghuninya.takmungkin.ada.cuman.jadi.tempat.wasata.aja..kalau.untuk.tinggal.d.sana.pejabat.mungki.banyak.takmau,0,1,0
Orang yg suka ngeritik pembangunan ikn gerombolan sakit hati dan tak pernah puas akan kemapanan.sehingga mereka selalu nyinyir dan sakithati.,0,1,0
Lihat matanya pembenci,0,1,0
Sy yakin tidak akan jalan ikn nya..,0,1,0
Ketar ketir Malaysia. Putrajaya sepi 😂😂😂😂😂,0,1,0
Wauuuuu.....IKN rame nya..banyak makhluk yg berlalu lalang...Mobil Asemka hilir mudik..bikin macet..tapi klw hari libur..mereka jalan2 kemana..ke pedalaman Kalimantan x ya..wao.restoran nya apik tenan...tapi itu buat orang kaya Bro...oranh kismin jgn coba2 kesana..meriang bisa ente...ngk ada kaki lima disana..yg ada kaki seribu...faham..!!!,0,1,0
"tolol yang bilang hitam, kalian belajar ga sih? kan proses nya emang gitu, liat patung Liberty Amerika 😂",0,1,0
Yaaaa.paling yg ngomong it DR PASUKN SAKIT HATEEEEE.MIKIIIRRR,0,1,0
"Hhhh,mn ada tamuny",0,1,0
Ikn gak ada penghuninya itu artinya mangkrak,0,1,0
Knp tidak di tunjukin komplex kedutaan..,0,1,0
Ikn ibu kota nusantara ❤❤,0,1,0
Dana ikn sebagian besar dibiayai oleh konglomerat dgn menggadaikan kedaulatan bangsa. Saksikan bagaimana pagar laut dibuat di 37 titik di seluruh indonesia utk PIK dgn label PSN. Apakah benar mereka sdg membangun PROYEK STRAREGIS NASIONAL ? Dilakukan dengan cara menggusur tanah rakyat utk membangun bisnis cukong kaya ? Yg akan dihuni oleh orang cina daratan. Coba pikirkan bagaimana nasib rakyat indonesia; anak cucu kita kedepan. Akan kah indonesia dikuasai oleh orang asing ? Mending hidup berdikari hasil keringat sendiri dr pada hidup berada dibawah cengkraman negara asing.,0,1,0
Sudah kelarkah ganti rugi tanah masyarakat yg di gusur,0,1,0
"Trima kasih bang,aku sudah ikuti perjalanan Abang  paling tidak sudah melihat dengan benar benar suasana IKN yang jadi kebanggaan kita semua bangsa Indonesia",0,1,0
Tp jujur itu ikutnya sepi..yg kerja dikit ..kalau gitu bs lama selesainya..kejar2ran  rumput sm lumut,0,1,0
Pasti yg punya canel imi pasti pendukung jokowi,0,1,0
Bpk Jokowi presiden Jokowi yg terbaik masa iyaa bpk Jokowi mau menyengsara kan anak cucunya,0,1,0
"Mana rame tolol,di sangka orang buta",0,1,0
IKN tujuan untuk anggota brikcs perkuat ekonomi rakyat tidak mampu ekonomi maupun rakyat yang mampu ekonomi di indonesia,0,1,0
Bro kontennya Makai bahasa Indonesia aja 😅,0,1,0
"Ngak Bangga kalo cuma dari Hutang, malah tambah beban hutang pemerintah Prabowo aja.",0,1,0
Pada dasarnya ikn ini memberatkan pada para menteri yg betugas jadi mereka berharap ikn itu gagal dibangun karena para pembantu presiden gak mau dibawa pindah,0,1,0
sesekaresekarepmu dro,0,1,0
Semoga IKN semakin cantikk,0,1,0
Kang amin ini lho sikon IKN,0,1,0
"Mana itu manusia barisan sakit jiwa yang bilang IKN mangkrak, tapi kenyataannya IKN masih terus di kerjakan dan di pastikan akan jadi dan siap dipakai...",0,1,0
Loh kon megae ambe jokowi tah,0,1,0
Mudah²n ada lokalisasi legal buat pejabat korup nya kelak🤣,1,0,0
"Yg bilang IKN mangkrak itu penghianat bangsa,sakit hati melihat Indonesia maju 😂",0,1,0
Hanya mulut2 nyinyir yg bilang ikn mangkrak😅😅😅😅😅,0,1,0
Dari logatnya... pak Hasan ini menurutku warga asli Kaltim ... benarkah?😁,0,1,0
Siiip mz ben cocotte. Sek nyoyor goblok,0,1,0
Muannteppp pollll mas Sugar❤,0,1,0
Harusnya #Excelso tidak memakai kemasan pelastik.,0,1,0
"Walaupun indah ,bagus,keren saya rakyat kecil belum sejahtera engga mungkin ,bisa ke sana,apa lagi nginep dihotel  sampai 35 juta semalam,mending buat beli sembako,saran rakyat sprti saya,mending sejahterakan dulu rakyat ,kaya nya masih banyak rakyat menderita sprti saya,baru lanjutkan IKN,jangan yg komen,anak abahlah,pasukan sakit hatilah, Heeh,pemilu telah selesai,persiden tlah di lantik yo wis ga usah saling menyalahkan,kami hanya berharap persiden sekarang lebih peduli sama rakyat kecil ,rakyat susah cari makan sperti saya,boro2 jalan2 ke IKN",0,1,0
"Apa boleh saya share mas,saya sakit hati klo ada yg bilang IKN mangkrak,wong belum lihat kok percaya saja klo mangkrak.Kereeen",0,1,0
IkN proyek dari pajak uang rakyat baik yg  miskin dan kaya tapi kota Ikn hanya bisa dinikmati kaum org berduit,0,1,0
"Ada aja yg berharap ikn mangkrak, tipikal orang begini biasanya iri dengki kalo ada tetangga baru beli barang. Amit2 mirip dajjal laknatullah...",0,1,0
Yg selalu bilang ikn mangkrak itu orang2 sebelah para pembenci pa jokowi yg hati nya sudah kena penyakit kangker,0,1,0
"Mantappp,... Saya dukung ikn Indonesia lebih maju",0,1,0
Wuuuiiih ramainya manusia2 disana ya...padat..merayap..😂😂...hebat...😂😂..kendaraan2 lalu lalang..mantab...MACEET dong tuh..😂😂3😂,0,1,0
"Sekarang Pak Prabowo ada di persimpangan jalan antara IKN atau makan siang gratis. Akan sangat sulit menjalankan keduanya secara bersamaan kecuali ngutang lagi, Beliau mungkin harus mengorbankan salah satunya. Sekarang MBG masih sebagian kecil sekolah tapi dibulan pertama sudah banyak suara berseliweran bahkan sekelas pembesar negara sudah menganjurkan serangga dan ulat untuk dijadikan bahan MBG. Namun jika mengorbankan salah satunya besar kemungkinan IKN yang akan dikorbankan mungkin tidak dihentikan tapi proyeksi pembangunannya diperlambat.",0,1,0
amin rais suruh tidur disitu ikn,0,1,0
Jangan medok 2 dong ngomong nya bos.,0,1,0
Antek mulyono wkwk,0,1,0
Luar biasa indahnya I K N  kita. Lanjutkan!!!,0,1,0
Yang di kasih proyek dah di bayar belum ya?,0,1,0
jowo medooook😂😂😂😂,0,1,0
Keren bang wong suroboyo blokosuto.,0,1,0
Bner kata cak nun,0,1,0
Biasa bang yg bilang mangkrak itu warga RT 16 RW 24,0,1,0
IKN karya hebat anak bangsa. Semangat untuk terus berkarya..🔥🔥🔥,0,1,0
Sesuk nek mangkrak temen yok opo cak...aku yo khawatir,0,1,0
https://youtu.be/XMbu58-La0M?si=uVVtYawf_panV1Rh,0,1,0
Sukses selalu bolo,0,1,0
Arti magkar itu bukan pembangunan nya yg gak berjalan. Tp pembagunan yg gak ada gunanya. Goblok semua ni yang komen.,0,1,0
Jangan lupa pager laut guys!! Jangan lupa pager laut guys!! Jangan lupakan pager laut!!,0,1,0
semangat IKN💪,0,1,0
Mbah roki ben melek matane.la aku wae isih kerjo ndok kene,0,1,0
Dah Sebagus Ini Jangan Di Biarkan Mangkrak Dah Bagus Tu Buat Ibu Kota,0,1,0
Dipaksakan gaezzzz.kasihan maksa duit rakyat di bawa kesana tanp perhitungan.,0,1,0
HALO SAMARINDA..JGN LUPA BOLO D PAKISAJI MALANG YOO..!?!,0,1,0
Ikn top,1,0,0
Lumayan besar bayaran buzer ini....anjing2 joko w pasti terus menggonggong kalsu diberi makan banyak.,0,1,0
Semoga sukses IKN❤,0,1,0
Modol amaaaaatt,0,1,0
"Pembangunan berhektar-hektar,setiap sudut ada 5 at 6 orang..itumah tukang sapu jalan.bukan pekerja proyeknya 😂😂😂😂😂",0,1,0
Wkwkwk tamunya dia doank,0,1,0
"Bukan mangkrak tapi sdh selesai panghuninya sdh penuh yaitu : jin, iblis, dedemit, sangumang, ular, hantu, kacoak,rayap, tawon, kuyang, ingin bertapa cari wangsit silahkan datang ke IKN.",0,1,0
"Ya klo dana nya sdh diblokir utk dialihkan MBG.. ttp sj ujung2 nya ga lanjut, paling sarana dan lain2nya utk pemda kalimantan. Biar tdk mubazir.",0,1,0
kerrennnn indonesia bise bangunn ibu kota dri nollll,0,1,0
"Mantab IKN , lnjutkan ...., Rocky gorong lnjutkan penjara !!!!",0,1,0
Ternak anis kepanasan.,0,1,0
Tapi penghuninya nggak ada siapa yang mau pindah,0,1,0
....waah hotel swiss bintang 5 ... tamunya banyak ya,0,1,0
Gaungkan aura positif.sudah dimulai. Dikerjakan berkelanjutan diselesaikan dan digunakan untuk semua komponen anak bangsa.,0,1,0
Bagi wong sakit hati dg cita cita Indonesia maju dilarang tonton nanti tambah kejang kejang cak,0,1,0
Ternak anis mana ternak anis,0,1,0
Mangkrak yang bilang IKN batuk e nyeploss gak tau Ikn.,0,1,0
Gaungkan aura positip hal ikn. SDH dimulai,0,1,0
"mau cari rumah di daerah kota Semarang, luas 96m², berloteng, 3 kmr tdr, kmr mdi & toilet terpisah, air pam, listrik 2200w (pulsa), sertifikat HM, hrg penawaran 900jt👑🎁",0,1,0
Ternak anis mana ternak anis.. Hoe ternak ternak anis yg cuma 20 persen. Kemana anda,0,1,0
Mari semua lini anak bangsa sukseskan kemajuan bangsa. Termasuk ikn ini. Buktikan bangsa ini bisa selesaikan proyek ikn. Tidak mencari sisi yg melemahkan. Proficiat,0,1,0
anggaran PUPR sdh dikurangi 80% bro. berarti pembangunannya hanya 20%😂😅,0,1,0
"Warna ne mulai ijo mas e 👍👍👍👍 ikn Joss tenan 
Cuma anak onta dan anak banteng aja yang gak waras waras",0,1,0
"Yg Mangkrak itu yg GK setuju dgn IKN, manusia "" para pembenci Jokowi, dan peliharaan nya Banteng dan Unta.",0,1,0
Ini akun buzzer..,0,1,0
Kita lihat saja boss..apakah dana pembangunan IKN akan tidak di blokir lagi,0,1,0
Waktu yang akan menjawab,0,1,0
Bukan enak banget di hancurkan masyarakat Indonesia.tunggu tanggal main akan ...,1,0,0
Suruh pindah SJ para pemerintah bang jangan omong doang,0,1,0
"Ikn, tempat orang kaya ya",0,1,0
Terima kasih Akuan / Thanks Akuan,1,0,0
Ikn is good,1,0,0
"Om ada dendam apa dengan kecap manis...?
Share juga dong..",0,1,0
Makasih bang...udah memberikan informasi yg luar biasa terkait IKN....semangat terus bang...semoga berkah,0,1,0
yaaah yang kerjane sopo rek yg mengelola hotel yg mengelola posisi strategis tetap aja wong cino rek....org kita nya paling satpam sama tukang sapu rek rek....bikin konten yg real lah ceeeng,1,0,0
Lebay,0,1,0
Yg ngarepin mangkrak. Kan Kami Gorong Gerung.....😂😂😂😂,0,1,0
"Kalau benar / nyata syukurlah.
Siapa tau loo yg lagi siaran adalah buzer RP, mulyono. Kalau sampai mangkarak rakyat tambah sengsara. Semoga tidak kayak mobil SMK ,yg katanya banyak pesanan,ternyata zonk.😅",0,1,0
"Kalau benar / nyata syukurlah.
Siapa tau loo yg lagi siaran adalah buzer RP, mulyono. Kalau sampai mangkarak rakyat tambah sengsara. Semoga tidak kayak mobil SMK ,yg katanya banyak pesanan,ternyata zonk.😅",0,1,0
"Mas Andy, mbok yg diminta nemenin jd tour guide itu yg jelas cara ngomongnya.. artikulasinya itu loh.. jgn cadel😅 kita pengen dengerin jelas jd takut blunder😂😂
Sip mantap mas Andy sdh membuktikan bhw keberadaan IKN is real & pembangunannya in progress and keep moving forward 👍👍👍",1,0,0
35 jt...nnt dipakai 15 orang..😂,0,1,0
Wong namanya youtuber...😅,0,1,0
Semoga banyak yg jual makanan di IKN,0,1,0
"Itu kelelawar apa Garuda mas,aku Iki penasaran 😂",0,1,0
"Hihiii...😂
Demi konten cuy...",0,1,0
Joko bisaan bangt laut di sertifikatin,0,1,0
Bung karno :perjuangan kita lebih muda karena musuh kita bangsa asing (pejajah)..perjuanganmu lebih berat katena musuhmu bangsamu sendiri...kenyataan sekarang,0,1,0
Tinggal lihat kedepan saja kapan IKN mau di Aktifkan tempati oleh semua Pejabat negara presiden dan ASN.,0,1,0
Jangan2 yang mengatakan IKN mangkrak ga duwe keturunan ga niat menikmati majunya Indonesia mesake yo,0,1,0
Ngadi2 masih kayak begitu aj.  kpn selesai ny .uang ny aj udah banyak di korup. akhir ny pajak yg di naikin rakyat yg menderita. Tuh yg ngomong penjilat ny mulyono .,0,1,0
kasian ya gen z masa depan nya di rusak sama orang2 tua gaptek begini buser jamet!,0,1,0
suasana mirip meikarta,0,1,0
Coba dizoom yg jelas kelelawar ndekem... Yg katanya menjadi ikonnya IKN.,0,1,0
Jika inlander tidak mau IKN .......Tiongkok siap membeli❤❤❤,0,1,0
"Saya orang balikpapan bagian daerah Manggar dan berkerja di IKN sebagai scafolder.. ada bagian2 bangunan yang emang mangkrak hanya sebagian. 2022 2023 ramai dan penuh sesak 2024 2025 makin sepi padahal masih banyak pembangunan yg perlu di perbaiki. Para pekerja kontruksi banyak yg mengeluh karena gajih selalu ditunda tunda, harga sembako dll mahal2 . Kalau Hujan jalan berlumpur kalau panas jalan penuh debu siang malam seperti itu.. gajih saya satu hari 500ribu tapi cukup dua bulan saja saya berkerja karna gak kuat dengan suasananya kondisinya. Temen saya udah 5 orang batuk2 darah ada yang demam tinggi. Saya saja udah 2 Bulan batuk gak sembuh 2.",0,1,0
"Sabar dulu mas, klau dananya sdh tdk mengalir, apkh pembangunan masih berjalan? Ini masih menghabiskan anggaran 2024.",0,1,0
Golongan pendukung kilafah² emang bisanya cuma mengsut.,0,1,0
"Hotelnya Aguan,,17 agustus2024 dbuat nginap per kamar 3juta,setelah itu,,,",0,1,0
"Wah benar benar mantap ini 
Roky gorong gorong memang ngawur ngomongnya sembarang aja",0,1,0
Bagi org2 yg nyinyir2 saja,0,1,0
"Yg bilang mangkrak kebanyakan orang yg da senang sama pa, jokowi",0,1,0
Saya tertarik sama kualitas kameranya..😊,0,1,0
Soalnya lu buzzer dulu di undang jokowi haha,1,0,0
"PENJILAT LANJUTKAN PAK , PENJILAT",0,1,0
"Terima kasih mas Andi Sugar arek Surabaya, yg telah bersusah payah menunjukkan sikon IKN yg sesungguhnya shgg masyarakat TDK terkicoh dg berita Hoax, moga pengerjaan IKN lancar tanpa hambatan suatu apapun, matur nuwun ya mas Andi 🙋salam AREMA",0,1,0
Coba mas koko.itu semua bangunan suruh cat Yang cerah biar Dari jauh nampak cantik.ini gedungnya Dari jauh gelap mas.,0,1,0
IKN Mantapppp,0,1,0
"Anggaran sudah di blokir,
Jawir bodoh 🤮",0,1,0
"Gak cocok ,,, gak setuju ,,,",0,1,0
🤣🤣🤣👍🌹,0,1,0
Dibayar piro mas gawe konten ngene?😂,0,1,0
Masya allah..trimksh pak Jokowi..❤❤sehat trs pak...,0,1,0
"Buzzer, tidak lulus AMDAL jangan didukung",0,1,0
GIBRAN SUSRUH PINDAH DONG MAS,0,1,0
"Kacian pegawainya, aktifitas nanti hanya rumah dan kantor. Kalo liburan ke P Jawa, biaya besar  gaji minus akhirnya ndak krasan minta mutasi ke P Jawa. Belum anak2nya ingin sekolah yang qualified ndak ada. Nunggu sekian puluh tahun dulu",0,1,0
Mana yg krja nyet,0,1,0
Teraerah lo ngomong apa.. Gak ada konstribusi ke rakyat dan rakayat indonesia.. Bukan lahan pekerja dan ngabisin dana apbn aja. Yg nikmati juga pejabat legecy jokowi buat anaknya hahah..dan kluarga nya.. Gak ngaruh mau mangkrak gak mangkrak nyari duit sedri buat hidup sendiri,0,1,0
Jangan seperti itu boss kasian anak abah tambah sakit hati Nnti malah pindah ke yaman dia😂😂😂,0,1,0
Ada mas Gibran kok putra pak Jokowi mana bisa klo IKN mangkrak kok tolol sih yg mengatakan IKN mangkrak,0,1,0
"Anak Abah sakit hati Lihat ini,...
Sakit tak terlihat tp sakit🤣🤣🤣🤣
IKN jaya Nusantara",0,1,0
"intinya semua hal akan dianggap buruk dimata PEMBENCI . 
dan sebaliknya semua hal akan dianggap bagus dimata pendukung yg membenci lainnya.

(penyakit dengki)",0,1,0
Comment lucu lucu keren abis yaah semangat IKN,0,1,0
Ibukota baru😊,0,1,0
Berapa kamu di bayar,0,1,0
Lah terus knp asn g jd pindah??,0,1,0
Mantap❤❤❤,0,1,0
Walau AQ hanya seorang  TKW AQ pernh nginap di hotel bintang 7😂😂😂 kpn kpn berkunjung k IKN guys mudah an sehat panjng umur bisa jaln jln k IKN 🎉🎉 amiiiin,0,1,0
"Top bangetmas andi ni aku orang sragen yang tinggal di banjarmasin IKN CEPET DAN LUAR BIASA, sam buat pak prabowo LANJUTKAN",1,0,0
"30jutaan satu malam...  nice...
btw alfamart indomaretnya dimana ya? trus kalau mau ke atm dimana? apa ada warteg untuk orang yang kerja disana cari makan",1,0,0
Pokokya ikn mantab lanjutkan sampe selesai❤,0,1,0
Teruskan ceritamu kawan,0,1,0
"Tapi kasian pekerjanya Bnyak yg ditipu ,,,,",0,1,0
Gw mau pindah kesana 😅,0,1,0
Kegeden ki opo to kang,0,1,0
"Ini nyata real ,,,,hanya orang orang yg pembenci pemerintah dan pembenci Jokowi yg selalu menyebarkan berita hoax ikn mangkrak,,,",1,0,0
Bila tidak lajut kita balik arah yg faham aja,0,1,0
Seharusnya bangga karna ini lah hasil dari bangsa indonesia.. bukan dr peninggalan Belanda.. mntap ikn,0,1,0
Keadaan pembangunan di IKN..bukannya mangrak tetapi berjalan sesuai dengan pemerintahan bp Prabowo...karena pembangunannya dibutuhkan jangka waktu panjang...,0,1,0
Sultan Dubai dan konglomerat cina sudah berduyun duyung investasi kah??,0,1,0
"sangat mendukung, semoga kagk bakalan mangkrak, amin, wajah ibukota indonesia di masa depan",0,1,0
yg bilang mangkrak para kaum sakit ht,0,1,0
Ngorte seng beneh ..monyong tuh bungut cai..!!,0,1,0
Konten drama ancok,0,1,0
Kka gmes masyaallah ❤,0,1,0
Assalamualaikum salam Mas Andy ok ya d kabarkan semangat ok,1,0,0
MasyaAlloh BarokaAllah Aamiin ❤❤❤,0,1,0
IKN itu potensi banget dan menjanjikan bagi kalangan Bisnis. Urusan jadi atau tidak sebagai Ibukota itu urusan politik. Tanahnya masih luas untuk dikembangkan. Ayo Dukung IKN sebagai Kota Masa Depan💪💪🌹,0,1,0
The best Indonesian Nusantara trcinta ❤❤❤❤,1,0,0
Gathel,0,1,0
Joss mantap lnjutkan utk ikn,0,1,0
MasyaAlloh BarokaAllah Aamiin ❤❤❤❤,0,1,0
Sebelum dilanjut bayar dulu pengusaha lokal yg mensuplay buat pembangunan ikn,0,1,0
memang istimewah IKN semoga cempet rampung dan langsung pindah Pemerintahan ke IKN amiin,0,1,0
Istana negara matamu km coba di luar,0,1,0
"Titip  yah diurus tuh ikn.. terserah mau dari masyarakat  Kalimantan  yg bangun atau Dari Angaran APBN duit rakyat asalnya,..biar tidak mamgkrak..",0,1,0
"Rakyat tdk butuh ikn mewah, yg dibutuhkan rakyat itu pemimpin yg mementingkan rakyat dan negara, rakyat butuh cari kerja mudah dan ekonomi yg berkeadilan.
Percuma ikn mewah namun rakyat dan negaranya tdk maju.
IKN BLEGEDHES",0,1,0
Mau mangkrak mau ngk terserah..yg jelas pembangunannya membebankan rakyat infonesia,0,1,0
"Banyak kontraktor yg gak di bayar,proyek ambisius,bunga yg ngambil dari malang juga nda di bayar",0,1,0
Bayarannya pasti Miliyaran nih,0,1,0
"Teman saya bekerja di IKN  dan hampir setiap hari dia selalu pamer pekerjaannya itu 😂. Apa lagi pas malem hari lampunya nyentrong dan buagussss bangetttt, saya jadi pengen pergi ke sana sama suami saya 😍😍",0,1,0
emang kamu itu siapa...????? ngga jelassss....!!!!,0,1,0
Ikn jalan  terus,0,1,0
Suruboyo cak,0,1,0
"𝐾𝑜𝑛𝑡𝑒𝑛 𝑎𝑝𝑎 𝑖𝑛𝑖,,𝑚𝑒𝑚𝑎𝑛𝑐𝑖𝑛𝑔 𝑘𝑒𝑟𝑖𝑏𝑢𝑡𝑎𝑛..,𝑜𝑟𝑎𝑛𝑔 𝑘𝑒𝑐𝑖𝑙 𝑚𝑒𝑛𝑑𝑖𝑛𝑔𝑎𝑛 𝑔𝑘 𝑢𝑠𝑎ℎ 𝑦𝑔  𝑛𝑒𝑘𝑜2𝑥 𝐶𝑚 𝑝𝑒𝑛𝑔𝑒𝑛 𝑣𝑖𝑟𝑎𝑙 𝑑𝑎𝑛 𝑡𝑒𝑟𝑐𝑒𝑚𝑎𝑟 𝑠𝑎𝑗𝑎 ..𝑎𝑑𝑢ℎℎℎ..𝑏𝑖𝑘𝑖𝑛 𝑟𝑒𝑝𝑜𝑡",0,1,0
❤❤❤❤❤,0,1,0
"Yang mangkrak itu Roki G, tak laku lakuuu, amin rengis mangkrak tak bisa masuk jabatan karna sudah jadi kakek peeyooooooot",0,1,0
"Roky gerung suruh kesitu....biar matanya lihat,....",0,1,0
Konten penjilat ..,0,1,0
"Kalaupun pindah semoga cepat selesai dan menjadi terbaik bagi bangsa dan negara lndonesia,aamiin",0,1,0
"Dibayar piro arek iku, koar2 ngalor ngidul",0,1,0
@Amin Rais tua bangka bau tanah yang selalu penyebar Hoax,0,1,0
Mulut penjilat,0,1,0
"Menginap 35jt/ sehari, karena capek perjalanan begitu masuk trus tiduran kebablasan sampai waktunya habis..😂😂😂",0,1,0
Suara sekuriti atau apa itu nyrimpungi,0,1,0
Serius nanya ibu kota negara kita sekarang DKI Jakarta apa IKN karena DKI sudah menjadi DKJ,0,1,0
Semoga sukses betah PNS nya mentri2nya presiden nya. Semua nya sehat2 sll lihat Vidio ini saya mau k sana IKN.tp apa daya ga punya ongkos nya he he.mklm orang kcl cuma pensiunan,0,1,0
IKN itu utk apa Mas????,0,1,0
Para pmbnci nggk suka indonesia maju pingin kayak yaman negra trmiskin di asia..😂😂😂,0,1,0
"Sampian ngomong mas, kilo matamu cilek no seng nyocot lek ikan ,mangkra Krak matamu lek no ojok nyocot sampian Muni ngono mas",0,1,0
Besuk ku mau ke ikn,0,1,0
😂😅😂awas ntar kaget KLO Ternyata mangkrak deh...😅😅kayak gas elpiji 3 kg dijual 20 ribu Menkeu kaget ..😅😂,0,1,0
"Pertanggal 8 atau 9 anggaran IKN di blokir .
Lu upload 5 hari yg lalu sebelumnya.
Gimana??
Kini IKN akan menjadi IK -END !!
Selamat ya pagi SPG nya Mulyono.
Carilah rezeki yg barokah
Dan jangan NGIMPI !!😂😂😂😂",0,1,0
Bapak Persidenku bangun terus demi kemajuan bangsa rakyat butuh pekerjaan agar tidak ke negara tetangga,0,1,0
"Pembangunan IKN tetap lancar ,tetangga saya juga ada yang kerja disana",0,1,0
Yah namanya juga influenser 😂😂😂😂,0,1,0
pasti mangkrak orang smw hasil ngutang 😂😂😂,0,1,0
Biarin aja mangkrak .,0,1,0
Tinggal utk. U saja,0,1,0
"GAK MANGKRAK, TAPI ALIRAN DANA BUAT 2025, IKN UDAH DI BLOKIR KATA MENTERI PU😂",0,1,0
sing gelem dang budal kesana.saya kira akan lebih sulit lagi hidupnya.,0,1,0
"Ubur ubur ikan lele..
Yg bilang mangkrak sakit hati Lee...",0,1,0
Lagian heran banget sama orang2 Indonesia yg berharap IKN mangkrak...hrsnya didoakan biar lancar dan bisa jd kebanggaan Indonesia..,0,1,0
"IKN ini harus tetap dirampungkan kalau dimangkrakkan ,apa tidak malu sama negara tetangga kita ?,singapore,malaysia..dan pasti mereka akan menertawakan dan mengejek kita",0,1,0
Selamat menghibur diri ya wahai pendukung IKN😅,0,1,0
"Semangat ko Saya suka lihat vedio koko dengan mama koko Dan sekarang vedio di ikn terimah kasih
Salam dari pejuang devisa do. Singapore
Sukses slalu buat koko Dan keluarga Dan mama ter cinta nya 🙏🙏🙏",0,1,0
"Sebenarx yg bilang ikn mangkrak adalah pendukung si Abah si tukang omon"" dan pembenci pakde jokowi sama pembenci pak prabowo",0,1,0
"Mantap  ikn...berkat  Bapak
Lokowi.",0,1,0
"Ya dlu di bayar sih, yg jls mangkrak alias bangkrut.",0,1,0
"Tu Mbah Amin Rais ,di kasih tau,katanya mangkrak Krak, paktanya  keren lanjut d kerjakan👍",0,1,0
Sengkuni rais & rocky gerandong sekali2 diajak ke IKN bro...cangkeme wong loro iku ben ora nyocot ae...sepurane bahasaku rodok alus ki.🤣🤣🤣,0,1,0
"Teman saya kerja di sana kerja dua hari libur tiga hari.
Tu terusan""",0,1,0
Sudah jadi sarang koruptor,0,1,0
Trs yg mau bayar siapa bang,0,1,0
"Blegedes satu kamar 35jt wong sugih seng nikmati ancur Indonesia,,,",0,1,0
"Alhmdlh dengan hadirnya vidio ini, kami merasa tenang dan bahagia kalau ikn berjln terus,  ok terimakasih dulurku arek suroboyo,,maju terus chanelmu rek.  Madiun hadir",1,0,0
"Pekanbaru ada kantor wali kota yg sudah beroperasi tapi tidak punya tanggungan hutang,,,",0,1,0
Proyek ngelindur mulyono,0,1,0
Jawa2 otak 58% nongkrong di sini..,0,1,0
Orangnya aguan.,0,1,0
Para pekerja ny org mna bang ..apkah bnyak org asli kaltim,0,1,0
Nanti pasti d katain buzzer min sm pendukung sebelah,0,1,0
"Masih bnyak sekolah2 , jembatan2 dan jalan2 yg msh perlu pembangunan dan perbaikan...... Ehhh malah bangun IKN... Proyek beban Negara.... Trll ada yg msh lebih penting.. Bro",0,1,0
Mari kita doakan semoga ikn mangkrak agar uang rakyat dipakai rakyat tidak disalahkan gunakan jokoplongo,0,1,0
"Rasa Nasionalisme saya mendidih.....Jayalah bangsaku,Kita bangsa Besar...cukup 80 tahun menerima istana warisan Belanda buktikan pada dunia bahwa sebenarnya kita mampu.......💪💪💪🔥🔥🔥",0,1,0
Ini mas bukan sekedar membangun tapi yg dipermasalahkan dana pembangunannya yg simpang siur..dulu dibilang didanai oleh swasta tapi kenyataannya menyedot APBN..itu yg membuat proyek IKN ini menjadi tanda tanya tentang kelanjutannya...,0,1,0
"Buat apa IKN bro ? brisik gak guna. 😊 rakyat lagi susah, gak mikir kalau uang sebanyak itu buat buka lapangan kerja....",0,1,0
Saya nggak heran seperti di daerah kalau mau ada kunjungan : persiapannya begitu masif yang nggak ada dibikin ada disiapkan biar kelihatan bagus tapi rakyatlah yang dibikin susah .yang punya nama pejabat yang sengsara rakyat.,0,1,0
Yang omong sopo Buser sono ya.,0,1,0
"Kalau hantu raksasa itu tidak di buang di buka tak bisa jadi hantu taksasa di belakang istana itu ngeri seram malam"" 😂😂😂",0,1,0
IKN pasti mangkrak .itu kata amin  raiso.,0,1,0
PROPINSI CINA SELATAN,0,1,0
"Sekolah PAUD, RA/TK, ruang bermain outdoor, dll lokasinya dimana ?
Harus naik mobil berangkatnya ?",0,1,0
Ada hantu raksasa hitam di belakan istana takut 😱😱😱 apalagi malam,0,1,0
"saya tidak ada menghasut atau apa , entah kontraktor /subkon ataupun pemerintahnya, kerja di situ bagian instalasi listrik , gajian separo separo, yg paling sering si gajinya telat terus . itu ajah yg mau saya sampaikan",0,1,0
"Pembangunan jalan terus mmg tidak mangkrak secara anggaran ke sana biar lancar, tapi sementara tutup ia😂😂😂",0,1,0
"Yong Motor balikpapan sama Yonk Jaya Motor Bandung , sama ga koh ?😊",0,1,0
"JILAT SAJA!!! Bukan soal IKN, tp soal menghabisin APBN san penuh tipu2 dalam pembangunan. GOBLOK!!!",0,1,0
"Hotelnya sepi, kantor Mentri belum jadi, pekerja kasar sedikit, rupanya anggaran tidak cukup, investor nggk lanjutin, kemungkinan pekerjanya nggk kebayar, jadi pada bubar barisan",0,1,0
Alhamdhulilah jika pembangunan di ikan masih berjalan,0,1,0
"Semua juga ada proses , tol,,,,kalian jangan percaya orang yg dengki sama Jokowi,",0,1,0
Keren IKN👍👍,0,1,0
Pohon lindungnya yg ada buahnya kaya di jerman,0,1,0
Padahal ssya pilih predident sby dua kali jokowi dua kali prabowo satu kali tetep aku miskin,0,1,0
"Pembangunan IKN terus dikebut dan tidak akan berhenti, biarpun anggaran dari APBN diperkecil Pembangunan IKN tetap terus berlanjut, anggaran tidak cuma dari APBN dari Swasta jumlahnya juga banyak.",0,1,0
Memang jokowi luar biasa yg nyinyir pinternya korupsi makan uang rakyat,0,1,0
Mantappppp,0,1,0
"Barisan sakit Hati 16% dan 22% persen yg selalu mengoreng isu mangkrak lah utanglah,..kasian mereka sakitnya berlanjut tapi tidak bisa ke dokter",0,1,0
Saya pendukung dia kali jokowi satu kali prabowo,0,1,0
Prabowo gibran harus dia kali semoga gibran jadi presiden,0,1,0
Yg nyinyir modar,0,1,0
Ini baru presiden gak memperkaya diri sendiri jos jokowi semoga pak prabowo gantinya,0,1,0
"Kok kaya org kampung lo, baru liat yg bagus gitu. lebay, gaya lu berserak tapi...., nginap ngak di sana? jgn hanya shoting aja, rugi yg punya hotel, minimal ngopi kek.",0,1,0
"Yoowisss karepmu wae sing tinggal nengkono 😂😂😂
Aku weesss emohhh😅😅",0,1,0
IKN maju❤❤❤❤,0,1,0
Klu saya rakyat dulu biar makmur baru yg lain,0,1,0
IKN kebanggan bangsa❤❤❤❤,0,1,0
Keren cakkk.... Dak jauh dari mm ely😅😅😅😅lanjutkan berkonten❤❤❤❤❤😂,0,1,0
Trendingkan,0,1,0
Semoga pk prabowo gibran dan pk Jokowi sekeluarga slalu sehat pnjg umur dan slu dlm lindungan Allah Swt aamiin aamiin ya robbal'alamiin ❤❤,0,1,0
Semoga Alloh SWT melindungi Keluarga Jokowi terbaik,0,1,0
"KREN HABIS, TERIMA KASIH PAK JOKOWI...!!!, SUDAH MEMBANGUN IBU KOTA BARU IKN, 
SEKALI LAGI TERIMA KASIH SEBESAR BESARNYA, JASAMU AKAN SLALU KAMI KENANG.",0,1,0
"Sampai pernah saya bayangkan, andai ikn mangkrak karena dana, maka rakyat yg cinta ikn akan urunan, anggap rakyat infes saja. Dan saya peserta urunan pertama.",0,1,0
"waktu yg akan membuktikan, omongan siapa yg benar.",0,1,0
Nyatanya skarang dsnanya sudah diblokir.... apa yg dibanggakan,0,1,0
Yg bilang IKN mangkrak adalah golongan batere lowbat 16% ama anak abah yg ga Terima kalah pilpres,0,1,0
Ndasmu ketok😂,0,1,0
"Suwun yo mas,goro2 channelmu aq iso weruh IKN sedetail iki",0,1,0
Abah amin rais ajak jalan2 ke sini biar tau ajak nginep di hotel'nya.,0,1,0
Apapun yg dilakukan pasti bagus menurut antek2nya,0,1,0
"DUGAAN SAYA NANTINYA TIDAK MANGKRAK TETAPI TIDAK LAKU BERHUBUNG PAGAR LAUT YG TERSEBAR DI SELURUH INDONESIA SUDAH TERBONGKAR.
DUGAAN SAYA PRESIDEN KITA YANG SEKARANG SUDAH TIDAK MAU MELANJUTKAN.",0,1,0
"Koq aneh ya selama ini yang DIGEMBARGEMBORKAN selalu saja seperti hanya mangkrak atau tidak..

Yang ditonjolkan teruss kq hanya selalu dengan mnggebugebu diberitakan sisi² yang mewah² Dan maaf hal² yang eksklusif mahal² .. semua ini mnurut sy malah hal² yang menakutkan/ mengerikan bagi warga² masyarakat diluar (selain Kalimantan) yg ekonominya pertengahan (middle income) yang mau melirik untuk tinggal disitu.. SAYAANG SEKALIiiiii... 
 Jadi TIDAK / BELUM PERNAH ditampilkan hal² pengembangan atau penyediaan fasiltas tempat tinggal/ perumahan bagi rakyat menengah kebawah seperti pengembangan² perumahan ditempat² lain APA MEMANG disengaja tidak mnonjolkan fasilitas² perumahan untuk masyarakat UMUM menengah ke bawah? Seperti perumahan KPR BTN DLL. 

Saya rasa bngsa ini , apalagi di dimasa presiden Pak Prabowo yg mementingkan rakyat menengah kebawah selalu memperhatikan masyrakat ekonomi bawah.

Coba deh!!  mulai sekarang ditunjukkan juga hal² fasilitas umum bagi warga² masyarakat menengah bawah AGAAR menarik juga bagi warga,/ masyarakat yng mau ber eksodus, bertinggal rame² atau berkeinginan ber ""transmigrasi"" swadaya dari P Jawa ke DAERAH YANG DISEBUT IKN ini. 
Buat apa ditunjukkan selalu hal² yng wuaah, mewaah dibangun kantor² penting hotel² mewaah yg dibangun oleh... investor² asing.... tetapi untuk buat menampung warga kecil menengah TIDAK/ PERNAH? DIPROMOSIKAN ... jadinya rakyat diluar hanya menilai.. oooo barangkali seperti ingin bener KAMUFLASE SAJA, mohoon maaf bukan anti tetapi memberi tau saja.

Coba kalo fasilitas² seperti prumahan² rakyat dari BTN / KPR² lain dibangun besat²an juga seperti prkampungan / komunitas² BARU YANG DICIPTAKAN juga ada, bukan hanya rumah² flat YANG ADA  dimana² untuk ASN² saja yg ditampilkan ... tetapi juga masyarakat bisnis menengah kebawah seperti pengusaha² UKM/UMKM YANG PASTINYA *JAUH LEBIH BANYAK* DAN *MEMBAWA DAMPAK PEREKONOMIAN* YANG JAUH LEBIH LUAAS!! YANG MENGALIR DARI BAWAH KEATAS DAN AKAN MENGALIR TERUUS  .. ituu menurut saya lebih MENARIĶ BAGI PENDUDUK WARGA MASYARAKAT YG DI p Jawa Yg bnyak barangkali merasa 'SUMPEK' dan ingin mnvari hawa udara BARU ada alternatif lain MENCOBA CARI HIDUP DAN TINGGAL Di daerah YANG ""MUNGKIN DI Sekitar IKN"". ADANYA.
Oke trimkasih sekian pandangan lain (masyarakat luar IKN)",0,1,0
"Ini konten bayaran.. Kon disangoni Jokowi piro?? IKN merusak lingkungan Hidup.. Dan APBN di korup... 

Kamu. Anak muda mendukung ide buruk korup Jokowi... Geblek.. Kon akan dicatat sejarah sebagai pendukung koruptor.. Catat... 

Orang muda keblinger..",0,1,0
Sing nginep sopo? Jin?,0,1,0
"APBN belum di sahkan, itu yang di gunakan kan anggaran yang dulu.....pintar sedikit bang . Pasti tamunya banyak di sana ya,wong hotel sudah beroperasi. Bule bulenya berseliweran....",0,1,0
Tipikal yg tinggal di jawa khususnya jabodetabek pasti gak suka ada penvangunan di luar jawa.. apalgi jika berwujud ibukota bakal di pindah..,0,1,0
"Menyenangkan para yang Nyir nyir.
IKN ITU proyek negara, Jakarta diprediksi 40% tenggelam 2030 jadi pemerintah sudah siap kan ibu kota",0,1,0
Hanya Anis yaman sama pendukung nya yg bilang mangkrak,0,1,0
"ngakak ngomen motor xeon yg masukk..
Lahhh itu pekerjaaa bang..😂😂",0,1,0
"Mangkrak  mungkin belom, tp kagak beres2 iya....😅😅😅

Sampai hr ini.jg tak berguna, gak ada ASN yg kerja di Ikn",0,1,0
Saat bazer rejim di kirim buat jilattttt🤮🤮🤮🤮🤮🤮🤮🤮,0,1,0
"Awakmu bangga cak rakyat keluen kabeh..
Deloen opo o nyang ndeso""....
Koen saking buzerr",0,1,0
tak bisa berkata apa2 hanya bisa bilang wooooooouuuuuwwwww yeeeeeeesssssss  muantaaaaaaspppppp👍👍👍👍👍👍👍👍,0,1,0
Masa Alloh bangga punya presidenbapak jokowiidodo keren,0,1,0
IKN diganti aja nama nya  IBP  menjadi IBUKOTA POLITIK  itu lebih baik,0,1,0
Kamu tau g pncairan IKN lg d stop wkwkwkw,0,1,0
Aguan ,0,1,0
pencitraan ya kho,0,1,0
"Mungkin maksudnya isu itu sepi jalannya kali mas, dan memang sepi senyap sekali jalanan nya,kalau mangkrak memang tidak,amat nyaman bawa balita main dijalanan sepi seperti itu🎉",1,0,0
Maksa,0,1,0
Jhyannn ngangeni bahasane pean kohh...😂😂😂.  Semoga di beribsehat kohh...👍👉👌👍👍👍,0,1,0
Yg bilang makrak brti wong bento stress . .iri dengki,0,1,0
"Semoga mangkrak, gk rela uang pajak rakyat di buat membangun ambisi keserakahan penguasa.",0,1,0
Hotel udh beroperasi dan ada pegawai. Kok bisa pada ribut mangkrak,0,1,0
Itu bukan pembangunan tp pemeliharaan jhoni....😂,0,1,0
Scurity iya aja cm,0,1,0
"waduh anggaran ikn diblokir kemenkeu, kasihan si lawak ini",0,1,0
GA ADA MANFAAT NYA BUAT RAKYAT,0,1,0
Ikn bukan untuk kepentingan rakyat pribumi Indonesia,0,1,0
chayna gini perusak bangsa,0,1,0
Pak security nya orang asli Kalimantan dgn khas logat banjarnya😊,0,1,0
wkwk chayna buzzerp tomlol,0,1,0
Kalah dong menteri PU ... hebat dobolnya,0,1,0
Belum ada apa-apa lagi,0,1,0
Kamu macam orang yang paling tidak sopan memalukan macam orang Sakai 😂😂,0,1,0
"Sikatttttt bang…
Hajarrrrr si roki dongo !!!",0,1,0
"kalian pada ribut Ikn sedang kan di luar negeri pada ribut perang teknologi dan membuat robot, di Amerika sudah merencanakan pertama manusia yg mendarat di mars sedangkan di indo maih ngestuck tentang perdebatan hal hal konyol 🤣😅",0,1,0
Siap siap asn pindah,0,1,0
"YG BICARA IKN MANGKRAK KALAO BELOM TAHU SENDIRI PADAHAL IKN TIDAK MANGKRAK , YG BILANG IKN MANGKRAK PANTAS SEKALI KALO PAKAI KACAMATA KUDA .",0,1,0
Itu yang bilang ikn mangkrak mereka hanya penghambat negara,0,1,0
"Atur aja son , sekalian cari kavling .... Bikin rumah son .... Trus pindah Sono son ........sampai mati disana son.... wkwkwk",0,1,0
Nggk mangkrak tp buat ngumpet Kel Mulyono,0,1,0
"Pembangunan menyelesaikan sisa kontrak dan sisa anggaran kemaren...kemudian setelahnya anggran mendingan buat makan siang gratis selama 5 tahun,pendidikan dll... emang IKN dibangun sudah ada jaminan Anak² dikaltim bisa bekerja jd ASN disana??? Kan gak ada..",0,1,0
"Dari awal ide kaya gini saya sudah tidak setuju,karena negara sudah berhutang besar semakin ditambah hutang lagi sungguh logika yg sangat keliru dan fatal.",0,1,0
Anak buah si ncek hoko,0,1,0
"Orang2 yg pesimis dan pola pikirnya primitif memang mana yakin proyek raksasa pemindahan ibukota suatu negara itu dikerjakan dgn serius dan matang demi untuk kemajuan bangsa dan negara tsb dimasa depan !!! ...untunglah bangsa ini memiliki seorang JOKOWI SATU2NYA PEMIMPIN/PRESIDEN NKRI YG PUNYA VISI HEBAT UNTUK  MEMAJUKAN NEGARA&BANGSA INI !!! ..dan semoga juga in syaa Allah PRABOWO SBG PEMIMPIN/PRESIDEN NKRI SAAT INI TETAP SETIA DAN TEGUH UTK MELANJUTKAN VISI BESAR JOKOWI DLM MELANJUTKAN PEMBANGUNAN NEGARA INI MENUJU INDONESIA EMAS 2045 DST YG NANTI AKAN DITERUSKAN OLEH PEMIMPIN2 MUDA VISIONER LAINNYA seperti  GIBRAN/Wapres skrng , AHY , Emil Dardak , Erick Tohir , Kaesang Pangarep ..dll dll nya tokoh2 politik nasionalis Pancasilais   negeri ini !!! .. Bravo Nusantara !!! 💪💪💪💪💪💪💪💪💪💪👍👍✌️🤲🙏",0,1,0
Kampungan kali kau😂😂😂,0,1,0
Acuunn jokower... Pembohong,0,1,0
Nasehat nya adalah JANGAN PAKE KECAP MANIS 😂 udah segitu doang,0,1,0
Ya gak mungkin mangkrak kan ada pihak swasta jg.,0,1,0
Hei ternak mulyono rakyat udah muak dengen mulut busuk kalian itu.emang kalian ini sangat dan pantas dapat gelar ternak dari natizen,0,1,0
"Anggarannya SDH di stop, semangat boleh, tapi harus berfikir realistis 😂😂",0,1,0
Mana manusianya?????,0,1,0
"Anggarannya diblokir.. Mau lanjut bangun pake dana si Anu ta? Hmmm, lak dijual jadinya",0,1,0
"Pembangunan lanjut terus,yg jdi pertanyaan spa yg mau huni?",0,1,0
Mantaap ikn sangat indah sekali pak,0,1,0
IKN KEREN,0,1,0
Bangun ikn itu bikin susah rakyat Indonesia kok dibangga bangga blm waktunya utk dibangun urus  rakyat yg lapar sj belum beres rakyat2 minta2 di lampu merah msh kelihatan ko bangun kota mikir,0,1,0
IKN MANTAP...KEREEENN....,0,1,0
"Pulau Kalimantan , Adalah Pulau Paling Besar di Indonesia , Semoga Kedepan nya ,"" ,Tepat ,Bermanf at  .Bagi Seluruh Bangsa Indonesia .Trimakasih .Sukses Bang Andy.chanel .Salam Sehat Wal Afiat .✋🙏 ,,,,,",0,1,0
"Udah ,/upakan saja IKN,,,,,",0,1,0
"Keren, luar biasa, semoga dilancarkan pembangunannya , membawa kebaikan bagi masyarakat Indonesia,  aamiin yra 🤲",0,1,0
Awokawok kocak,0,1,0
Bukan ibukota atau kota nama nya kalo kg ada rakyat nya.....,0,1,0
"menit 2:22 jancuuk ngakak poool...baru tahu ternyata di IKN adanya BE bukan BI... Bank ENDONESIA wakkakakak Satpam koplak wakkakakkakka
🤣🤣🤣🤣",0,1,0
makasih update nya tentang IKN...majulah indonesiaku..,0,1,0
Mantap bosq,0,1,0
"Pembangunan ikn mengambil APBN 75,8 T tapi ga ada return langsung ke rakyat....ini yg masih belain jokowi bangs*t bajing*n tololnya kebangetan....sampai saat ini tidak ada penghuninya asn masih bekerja di jakarta",0,1,0
Hoy anggarannya ssja sudah di umumkan di jentikan. Kalau gak mangkrak terus siapa yang biayain . Bapak atau mamak kau 😂😂😂,0,1,0
Rocky gorong garing tidak akan berani ke IKN  jika berani dapat  hadiah  lemoaran telor busuk  karena hati Rocky goring garing sdh busuk,0,1,0
IKN lebih besar dari jakarta ..ngga mungkin mankrak,0,1,0
Haha ini orang bebas meliput ya hebat,1,0,0
Ikn ngga akan mangkrakk ...emang Abah bangunannya mankrak😂,0,1,0
Kabarnya banyak yang belum terbayar kan....,0,1,0
"Yg ngomong mangkrak dia nggak tau apa"" dengan keadaan di sana, Cuma bisa bacot doang",0,1,0
"Cikal bakal Utang negara  beban Rakyat yg besar apa kita harus bangga dgn IKN 😂, belum kl ada urusan di ibu kota warga Pulau Jawa jg tadinya dekat cuman ke Jakarta sekarang harus nyebrang dgn ongkos yg lumayan besar",0,1,0
Waaah keren banget  banyak gedung-gedung   indah banget  IKN 👍🇲🇨,0,1,0
cuma iblis yg tidak ingin indonesia maju❤,0,1,0
Ternak ternak nya Mulyono pemuja bansos SDM rendah dan budak budak dungu lg bwrsatut padu...lg pd sembah sujud  melihat  gedung bikinan Tuhan nya yg terkorup d dunia itu,0,1,0
"setiap informasi memang harus kritis dan krisis, jangan terlalu mudah menilai dan membenci, jangan lupa juga kebiasaan pejabat kita itu meminta bantuan artis dan influencer ketimbang memberikan data valid dan transparan ke masyarakat 😁

jika IKN memang visi misi pemerintah untuk negara lebih baik dan fasilitas pelayan rakyat lebih baik, tolong jadi pelayan yang professional dan amanah",0,1,0
"Ma'af 🙏. Inilah akibatnya jka bermain politik terus, tdk mau jujur dn terbuka masing2 sbgai yg dipercaya oleh rakyat. Jika mau jujur dn terbuka selama ini tentu tdk akn kacau dn ribut terus mnerus. Bagi rakyat taunya baik dn benar dn tdk mninggalkn hutang buat generasi penerus bangsa. Membangunlah dg modal sendiri secara bertahap. Jgn mmbangun dg cara berhutang akibatnya ya begini, saling tuduh dn saling curiga. Marilah kita sma2 mnyadari kslhan masing2 diri dn saling mema'afkn sbgai yg lbih tua demi kbaikn buat generasi pewaris bangsa Indonesia kedepan. Allohu Akbar, Alloh Maha Besar 😢🙏",0,1,0
"10:02 perjuangan pembangun IKN yg beristirahat di bawah tenda terpal, dgn mudahnya netizen mengatakan ikn mangkrak",0,1,0
Rocky gerung tadinya ingin jadi presiden RI..ternyata rocky gak laku laku dipilih rakyat..achirnya bikin gaduh terus ujaran kebencian..kasian deh..,0,1,0
"Yg.ngomong.pasti.pembenci.bpk.jokowi.wong.kurang.gawean.bisanya
Nyalain.orang.ngomong.mangkrsk.lah.tk.bergunalah.dsar.pengadu.domba.ora.malah.nentremke.suasana.",0,1,0
"Masya Allah ,Alhamdulillah irobbil alamin, Indonesiaku Maju . IKN.(Ibu  Kota Nusantara ) ,Sukses ,dan Sentosa Jaya ,Aamiin Aamiin Allahuma Aamiin .🤲 ,Semoga  Indonesia Selalu Mendapat Rahmat ,dan Berkah dari Gusti Allah SWT ,Masyarakat dari Sabang Sampai Merouke,Damai Tentram Subur Makmur , Bahagia Sejahtera ,Aamiin 3x .",0,1,0
Pak prabowo lebih paham untuk rakyatnya mana yg harus didahulukan,0,1,0
Ini kayaknya mendukung pejabat jadi koropsi.tudak merakyaaat !!!,0,1,0
Good job indo maju pesat yg blng ikn mangkrak kan orang yg gak suka yg penyinyir orang gak berguna bagi bangsa,1,0,0
Uang  siapa  yg di bangun kok ada nama basukidan gibran memang uang basuki dan juga uang gibran  Ane kedengarannya !!!!,0,1,0
"IKN adalah simbol 
kejayaan Indo 

Moga Indo baik2
aja. Aamiin

Saya warga 
M'sia 👍👍",0,1,0
Ngakak “centi meter”😂,0,1,0
"Baru baca berita, Dana Keuangannya  d stop menteri keuangan. Berarti sebentar lagi, IKn akan Hijauuu😅",0,1,0
"Orang bilang mangkrak itu karna 
1. Statusnya dari prioritas menjadi tak prioritas ( makan bergizi lebih penting )
2.anggarannya ga ada ( di potong sangat minim )
3.investor ga jelas ( cuma aguan & gank demi menyelamatkan muka mantan presiden ) 
4.ga ada target selesainya ( 2024 berubah jadi 2028 buat modal kampanye pilpres 2029 )",0,1,0
Lokak mahal mahal jadi senang koropsi!! Kalau uang gaji tak mungkin mau!!!,0,1,0
"""KOTA MATI""😂 
GINI AJA YG BUAT KONTEN INI BERSEDIA GAK JADI WARGA IKN SAMPE BER ANAK, BER CICIT SAMPE DI KUBUR DI SANA ? DAN JANGAN DATANG LAGI KE DKI JAKARTA (KOTA KEDAMAIAN) YA SEKALIAN JUGA SEMUA YG PRO IKN SAYA DOAKAN SEMUA KESANA SAMPE DI KUBUR DISANA, AAMIIN 🤲 KUMPUL YA KALIAN SEMUA DI SANA, SILAHKAN DI JAWAB DGN BERSEDIA !🤣😂",0,1,0
Pecinta Abah masih belum trima,0,1,0
"Mangkrak (sdh jd/blm jd tdk digunakan sesuai dg yg direncanakan melalui anggaran). 
Kalo sdh selesai trs digunakan sbgmn mestinya, br bs dibantah yg bilang MANGKRAK!",0,1,0
Hanya orang tolol yg mendoakan negaranya hancur,0,1,0
😁😁☕☕👍👍,0,1,0
Waduhhhh kalo udah jadi bakalan kerennnn bangett puollll... Bisa gak ya pindah kesitu?? Tata kotanya asikk bangett 😮,0,1,0
"Iya itu jalan terus pengerjaan nya, ribuan yg kerja disana, hanya yang percaya bisa melihat mereka bekerja siang malam agar IKN bisa beroperasi tahun 2250.
Semangat🎉🎉🎉",0,1,0
Roky Gerung cs gak mau maju kalau Nusantara maju dan moderen kembali aja kalian ke jaman batu😈😈😈,0,1,0
"Kek manapun Jakarta adalah ibukota Jantung perekonomian negara , jika di pindahkan total apa mungkin se instan itu....",0,1,0
😊suwun cak Andi medoknya Suroboyo pol wis menasional.,0,1,0
IKN bener2 indah seperti lukisan😮,0,1,0
Pemuja mulyono,0,1,0
Bukannya pak prabowo sendiri yang bilang dana untuk IKN di stop?,0,1,0
"Aura ibukota Jakarta masih lebih kuat, sbb sejarah perjuangan masih tetap tdk terlupakan hasil perjuangan pahlawan yg berlimpah darah",0,1,0
"Kt org indonesia harus bangga,punya presiden yg luar biasa jeniusnya terimakasih presiden indonesia,saya masyarakat indonesia bangga,Jatim hadir",0,1,0
"NARASI BRO ... MEREKA YANG TAK SUKA ... BIASALAH .. BILANG SEPERTI ITU . TOH MEREKA JUGA GAK BISA APA2 JIKA NANTINYA SEMUA BAKAL PINDAH . YA .. MEREKA BUKAN BAGIAN KEMAJUAN , TAPI CUMA PENCINTA PARTAI ..SAJA .!",0,1,0
Tidak mangkrak mas bro....saya kerja disana udah 1 thn lebih.soal gaji lancar jaya dapat uang kesehatan+uang tiket,0,1,0
Pengen smoga ada rezeki,0,1,0
"Yg bilang ikn mangkrak barisan orang "" sakit hati ga seneng kalau negaranya sukses maunya mangkrak gitu",0,1,0
ireng mergo oksidasi Ko.. engko dadi ijo.. kalah ndarjo,0,1,0
Sepi banget,0,1,0
Setuju ikn mangkrak,0,1,0
Lanjut ikn,0,1,0
Kakakkakakak bilang r nya greget kakka,0,1,0
Itu Garudaaa?kukira Kelelawar😮,0,1,0
Semoga pembangunan ikn tdk mengakibatkan pembangunan di daerah lain terbengkalai.. mengingat APBN indonesia saat ini tdk baik baik saja.,0,1,0
sepi banget. smg lanjut terus pembangunan,0,1,0
Hehe...jgn samakan dgn hambalang😅...krn ini masa depan indonesia bukan utk perusak negara,0,1,0
"Jokowi dan keluarga kepanasan,kelabakan,ini buzzer Jokowi untuk membenarkan bahwa ikn TDK mangkrak. Yah lihat yah kedepannya mdh""an memang mangkrak karena ikn ini hanya untuk orang""tertentu,rakyat biasa hanya penonton",0,1,0
mangkrak tu kaya yg di hambalang blok !!,0,1,0
Aku  ora........!!!!!!!!!!!!,0,1,0
Jakarta udah mau tenggelam bro segera geser ke IKN..,0,1,0
"5 bulan lagi sepi tuu, paling lama 1 tahun.",0,1,0
Masyarakat Indonesia terlalu byk yg suka hoax soax songong menyebarkan berita. Berita  negatif.  Tentang IKN. mangkrak.,0,1,0
Ikn tetep jlan proyeknya.cuma p Prabowo lagi fokus sembasuadaya pangan untuk rakyat.,0,1,0
Yg mangkrak 24/16% 😂😂😂😂,0,1,0
"Walaaah.., mayoritas malah hotelnya, diexplore, mbok coba pakai drone, telusuri semua wilayah, juga dicari tahu yang belum² dibangun karena apa, targetnya tahun ini apa dsb.., biar utuh, jika mau mengkonter pendapat lain..😊",0,1,0
"IKN katanya didanai investor, tp kenyataannya pakai APBN...

Artinya investor itu tidak percaya pada pemerintahan di Indonesia, apalagi sudah masuk nominasi di OCCRP... Investor melihat itu bro...

Dan APBN kita tak akan kuat menanggung semua pembangunan di IKN...",0,1,0
Berarti ikn gak mangkrak...,0,1,0
Teryata mewaahh sekalii di dlm gedung hotel nya itu om..ikn mantapp,0,1,0
"Yang bilang IKN mangkrak itu , iri dengki dan tdk bersyukur . Lihatlah kemari , ini nyata bukan mimpi , bukan ilusi . Mari hilangkan prasàngka2 buruk , agar tdk menjadi orang2 yg selamanya  buruk .",0,1,0
Semoga IKN jd ibukota kabupaten penajem paser utara..biar kabupaten tersebut terkenal diseluruh dunia..,0,1,0
Security nya pinter.n😊,0,1,0
Mangkrak itu brow proyek hidup males mati ngk mahu cuman loe aja di jln...,0,1,0
Buat apa dibikin kantor ahok,0,1,0
"Mirip proyek PIK 2.
Apakah konsepnya sama. ?
Wkkkkk",0,1,0
M,0,1,0
Dari awal dah yakin IKN HALU JOKOWI JD SARANG GENDURUWO - TUYUL & KUNTIL 🤣🤣,0,1,0
Yang penting kegunaannya apa IkN. apa ada investor masuk terus apa bisa jd kota bisnis  spt jakarta,0,1,0
Buat apa di buatnya IKN?? Merusak alam daerah Indonesia aja,0,1,0
Nanti kayak abujanda,0,1,0
Yang bilang terbengkalai asli matanya beubu teata 😂😂😂,0,1,0
"Semoga IKN  cepat selesai, berjalan lancar👍🙏",0,1,0
"Jilat teruuuus dog 
Sampe tai2 nya",0,1,0
masalahnya uang untuk membangun kan banyak sekali bandaranya banjir,0,1,0
"Iya,,, urgensinya apa?",0,1,0
"Rakyat di bawah butuh semuanya,adil,makmur,aman sentosa tdk pura""",0,1,0
Host nya keren rek... Arek Suroboyo....Suwon cak info ne ...... 😅😂,0,1,0
Tetanggaku jadi supervisor di IKN .6 bulan sekali pulang cuti,0,1,0
Yg Bilang IKN Mangkrak sbnrnya mereka Berharap Berkeinginan Mangkrak krn tidak mau Berdinas tinggal di IKN heheheee krn jauh dr tmpt tinggal dll,0,1,0
Hmmmmm yg penting komen yg seimbang jangan ada kepentingan yg TDK tdk sesuai..,0,1,0
Saya sudah tau karna bnyak org dari kmpung saya krja disana di kirim dari Bogor buat krja di ikn,0,1,0
SEPI.,0,1,0
Sepi,0,1,0
Makasi mas Andi atas liputan nya di kawasan ikan.,0,1,0
"josss cak, dadi seng ngomong mangkrak cek melek matane 😂😂",0,1,0
Liat aja nanti 1 tahun pak prabowo menjabat ikn kembali jadi kota hutan indonesia 😅,0,1,0
Penjilat 😄😄😄,0,1,0
Banyak omong loe.,0,1,0
"Uang Negara di buang "" aj Lee ujung"" Mangrak Hambang jilid 2 aj 😅",0,1,0
🙏🙏🙏👍👍👍,0,1,0
Hebat ikn ....tapi mas ...ojo ngomong ndas lah  mosok koyok ndase pindang ae  ....benere sira mas😅😅 😅😅😅,0,1,0
Ya wes nganah gari pindah kabeh bae.... neng jakarta neng kalimantan pada bae.... sing sugih ya s3makin sugih sing mlarat ya semakain mlarat.... sing jelas akeh oknum pejabat sing korupsi....,0,1,0
"Makasih sob Andi...diajak keliling, ikut seneng dan bangga.
Biarkan orang2 yg menuntut kesempurnaan, klo kondisi belum bisa sesuai target karena banyak hal semestinya memaklumi.
Sukses IKN akan menjadi kebanggaan bangsa Indonesia.",0,1,0
Buzzer mulyono lagi bikin konten 😂😂,0,1,0
"Sopo sing nginap... Ya yg kaya2 to... Rakyat kecil ya ndomblong aj, msh banyak org miskin. Wuih... wuih hebat ya... piye pak presiden. 😭😭😭 Semoga HEBAT UNTUK RAKYAT",0,1,0
IK-End!,0,1,0
"Para buzzer dan ternak raja ngibul cari pembelaan,,,dah mulai gusar,,,dan panik,,,kita pake logika saja ,,dananya untuk IKN diblokir ko,,,kacian bingit kaum bansos ini mau kencing kebelet,,,keburu basah dicelana,,😂😂😂😂😂😅😂😂😂😅😅😅😅😅😅😅😅😅👎👎👎",0,1,0
Buzzer baru lagi kayaknya ini,0,1,0
Awas   dgn buzer   2    jokowi    .   Saya   asli spaku  IKN   penajam     . Kalau musim hujan  IKN    KEBANJIRAN     karna   kortanya   di   bawah  GUNUNG   BUKIT   SUHARTO,0,1,0
"Itu cm dr depan bro sebagian sudah selesai, coba kebelakang lg banyak sebagian yang belum dibangun,",0,1,0
"Mbah amin Rais dan Rocky bisa lihat😂😂😂 ini bukan proyek terkutuk,proyek mangkrak atau proyek ngk jelas lah, ikn tdk mangkrak❤❤❤❤IKN BERJAYA, trimakasih pak jokowi sdh mewujudkan cita"" Bung Karno dan cita"" Kita semua.... 🙏trimakasi juga pak prabowo dan. Mas gibran sdh melanjutkan cita"" Bangsa kita yg besar ini.... Kami rakyat Indonesia selalu mendukung setiap langkah program pemerintah, rakyat bersatu berjuang.",0,1,0
Chanel halusinasi...😂,0,1,0
"Mangkrak itu bkn berarti tdk sama sekali jalan. Mangkrak itu berarti separuh jalan, krn itu luas se x utk pembangunannya. Yg sdh dibangun pasti ada. Jd jgn diartikan 100% tdk jalan.",0,1,0
Yang bilang makrak para pembenci pak jokowi..maka nya nyebar hoax terus,0,1,0
Siapa yg mau tinggal disitu bang...sy dibayar aja  ga mau...,0,1,0
"Alhamdulillah. 
Ketemu disini. 
Mas Andy, mamahmu kok nggak diajak, pasti lah tambah seru kalau diajak, ya. 
Semoga sukses dan bahagia selalu. 
Aamiin. 
🤲🙏",0,1,0
Samarinda hadir posisi didekat sekitar IKN Brow trimkasih 🙏,0,1,0
"IKN nggak mangkrak! 
Dipastikan, IKN akan beroperasi pada tahun 2070 yang akan datang.

😂😂😂",0,1,0
Ah ngehibur diri gak guna,0,1,0
Spil ASN yg SDH pindah kesitu bang? Klo ada aja sih 😅,0,1,0
Toko kosmetik aja punya buzzer 😊,0,1,0
Siapa yang ikn mangkrat,0,1,0
ikn dibangun Jokowi hanya tempat hiburan masyarakat.,0,1,0
"ORANG BILANG MANGKRAK
MATANYA BOLOR ALIAS PICEK",0,1,0
"Itu dibangun buat siapa, orang mana? kepentingan siapa nanti ujung2nya? pahami Ipoleksosbudhankam...😢",0,1,0
"bocah penghayal si rocky garong,pemberontak asing",0,1,0
Salam kenal dari jambi lo..sukses selalu ko,0,1,0
"Kilo Min ,,,Amin Ra'is matamu melek'o ..katanya Proyek IKN mangkrak ...jadi kota hantu ...nyatanya Malah sudah hampir Rampung Proyeknya",0,1,0
"Menit 8:15 (Kalo buat pasangan honeymoon ga cocok, kegedean) Itu kan kira-kira persepsi Koko sendiri, karna kalo udah nginep di situ tuh brati udah bukan orang biasa aja yang mikir budget, bahkan kalo ruangannya gede, nyaman, justru bakalan jadi alasan customer buat stay sih. Jangan ngomong ga cocok apalagi lagi diajak room tour sama mba guidenya, ceritain aja suasana yg ada tanpa menakar luasnya. Selebihnya udah oke si Ko. Good job 🎉❤ Makasih udah nginfoin tentang IKN. Sukses kedepannya Ko, semoga selalu diberi jalan yg lurus, jalannya orang-orang baik.",1,0,0
Kapan ini rekaman diambil?? Kok rekamannya cari lokasi yg ramai ramainya aj???😅,0,1,0
Judul yang membuat perut anda gendut. .hahaha sampah,0,1,0
Gak ada utung nambai utang....,0,1,0
Cocok buat tempat wisata aza... dan percontohan flora dan fauna acara tvri kyk dulu.. 😊,0,1,0
Yang bilang IKN  mangkrak adalah manusia2 BUSUK hati nyaklompok2 iblis berwujud manusia. Pergi liat ke kalimantan.,0,1,0
Duitnya minjem aja bangga ninggalin utang buat anak cucu😢😢,0,1,0
"yang suka bikin HOAK KEPEMERINTAHAN biasa pendukung Abah anis, lama lama juga pada stress GAYS",0,1,0
Reporternya semangat banget....,0,1,0
"😂😂😂😂😂
Bangunan sebanyak itu pekerjanya macam buat perumahan kkpr....  sy orang  mekanikal elektrical hight risk building jd bingung mana para pekerkanys....sebuah ibukota pekerja bisa dihitung...apa pekerjanya kasat mata??? Hihihiiii....",0,1,0
Acara apa Om?,0,1,0
Tapi bg dari pemandangannya IKN kyk lu Luar negri bg kren 🔥🔥🔥,0,1,0
Bajet asuh,0,1,0
"Jgn kan org hantu aja ngk keliatan
Cuman bayangan hantu Mulyono aja yg keliatan",0,1,0
Masya Allah..smga pmbangunan IKN brjalan dgan lncar dan d bri kmudahan Amin y rob...,0,1,0
"Kota. Hañtu  ,,nantinya. Broo,,,,,,",0,1,0
"Lambang Negara kok kepalanya Nunduk,kayak Nunduk sama orang Cina yah",0,1,0
😂😂😂 terima kasih ko 😂😂😂,0,1,0
Kalo MANGRAK... HUKUM PEMIMPINNYA... KARENA MERUGIKAN NEGARA DAN CURI DUIT RAKYAT!!! KORUPSI RIBUAN TRILYUN!!! 😢😢😢,0,1,0
ini hotel klu gak di subsidi negara bakal tutup.. 😂😂😂,0,1,0
Kiruptor dan fufufafa,0,1,0
Sepi sekali ga ada kendaraan yang lain di jalan.,0,1,0
Om andry di ajak roky gerung dia yg suka kowar” iIKN  terbengkalai,0,1,0
Pengen kali mau punya usaha di sana,0,1,0
SENG KADUNG MBEDEDEG DIMONGGOKAN KELOJOTAN ,0,1,0
Yg menikmati IKN yg elit elit rakyat biasa sprti sya cuma melihat bukan menikmati y p oraaa,0,1,0
"Habis liat pengakuan pekerja kontraktor,, katanya situasi di IKN memang masih ada pekerjaan yang berjalan, tapi pembangunan yang berjalan itu hanya untuk menyelesaikan proyek yang sementara berjalan tapi untuk pekerjaan atau anggaran baru itu sudah tidak ada ..",0,1,0
Mbual 3 x aku baca,0,1,0
Settingan ?? aku baca,0,1,0
Brow !! Mbuh Gambare Sopo Ambilnya ?? aku baca,0,1,0
Dibayar Piro !!,0,1,0
Ojo Umuk 3 x Mbual  Bacote aku baca,0,1,0
Mantap Cok...Peno nduduhno sg bener ng uwong2 sg gak bener.,0,1,0
Co ini yang ngabisin duit Indonesia jd super banyak hutang nya 😂😂😂😂😂😂😂😂😂😂😂,1,0,0
Joss gandoss......bagi yg punya duit....😅😅,0,1,0
"Hanya waktu yg bisa jawab semua ini
Sampai kapan, aku tak tau...",0,1,0
Selamat ya pajak kita 12 persen,0,1,0
Kita lihat aja,0,1,0
yg bilang mangkrak ltu kecewa IKN pindah,0,1,0
"hanya orang penyembah jakarta yang bilang ikn mangkrak, dia tidak rela kalimantan maju, padahal bentar lagi jakrta tenggelam, mudah2an terjadi",0,1,0
"hai para pejabat2 dan orang2 yang tidak pernah setuju dengan pembangunan ikn ketahuilah sebagian besar pendapatan bangsa indonesia berasal dari tambang2 yang ad di pulau kalimantan dimana ikn di bangun. kita tahu betapa besar harapan masyarakat kalimantan terhadap pembangunan kota ikn, kalian pernah berpikir g betapa parahnya kerusakan pulau kalimantan akibat pertambangan. saya sendiri masyarakat sumatra utara sangat bangga ikn di bangun, jd apapun alasanya sudah wajar masyarakat kalimantan mempunyai kota ikn. jangan mau duitnya aj dari kalimantan tapi pemnbangunanya tidak kelihatan, klau bisa semua daerah penyumbang besar buat negara harus di buat pembangunan yang istimewa.",0,1,0
Ambisi dinasti Pinokio dari solo untuk istana fufufafa,0,1,0
"supirny ni pasti urang banjar, ketahuan logatnya,,,,",0,1,0
"Klo dilihat progress pembangunan sampai detik ini thun 2025 termasuk sngat cepat... 
Lanjutken... Insya Allah semua akan terwujud dan banyak yg investasi...",0,1,0
Rasa2nya dalam setahun 2025 ini IKN boleh siap tuntas kah? He he!,0,1,0
"Wow sarang buzzzer ,ini kan video lama ...coba live kau bujank",1,0,0
Pembangunan apa perawatan sajaaaaa.. 😅😅,0,1,0
"Saya dari jawa , merantau di IKN bagian driver , sampai sekarang tidak ada yang mangkrak nyatanya saya masih bekerja di sini. Saya tinggal di sepaku . Orangya juga ramah ramah. Kebanyakan dari orang jawa juga penduduk kampung sepaku. ❤",0,1,0
Bazer bazer penjilat pantad,0,1,0
Ada anak tetanggaku msh disana..baru cuti tengok anak pertamanya lahir.,0,1,0
"Sudah terbukti kan, dana di lock untuk MBG
Sekarang mau bilang apa?",0,1,0
Denger2 banyak yg gk dibayar tuh ...yg dipake buat bangun ikn ...beneran tp 😂,0,1,0
Udah mangkrak itu ...kurang dana pengerjaan sedikit,0,1,0
"kita serah kan ke pak prabowo aja,dana itu untuk kepentingan rakyat seperti makan bergizi gratis dan lain2 apa untuk pembangunan ikn untuk ambisi nya pemimpin sebelum nya,saya hanya dukung kepemimpinan prabowo aja saat ini",0,1,0
"bayangin jika kalian yg jadi presiden butuh 1000 Trilyunan untuk membangun ikn sampe finis dan skrg sudah tahap 71 trilyun dana di gunakan, apakah sisa yg 929 Trilyunan akan kalian lanjutkan utk bangun ikn atau untuk yg lainnya??? ok gass🎉",1,0,0
Ternak muliono,0,1,0
Ass negara lagi darurat keuangan apbn devisit terus terpaksa anggaran IKN harus dihentikan/di blokir untuk anggaran yang lebih penting kesejahteraan rakyat pendidikan kesehatan lapangan kerja dsb presiden pusing  tidak ada jalain lain harus di STOP DULU ! ! wassallam,0,1,0
"Sya juga pengen ke IKN bareng kluarga, pengen nunjukin ke anak2 klw masa depan Indonesia akan brpusat d’sini,, inilah masa depan,, d’masa depan kita akan benar2 lepas dr bayang2 kolonial jaman dlu,, cukup masa2 lalu itu hanya untuk haritage saja lahh,, ayo belajar yg rajin anak2ku,, jadilah manusia masa depan Indonesia yg lebih maju dan makmur,,",0,1,0
😂😂🤣🤣ini pasti instruksi ternak2 mulyono 🤣😂🤣👍👍👍 ya skarang blm mangkrak krn biayanya khan baru aja di blokir. Skrg masih hidup lah kpta  kecil yg dibangun jd IKN krn masih ada kegiatan dan sisa biaya yg masih  berjalan hehehe liatnya jgn sekarang nanti stelah bbrp bulan lg paling lambat akhir tahun 😂🤣💪kita lihat yuukk...IKN itu bukan cuma bangun istana kaleeeqqq... 😂🤣😂 tp bangun kota bro ... lu pikir bikin kota2 an dari puzle atau Lego mainan anak2 😂🤣🤣,0,1,0
"ini jawaban dari alm. abah saya.. dulu hasil bumi kaltim 80 % untuk pusat, kapan pengembangan di kaltim. mdhn di IKN ad wahana yg mantap namun ttp terjaga keselamatan ny dan jagan mahal2 lah buat warga asli kaltim. yaaa kan...
 Amin....",0,1,0
"MAAF 🙏.....TDK TERTARIK BUAT KAMI USAHA MENENGAH KEBAWAH.
APA LAGI USAHA RONGSOKAN......BAGAI LANGIT DG BUMI, BISA MERASAKAN HANYA DG ""KHAYALAN"" BELAKA SAJA..... 😕😕🤬😭😭😭😭😭",0,1,0
Oalah wong dwte ae Ra gablek kok lanjut sontoloyo Ra percoyo,0,1,0
7:55 Permalam 35 juta 😅😅😅😅,0,1,0
Framing orang2yg sakit hati....sajaa....😂😂😂,0,1,0
Alhamdulillah klo  berlanjut  berarti ada uang nya buat bangun,0,1,0
Keren mas andy vidionya detail jd serasa kelilin ikn mksh,0,1,0
Itu yg gak bisa ngomong R itu pasti org Plembang,0,1,0
"Semangat kokoh muter muter IKN 
#Arek arek suroboyo",0,1,0
"Doakan IKN hrs selasai... Biar segera pindah ibukota nya., krn mmg sdh di perhitungan jauh2 hr, bayangkan kalo tiba2 jkt tenggelam, smentara tdk ada persiapan ibukota baru",0,1,0
"Izu IKM mangkrak sengaja di hembuskan,, biar kelihatan siapa aja yg speak up penghianat.. 
Jebakan pak wowo luar biasa.",0,1,0
Kalau pun jadi aku tidak bangga babar blasss....,0,1,0
Dibersihkan dulu nanti baru diliput.,0,1,0
Super marketing Nusantara 😂top,1,0,0
Nusantara akan bangkit  seperti kejayaan Majapahit,0,1,0
Hore hore hore oke gaes ternax mul,0,1,0
"IKN jalan terus, Prabowo ingi mempercepat mbangun IKN
Said Didu, Rocky Gerung, Refly Harun dan gerombolannya itu cuman sedikit tapi sering ngomong gombal... mereka harus dibasmi.",0,1,0
"Buzzer kerjanya yaa kyk gini,, maklum aja😂😂😂",0,1,0
"Jika sudah di Bangun baikanya diteruskan, ambil postifnya",0,1,0
"IKN jangan mangkrak, buat istana wapres bagus, ide banehnnya",0,1,0
"Rakyat Indonesia memang mudah di begoin bang ,,
Mereka gak tau kalo lu atau konten kreator di bayar buat iklanin ikn ,,
Cuma liat para tukang aja kok narasinya seolah2 ikn bermanfaat!
Di bangun si di bangun cuma apakah sekarang lebih penting dari hal2 lain ? Kenyataan masih banyak yg perlu perhatian, seperti pendidikan,
Banyak di Kalimantan ini sekolah masih jauh dari jangkauan masyarakat,, lu pernah liat anak sd mau sekolah nyebarang pake tali di arus air yg deras gak?? 
Belum lagi jarak tempuh yg jauh ,
Belum lagi sekolah nya banyak yg gak layak pake ,,atap pada bocor , dinding di makan rayap , bahkan gk ada dinding nya pun ada !!
Ini yg lebih penting!! Agar Indonesia gak masuk IQ terendah di asia tenggara!!

Orang lagi nukang kok lu bilang negara berkemajuan !!
Udah gitu jalannya pake anterin lagi !! Dah kaya study tour",0,1,0
"Emang blm mangkrak tp calon mangkrak, emang anda mau tinggal di situ blm tentu, paling cuma bisa lht doang.",0,1,0
"Anggaran 466 T katanya awalnya gak pake dana APBN, lah ..sekarang????",0,1,0
"Ya di lihat saja dulu , jangan terlalu optimis dulu semua ada masanya ,jika ada yg ngomong mangkrak ya wajar wong nyatanya ga ada satu pegawaipun yg ngantor di sana mengingat omongan Jokowi mengatakan jika September 24 sudah tinggalkan ibukota Jakarta kenyataanya tidak terjadi dan jika ada mengatakan lanjut ya juga wajar karena buktinya masih ada pembangunan namun kita juga ga tau yg di bangun infra struktur pemerintah atau para pengembang yg sedang .pengerjaan proyeknya intinya di katakan gagal belum tentu di katakan berhasilnya  juga belum karuan mengingat program pemerintah dg penghematan anggaran saja sudah membuat ekonomi dan bisnis di berbagai hal kalangkabut intinya jangan bangga dulu ,karena semua belum jelas.",0,1,0
YAELAH TERNAKAN MULYONO,0,1,0
"😂😂😂😂😂❤❤❤ini orang yg g suka indonesia maju jaya,,, hati"" sakit hati bikin jdi penghiyanat negara...",0,1,0
"apa yang pembangunan??apa yang maju?? kalau ngaku generasi itu paling bagus lihat data utang bukan penampilan,,,misal segala pelaksanaannya oleh siapa,,kalau pribumi hanya budak,mana bagusnya??atau pribumi dijadikan komisaris/direktur tapi yang punya asing,,,itu podo wae ngapusi,,,",0,1,0
"IKN hrs dilanjutkan krn sdh mengeluarkan biaya besar.
Tapi anggaran IKN diblokir Menkeu. Gimana gaess? 
Apakah akan mangkrak atau lanjut? 
Skala prioritas Presiden Prabowo bkn IKN, jadi….IKN probabilitas akan mangkrak.",0,1,0
"Orang tdk senang dg kemajuan indonesia dan tdk senang jakarta mengurangi beban yg berat mulai dr banjir, macet, polusi udara yg kotor dan IKN di bangun dg bertahap, coba bsk liat klo berhasil jd megah, orang akan meringis kesakitan karna kalah",0,1,0
"Salam sejahtera. Para pekerja..pejuang, Ikn. Pahlawan.. baru...",0,1,0
"Bravo bang Andy sugar
Yg bilang mangkrak itu TDK lain pembenci ir BPK H jokowi.",0,1,0
Rumah mentri clas bintang 5 tapi pengerjaanya kasar. 😂😂😂,0,1,0
"Bingung mau ngomong apa
Selengkapnya...........",0,1,0
"Istana negara garuda mmg di buat spt itu, jd di pilih besi yg hitam yg gk bs berubah dlm cuaca apapun, klo mlm hr bagus sekali dg lampu kelap kelip",0,1,0
"Trima kasih udah di ajak jln"" ke IKN , langsung aku subrek",0,1,0
"KONTEN TIDAK BERMUTU..
JAKARTA. YANG BERMUTU..",0,1,0
"Bukan mangkrak bangunan nya om 
Gak nyape otak om nya mungkin 
Kalok bangunan nya mangkrak yah gak mungkin ntar angran nya gak ngalir lah gak ada dong pemasukan yg ko.. P
Om om sekolah dulu tamatin baru ngonten hahuha",0,1,0
"Saya selalu dapet keberuntungan di ❤ 🆆🅴🆃🅾🅽88 ❤ , beneran! Gasabar liat lo juga ikutan rame di komunitas pemenang!",0,1,0
"Widihhh😍. Main di 🤑 𝐖𝐄𝐓𝐎𝐍𝟖𝟖 🤑..Modal receh bisa JP pola nya bukan kaleng kaleng ini,mantap dan enak boy hayu gasken ah",1,0,0
Tak pernah mengecewakan sekali s1tu5 🤑 🆆🅴🆃🅾🅽88 🤑 ini.. sekali coba maen aja udah di kasih menang...,0,1,0
"Sudah pasti Gacor Kalau main di 🤑 𝐖𝐄𝐓𝐎𝐍𝟖𝟖 🤑 bang, deposit perdana langsung dikasih perxalian x500 konek di awal ga sampe 30 menitan main",1,0,0
"Bro berlipat modal gua sekalinya play ❤ 🆆🅴🆃🅾🅽88 ❤ max bro, pantesan pada putar di ❤ 🆆🅴🆃🅾🅽88 ❤ emang idnya mudahin jepe brader.",0,1,0
"Gila Lo...mana. Yang. Kerja. Bangunan...
Konten. Tidak. Bermutu..",0,1,0
"Vlog nya buzzeer rp, mana yg katanya ada operasional, kota hantu, sudah tidak ada lagi investor, pembangunannya kan udah berhenti dari 10 bulan lalu kantor kementerian PUPR masih belum jadi juga",0,1,0
"Yang bilang mangkrak itu Gerombolan Sakit Hati...😂😂😂
Kok masih benci terus sama pemerintah??
Kalo loe gak setuju bungkus kopor dan barang2 pindah ke laut hindia gabung sama nyi roro kidul...😂😂
Generasi sampah, generasi malas, pajak motor aja gak bayarrr. Protesss meluluuu.
Pemerintah dan negara harus Jalan terusss...",0,1,0
Pusing kameranya muter muter kk,0,1,0
"Kereeeeeeeennnn abis gaeeesss...pak Jokowi memang the best,best,best❤❤❤❤❤aku wonge pak Jokowi",0,1,0
Serius tanya? Jangan makan kecap manis? Maksudnya apa ya? 🙏🏻,0,1,0
IKN hanya proyek kemuliaan Jokowi,0,1,0
"Orang hidup karena ada jiwa, kota hidup kalau ada masyarakat yg berdomisili. 

Sudah berapa banyak warga yg tinggal di IKN?",0,1,0
"Hmm ,",0,1,0
"Saya sudah sampai titik nol, apakah di titik nol sudah ada pembangunannya (maksudnya  gedung²), karena 16 juni 2023 saya di sana masih hutan",0,1,0
Utanggggg,0,1,0
Anggaran cuma cukup buat makan siang 😀😀😀😀,0,1,0
"IKN hasil kerja nyata pemerintahan pk jokowi..banyak pesat malahan waktu presiden kita pk jokowi ..
PRESIDEN TERBAIK YG MENCERDASKAN RAKYATNYA.STIAP ADA KMAJUAN TEKNOLOGI SELALU BERAMBISI MEMBUATNYA.. presiden yg berfikir jauh kedepan..
Semoga sehat sehat terus pk jokowi..",0,1,0
Garuda sekarang menundukan kepala,0,1,0
Bahasa lu sok jawa bener,0,1,0
Nasib vendor yg ngerjai gmn kelanjutan pembayaran nya,0,1,0
Tp dana nya diblokir kata Mentri pu,0,1,0
"makasih bang udah bawa aku jln"" ke ikn walaupun lwt hp😂😂😂",0,1,0
"Yg bilang mangkrak kan hanya para gerombolan Rocky Gerung cs, gerombolannya banyak omong kosong yg menghasut",0,1,0
"Yg selalu koar2 katanya, i k n, mangkrak, itu org yg koplak, yo sekali2 seperti conto amin rais itulo supaya paham ,jadi tdk ngoceh sembarangan.",0,1,0
Candi indonesia terbesar dari candi hambalang cuakkksss,0,1,0
"Bnr mulut nya si gorong2 embeeer  org sdh di blg tdk mangkrak lg di kerjain  tp si gorong2 sk fitnah spy nm jokowi di benci org
..jangn percaya sm si gorong2  tangkaaap sj penjarakan   g laku sm cewek2 mk nya g kawin2.",0,1,0
"Iya sekarang msih ada yang bekerja .. loh loh dana nya udah di blokir selanjut nya mau bayar pake apa yang kerja, sampean yang bayar yo mas",0,1,0
"mohon pencerahan bang,, akhir2 berita tentang pemblokiran semua anggaran IKN itu apakah jg hoax?",0,1,0
"Oppo seng kok bnggakne ko ikn ,,chuk,,,,9 naga seng brkuasa,,rkyt hny JD pnonton,,,,trusss smbil mnanggung hutang negara lbih dr 8rbT LBH,,Pjak smakin melangit ...gass langka laut di pagar...uank laut ny di buat istana naga",0,1,0
"Ygbilang IKN mangkrak itu orang-orang frustasi,atau SDMnya.....apa mereka sudah ke sana.",0,1,0
IKN pasti Hancur karena Bohongi Rakyat.,0,1,0
IKN itu proyek Mimpi yah.,0,1,0
"Trimakasih atas liputanya sekarang baru nyata tadinya banyak konten yang menyesatkan IKN bahkan sampai sampai menyinggung presiden Jokowi, sekali lagi trimakasih buat pak jokowi",0,1,0
Seneng banget klau ada anak muda yg realistis ❤❤❤,0,1,0
"yg bilang mangkrak itu barisan sakit hati, justru wah,.😊👍🌲🏠✊",0,1,0
Dananya aja di blokir ko 😂😂😂,0,1,0
Mimpiiii😂😂😂,0,1,0
Yg bilang IKN itu mangkrak adalah anak Abah Sengkuni..yg sampai Dedik ini sakit hati sebab selalu kalah dlm kompetisi politik di negri ini...yg sabar yaa Woong .😊,0,1,0
Emang cepet pak Jokowi menampik gosip2 negatif. Hebat2,0,1,0
Kenapa ya GK modar2 penyebar hoax,0,1,0
Langit nya indah bngt ...IKN ❤❤❤,0,1,0
"𝙔𝙜 𝙗𝙞𝙡𝙖𝙣𝙜 𝙢𝙖𝙣𝙜𝙠𝙧𝙖𝙠 𝙤𝙧𝙖𝙣𝙜2 𝙜𝙖𝙠 𝙥𝙪𝙣𝙮𝙖 𝙤𝙩𝙖𝙠,𝙧𝙤𝙢𝙗𝙤𝙣𝙜𝙖𝙣 𝙖𝙣𝙟𝙞𝙣𝙜2 𝙩𝙤𝙡𝙤𝙡",0,1,0
Londo ireng,0,1,0
Tidak ada laut ya mas...ya ialah...hutan habis di babat😂...orang Kalimantan sekarang ke banjir terus...😢 ....di balik ke megahan ada penderitaan rakyat...ini konten pesanan...ya mas,0,1,0
Ikn sarang megakorupsi,0,1,0
Kereenn smga Indonesia semakin maju dan semakin makmur rakyat nya,0,1,0
Jgn diexpo semua mas.nnt ternak Anis panas,0,1,0
"Anak saya lulus CPNS kementrian sosial awal tahun ini, kabarnya semua cpns akan didinaskan di IKN... semoga dilancarkan semuanya ❤",0,1,0
"mangkrak itu ada 2 bagian
1 ,bangunan selsai tapi tak berpungsi ataw terbengkakai
tidak bisa menghasilkan apa yg di harapkan
2,bangunan tidak selsai karna kurang dana 
,,,sekarang baru tahapan pembangunan belum taw ahirnya berguna tidak nya",0,1,0
"proyek mercusuar tapi yang bayar hutangnya rakyat,bukanya mensejahterakan malah menyusahkan & menyengsarakan rakyat.",0,1,0
"matap, gaspol terus👍👍👍",0,1,0
"Itu yg modalin bapak saya mas, saya juga ikut modalin
"" Saya dan bapak Rakyat biasa yg tertib bayar pajak "" 😂",0,1,0
golek opo to cak... ojo kakean kecap,0,1,0
"PENJILAT,  ADA YANG KERJA TAPI TIDAK SEBANYAK DULU LAGI PEKERJANYA.",0,1,0
Saya jg ke IKN bln agustus 2024 dan mmg bagus bgt walaupun blm selesai pembangunan..sdh masuk istana krn mau upacara 17 an...sdh masuk ke memorial park jg..kl malam serasa bukan di indonesia...bagus bgt walaupun cuma 10 hari disana tp sangat membekas...selamat yg nnti akan tinggal disana..mantap pemandangannya,0,1,0
Ternak mulyono😂😂😂sakno golek mangan nemen lek,0,1,0
Mantaap,0,1,0
"Kalau tdk mangkrak tempati aj bos,,,",0,1,0
Lanjutkan...demi kemajuan bangsa. IKN tetap maju terus,0,1,0
bh Amin di ajak ke IKN biar melek matanya,0,1,0
Eman2 uang di buang ke sana.gk ada manfaatnya bagi rakyat,0,1,0
Klo bangunannya GK mangkrak karna uang rakyat yg ploroti ke sana.tp mslhnya siapa yg mau nempati selain jin dan hantu,0,1,0
"Bukan pejabat"" negara tapi pejabat"" korup,,,,",0,1,0
"Bakal seperti hambalang mangkrak ,  mending buat bikin kapal induk",0,1,0
"Sdh mendekati mangkrak, itu dana sisa  yg mau dihabiskan,,dikelilingi pegunungan tp bandara tertimbun lumpur",0,1,0
"Nggak usah berlebihan lah.
Lalu gmn kerusakan sistem pemerintahan. Buzzer ya mbuzzer, biasa wae",0,1,0
Kalau mangkrak tlg sportif berita kan lagi ya bong😂😂😂,0,1,0
Wajar kalau kamukan punya saham di situ mas pasti jadi kebanggaan awamu mas neaku wong cilik piye are rono selamat seneng2 mas,0,1,0
Amin risis ga di jak ke ikn om wkwk,0,1,0
"Yg jadi masalah apakah Rakyat bole masuk ke lokasi pemerintahan itu? Kalau ga boleh fiks Base Koruptor 😂

Trs itu gedung dibuat jauh dari jalan sama aja ga kedengaran kalau demo 😂",0,0,1
Buzzer..,0,1,0
Hentikan IKN,0,1,0
"Kasihan...kaum sakit hati... 
*minta IKN jadi dalam Semalam.. Bim Salabim..?!
Bangun 1 rumah aja bisa berbulan2..! 
Dana habis bisa molor juga..!!",0,1,0
"Mulyono tak perlu koar"" Mengaku dirinya bagus , 
Beliau cukup diam dan fokus berkerja dgn pemikiran nya 😊
Yg membenci biarlah mereka hanya punya hati yg sdh busuk , selamat menikmati masa"" Pensiunmu pak Mulyono bapak tergolong president yg bagus dalam pembangunan ❤",0,1,0
Ternak Mulyono nih,0,1,0
"Makasih lho, Mas Andy pencerahannya.",0,1,0
Saya bangga punya ibu kota negara hasil dr usaha bangsa sendiri bukan sisa dr penjajah.,0,1,0
Ya masak dah abis  90 Trillion mangkrak.,0,1,0
Buzzer masih bertahan,0,1,0
79 cm itu bang ngak sampai satu meter.. 😂😂,0,1,0
Gerung cs di bawa ke RSJ atau  lembaga pemasyarakatan segera sudah darurat,0,1,0
Yang buat konten jongos mulyono yg tiap bln mengantri bansos😮,0,1,0
Mantap pak ekooo... ❤,0,1,0
"Ternak Mulyono Dongo! Buat apa IKN dibikin nyet? Ngabisin duit utang, cuma buat ngantor PNS.",0,1,0
"Sumpah pusing gue nontonnya,,,,sekedar saran, cameranya jngn terlalu cepat gerakinnya, sumpah puyeng",0,1,0
Hanya MULUTNYA yg SOBEK BELAKANG bicara kagak benar ....,0,1,0
Percuma aguan poles IKN tapi jualan ribuan km lautan banten pindah tangan ke sipit semua,0,1,0
😂😂😂😂sudah total stop dana dari prabowo...😂😂😂 mangkrak terbukti 🎉🎉🎉🎉🎉,0,1,0
"Yg namanya mangkrak ""bangunan tdk jdi tpi uangnya habis...goblok banget kmu 😂😂😂",0,1,0
Ngakak gw😅😅,0,1,0
Anak wabah sama teleknya kebo pada kepanasan 😂😂😂😂,0,1,0
Mirip meikarta cikarang,0,1,0
"Konten ini gays, memang sepi gitu hotel nya aja cuma dia yg nginap 😂",0,1,0
mas tapuk.en menungso seng ngentahi terus 🙏,0,1,0
Ibukota  9naga😂 gak Mnkin mangkarak,0,1,0
"Buktinya ASN mau pindah dari Juli, September 2024 satu pun belum ada yang pindah.",0,1,0
"Bangkal mangkrak, anggaran di stop",0,1,0
"Siapa bilang makrak Masi ada pembangunan kok, aku Lo sudah ke sana, salam mas aku wong ngalam",0,1,0
Ini proyek hutang jasa  presiden JKW dgn 9 naga .. skrg bakal jadi rumah hantu ....buang duit disaat rakyat makan aja susah....bangunan cakep penghuni dedemit... ASN lebih baik pensiun daripada di pindahkan ke Kalimantan 😂😂😂,0,1,0
Kowe dibayar piro ngoyo,0,1,0
"Alhamdulillah pembangunan semakin maju...saat ini masih bisa dikunjungi untuk umum dengan S&K,kami sebagai warga penajam Paser Utara berdoa semoga semakin maju... sukses",0,1,0
Tuh lu liat ROKI GORONG2 jgn cuma bisa bacot selalu menghina mencaci presiden n pemerintah,0,1,0
"Wahai rakyat Indonesia yg betul2 sayang dengan NKRI jangan percaya sama umat yg selalu orasi jelek bangsa Indonesia di medsos, dia selalu memberitakan jelek NKRI.
Jangan percaya sama orang munafik seperti ini.",0,1,0
mata mereka ketutup tain unta dan banteng hahahaha,1,0,0
mudahan selamanya kmu tinggal di ikn... gk bisa kemana2. aamiin...,0,1,0
"Dia ini buzzer, makanya akses semua IKN, dan didampingi😅",0,1,0
Anak sy dinas di IKN dan selalu sy tanya sedang pembangunan malahan anak sy Pam di IkN,0,1,0
"Di mana pun tempat nya"" kecap manis kampanye nya😂",0,1,0
Wahhhh  cantik mewah dan megah hotelnya.di Malaysia sajah yg katanya negara maju dan kaya.tidak mampu membangun hotel semegah itu. Yg ada hanya rumah plat di jadikan hotel.koyak gk tuch meleydesh,0,1,0
Maksak in,0,1,0
Mantap keren..,0,1,0
Masa alloh buat pasilitas negara begitu megah....sementara liat orang2 trnmigrasi rakyat kita begitu pahit dan menyakitkan....,0,1,0
"PADAHAL BANYAK KONTEN  CREATOR YG TIAP HARI MELIPUT IKN,TAPI BANYAK YG BILANG MANGKRAK !!",0,1,0
Bagus..tp lok penerima tamunya bukan pribumi...,0,1,0
Itu jadi sejak lama.faktanya seteh prabowo jadi presiden belum ada proyek baru yg di kerjakan.tunjukkan bukti ada proyek baru yg di kerjakan,0,1,0
Tiket pesawat aja masih mahal,0,1,0
Ternak mulyono berkoar-koar......🤣🤣🤣😚,0,1,0
"Pada dasarnya ,orang ada 2 macam, yg pro dan kontra, yg pro tentunya mengagungkan setinggi langit, selain pro jga mngkin suruhan, yg empunya, 
Dan yg kontra tentunya pesimis ddn sgal kekuranganya",0,1,0
Sia sia gak butuh ikn rakyat kecil,0,1,0
"Wong Anggaran jelas di Blokir kok, ternak mulyono emang pasti jago ngibul😂",0,1,0
Hhhhhhhj  juaul terus .. suruh wapres Fufufafa pindah kesana sak ternak ternaknya,0,1,0
"Hallo guys, wow mantap guys IKN, sukses terus buat IKN dan mas bro, Bravo IKN Nusantara❤👍",0,1,0
Rugi negara 11 ribu trilyun,0,1,0
Spil hrgnya bang,0,1,0
"Keren abangku

Optimis utk bangsa lebih hebat",0,1,0
Apa manfaatnya buat rakyat Sulawesi??,0,1,0
Waaa keren banget hotel Nusantara ikn,0,1,0
Yg bilang ikn mangkrak... dah terbang ke Kalimantan kah belum,0,1,0
Suatu saat akan menjadi pic yg mana masyarakat kecil di larang masuk harus menggunakn paspor😂,0,1,0
Masalahnya siapa yang tinggal disitu?,0,1,0
Pak satpam nya cadel tapi keren apal tempat nya,0,1,0
Koko Andy.....mantaaap. Kasih paham sama orang-orang pembenci pemerintah. Bahwa IKN tetap berjalan dan berproses tidak mangkrak.,0,1,0
Koko ramah poll,0,1,0
Pembangunannya terus..siapa bilang mangkrak,0,1,0
"Keren n mantap
Mg segera klar semua bangunan nya..manfaat n barokalloh..Aamiin",0,1,0
Suruh sd peresiden sama belimbin sayur berkantor di IKN,0,1,0
"Lu sebelum ngonten, cari tau dulu kocak informasi² lainnya.
Jadi ngga kedandapan gitu..

Masuk hotel..
""Ini presiden suite""
Biasa aja kocak, hotel lain lebih bagus, gua juga tau lu pernah juga kan masuk ke hotel yang lebih bagus dari ini.
Di balik layar juga gua yakin, lu akan bilang..
""Jirrr lah, B aja cuk""",0,1,0
Ngotot aja deh .,0,1,0
Luar biasa ....,0,1,0
"Sekarang emang belum mangkrak, nanti . . . Gimana yaa. . . Ketika ibu kota gagal pindah. . . Siapa yg menempati. . .",0,1,0
Saya yakin... Sampai 2030 tetap dihuni HANTUUUU...,0,1,0
"Apa bener ada korban 20 orang meninggal selama pembangunan IKN.
Kok ngga pernah di liput di tv",0,1,0
Dela maning pembanguan mandeg,0,1,0
Alhamdulillah sampun ok,1,0,0
"Nyatanya hotel g ada orang yg duduk di loby atau yg lalu lalang yg nginap di hotel, masa  hotel sepi bangat kaya kuburan",0,1,0
"Engga perlu ke eropa cukup dikalimantan aja, thankyou nusantaraku",0,1,0
"SEMOGA PARA PEMBENCI JOKOWI MATANYA MELEK, DAN LIHAT KONTEN INI. BIAR GK BILANG  MANGKRAK",0,1,0
"Wow ,ikn ,amazing place 😍",1,0,0
Ingat ingat.. Hambalang...,0,1,0
Kapan pindah ibukotanya,0,1,0
"Anda begitu bangga menujukan IkN """" itu tau gak dananya dari mana ???
    Yg rakyat butuhkan saat ini adl keadilan dan kesetaraan ...!!!
    😂😂😂",0,1,0
Jelasinnya biasa aja ngk udah ngegas jawir,0,1,0
👍👍👍,0,1,0
"Membangun bansa itu bukan soal dukung mendukung, yg penting transparan, jangan memacing curiga siapapun pemimpinnya.. Contohnya kang Dedi mulyadi jelas tegas gak menggantung masalah.. Dan gak ada urusan sakit hati klo memang bagus.. Kebijakanya, pernyataanya karena yg dipegang itu omonganya.. Klo saya akan dukung siapapun yg penting jelas dan bisa menjelaskan dg jelas",0,1,0
"Matane Rocky gerung wes picek mata sm hatinya, miris hidup lou rocky kok hidup nya jd pecundang politik",0,1,0
Orang.2 yang.bilang.mangkrak.itu.manusa.ga.waras.alias.OTM.alias.sampah.nya.masrakat.ngoceh.serian..ORANG.ODGJ.ALIAS.ORANG.GILA.,0,1,0
"Kami sebagai masyarakat Indonesia, cuma minta agar kepala Garuda di IKN di tegakkan, bukan menunduk seperti desain sekarang",0,1,0
"Kemungkinannya dibilang / diberitakan ""mangkrak"" karna adanya pengalihan sementara anggaran pembangunan / dialihkan sebagian demi kepentingan yg lbh urgent yakni MSB itu jg kepentingan bangsa. Kepedulian RI I saat ini bp Prabowo S & itu salah 1 pemenuhan janji kampanye yg bukan muluk² tp manfaat gede. Kita semua fahamlah hal gizi kita amat buruk. Anggaran th depan akan lbh tertata dg baik. Karna RI I baru 100 hr kerja I, shg blm ada persiapan anggaran khusus.",0,1,0
"Biaya nya d blokir, mungkin mangkrak sementara",0,1,0
"Saya warga Balikpapan, sdh 2x jln2 ke IKN...
Gak ada yg mangkrak di IKN.... semua bekerja utk menjadikan IKN jadi indah.... dan utk jadikan IKN sbg ibukota modern, diperlukan biaya/dana yg tdk sedikit... mudah2an impian jadi terwujud...",1,0,0
"Masyaallah...
Ini baru kota berkelas dunia, perpaduan disain arsitektur modern, tradisional, menyatu dengan alam sekitar. Fantastis! 

Di sini mungkin tidak ada preman-premanan apalagi koruptor. Semua sadar diri masing-masing untuk memberikan pengadian yg terbaik untuk bangsa dan negaranya Indonesia Raya. 

Para pejabat negara apalagi bawahannya, baru beniat korupsi saja mungkin langsung diangkut oleh penjaga nusantara, juru kunci Titik Nol. Dibawa ke hutan dengan 2 alternatif pilihan👉Hukuman mati dipatok ular atau kelaparan😃

Hidup bangsa ku...Jaya negara ku...Indonesia Raya. 
M e r d e k a...! 🖖",1,0,0
Alhamdulillah sampai saat ini saya masih kerja di TOL IKN❤,0,1,0
Fix. Tunggu waktu aja. Di jamin 100% bakal menjadi kota hantu'.,0,1,0
Belum mangkrak tapi nantinya mangkrak bung jng pamer yng ada penghuninya,0,1,0
"Terus, tujukkan kebenaran bos...ben cangkeman bosok....tambah bosok cangkemme....!!!! GAS",0,1,0
"Kalo kata mbah amien rasis sihh katanya mangkrak😂😂, padahal dia aja yg oon",0,1,0
Yg blg pembangunan IKN mangkrak itu pasti pembenci pak Jokowi..,0,1,0
IKN Kota Hantu,0,1,0
19:04 ❤Betul Pembangunan memang terus berlanjut❤suksesfull sehat semangat selalu admin..simbah hadir supot...,0,1,0
Rocky garong bangke smpe hampir percaya w kampret si rocky,0,1,0
Ini kroco 9 naga,0,1,0
"Skrg oke, tapi utk kedepannya pelan2 tapi pasti, jgn terlalu berambisi terburu2 msh byk hal2 yg perlu di tangani oleh Presiden Kita, APBN perlu di Hemat,,,!!!",0,1,0
"Terimakasih mas,berkat sampean aku weruh ikn,salam saking lombok ntb",0,1,0
Indonesiaku,0,1,0
Peen wes aku GK areb,0,1,0
Wkwkwkwkwk ternak mulyono masih tetep gencar wkwkwkwk .....ngimpi makrak yek,0,1,0
"Yg bilang itu gerombolan sakithati, gerombolan PDI P dan gerombolan penyembah yohanies Yaman.😂",0,1,0
Nanti anggarannya pake monetesi youtubemu bang andyseger jika cukup😂😂😂😂,0,1,0
BRENGSEK ITU ROCKET GORUNG .. ASAL NJEPLAK,0,1,0
"Ubur ubur ikan lele, apa kata le",0,1,0
Percuma masyrakat kecil gk bisa menikmati,0,1,0
"Gerombolan Yaman dan kebo makin kepanasan isi kepala nyaa boskuhh😂😂😂 ,,,, semoga mereka masih ada saat IKN selesai di bangun 😂😂😂😂🎉❤",0,1,0
Tuuu Celekno motomu... Yg ngomong IKN mangkrak2.... 😅😅😅😅,0,1,0
"Itu security nya pasti orang Banjar, karna R nya nyangkut😅",0,1,0
"Sebabtu jgn sembang lebih..ni belum apa2 dh sembang.siap perlekehkan negara jiran.akhirnya nol😂😂😂
Koar2 je lebih",0,1,0
alhamdulilah smoga lancar❤,0,1,0
toop❤,0,1,0
Pokonya rayat jadi  sengsara spbn  di ke ikn kan,0,1,0
"Mantap vlog  real menjawab. Para pembenci& barisan sakit hati kayak TOKYO GORONG"" & mantap buat ms tomi biarin... Mrk mkn panasss",1,0,0
"Pejabat mana mungkin mampu itu bayar semalam 35jt,,, palingan mafia dan para koruptor tuh yg mampu",0,1,0
smoga IKN sukses pembangunannya,0,1,0
Shoting rumput2 liar biar klhtn mangkrak,0,1,0
Mana tamu nya 😂😂,0,1,0
"Hanya pendukung Anis aja yang otaknya konslet,, mangkane matanya rabun semua",0,1,0
KETORO LEK WES MUMET KARO PERSEBAYA😂,0,1,0
Itu orang sewaan aja,0,1,0
Tapi siapa yg mau nempatin Rex Gibran juga engga maukan,0,1,0
Karepmu le,0,1,0
"Video yg sangat edukatif hanya saja ini di post 4 hari lalu .dan Baru aja kemarin di berita Mentri keuangan memblokir anggaran dana ke ikn , tinggal tunggu waktu aja itu setelah dananya yg di situ habis ,mungking pembangunan jg berhenti",0,1,0
Jangan percaya tipu2,0,1,0
Manntap,0,1,0
duit duit duit,0,1,0
Pemfitnah kebakaran jenggot,0,1,0
"Apa yang kalian banggakan dari IKN ??
Sudah rusak alam,habiskan APBN trus manfaatnya apa untuk rakyat ??
Bentar lagi hanya tinggal cerita alias mangkrak..
Vlog propaganda seperti ini,iya...bagian dari marketing tim mulyono.
Sudahlah... jangan bodohi publik dengan vlog kampungan gini.
Kalo nanti terbukti mangkrak,bikin malu...",0,1,0
Biasanya Investor pastinya tentu lebih cerdas dari seorang youtuber maupun vloger terbukti tdk ada investor yg mau masuk kecuali investor oligarki lokal sekuat apapun&sekeras apapun promosimu bahkan sejuta buzzer&semacamnya kau kerahkan tetap akan mangkrak,0,1,0
"Alhamdulillah.... Bersyukur kepada Allah swt... Yg Sdh mentakdirkan pak Jokowi menjadi presiden ,, terima kasih pak Jokowi ,, atas ambisix membangun bangsa Indonesia dgn ide yg begitu amat sangat membanggakan... 

Terima kasih pula kepada pak presiden Prabowo Subianto...yg mau melanjutkan cita-cita dn harapan utk kami sebagai rakyat Indonesia...

Semoga Allah swt selalu melindungi semua pejabat yg membangun bangsa ini .. terima kasih pada para ahli2 arsitek ,, terima kasih buat kuli2 yg turut bekerja membangun IKN...",0,1,0
"Alhamdulillah.... Bersyukur kepada Allah swt... Yg Sdh mentakdirkan pak Jokowi menjadi presiden ,, terima kasih pak Jokowi ,, atas ambisix membangun bangsa Indonesia dgn ide yg begitu amat sangat membanggakan... 

Terima kasih pula kepada pak presiden Prabowo Subianto...yg mau melanjutkan cita-cita dn harapan utk kami sebagai rakyat Indonesia...

Semoga Allah swt selalu melindungi semua pejabat yg membangun bangsa ini .. terima kasih pada para ahli2 arsitek ,, terima kasih buat kuli2 yg turut bekerja membangun IKN...",0,1,0
Boong,0,1,0
"Belom mangkrak tp 6:57 Insha Allah akan mangkrak dan menjadi kota hantu 😂😂 kaga ada kehidupan, yg nginep paling juga orang utan 🤣🤣",0,1,0
MULUTNYA ROKY GERUNG. SUNGGUH FITNAH.  PADAHAL  TIDAK MANGKARAK,0,1,0
Waduh sampek IKN Rek ....,0,1,0
Bilang aja di endorse bang 😂😂,0,1,0
"Mantap bang Andi..... gass pol....
Yg bilang IKN Mangkrak hanyalah kelompok makluk yg otak dan hatinya di selimuti iri dan dengki.....
Karena mereka kelompok makluk hidup yang tidak terpakai dan tersisih dari pemerintahan..😂😂😂",0,1,0
35 jt semalemm 😂 buat beli PCX wae Reekkk,0,1,0
Yg ngomong mangkrak itu palingan orang (barisan) sakit hati ☺,0,1,0
Settingan … kampreeet,0,1,0
"ini berita 4 hari lalu, kini ada keputusan baru, anggaran IKN di Blokir oleh Pemerintahan Prabowo, alias menuju Mangkrak..meninggalkan hutang puluhan triliun dan ratusan Miliar bunganya ke China...rakyat yg bayar lewat naiknya pajak2 dan sembako",0,1,0
Bentar lagi mangkrak terus mulyono cs digeledah kpk,0,1,0
"Kalau boleh tanya, siapa yg tinggal disana. Apa istana sdh di tempati? 

Kenapa anda gak tinggal disana?",0,1,0
Dana untuk IKN udah di blokir dan otomatis omongan roki bakal terjadi😅😅😅😅,0,1,0
"Hampir tiap hari lewat ikn, siang malam Masi ada pekerja yg ngerjain pembangunan",0,1,0
"IKN tetap untuk Indonesia maju , tanpa IKN Indonesia tertinggal luur , ayo kita ke IKN  👍👍👍🙏🙏🙏♥️♥️♥️",0,1,0
KOSONG MLOMPONG.... GAK LAKU.... YG DATANG ORANG BAYARAN,0,1,0
35 jt semalam waw,0,1,0
Keren asli bang 👍👍👍,0,1,0
PROYEK  PENIPU RAKYAT......KAYA MOBIL SMK,0,1,0
Keuren abizzz,0,1,0
"Memang yg nyinyir Fikirannya blm Maju Koo... 

Namanya bangun rumah dari pondasi dulu
Ga kira langsung jadi😂
Dan yg sudah Terlanjur menghujat Pendukungnya Banyak
Melihat hasilnya bagus
Mau memuji malu sama pendukungnya
Ya akhirnya meneruskan orasi iebenciannya",0,1,0
"para BUZER  MUALAI  BERAKSI LAGI,,,,,,,!!!!!!",0,1,0
Lebih bagus liat Upin Ipin drpd liat video ini😅,0,1,0
Semoga pembangunan bisa diselesaikan dengan sempurna dan menjadi kebanggaan bangsa Indonesia.,0,1,0
Yang bilang mangkrak kan mbah min barang kali mimpi kali,0,1,0
IKN mantap. Saya dukung 100% IKN maju,0,1,0
"Suepi...
Nunggu dikunjungi jokowi...",0,1,0
Buzzer,0,1,0
"Indonesia tercinta semoga IKN   cepat jadi , berjayalah Indonesiaku Ter cinta",0,1,0
Tebal amplopnya ya 😅😅😅,0,1,0
Ternak Mulyono coba mengklarifikasi IKN yg mangkrak. 😂😂😂,0,1,0
mantaaaapps👍👍👍👍,0,1,0
"Anda juga Bazer bayaran juga rupa nya , Semua pengamat mengatakan bahwa IKN Proyek mangkrak , siapa yg mau tinggal disini",0,1,0
"Saya taruhan ikn akan mangkrak"" Krn g ada infestor.hotelnya utk hantu",0,1,0
Terimakasi kawan.. anda telah mewakili kami yg tida bisa hadir melihat pembangunan IKN... bukti terlihat pembangunan IKN masi terus berjalan...semoga bpk prabowo bisa lebih ambisius untuk menyelesaikan pembangunan IKN...terimakasi kawan atas bukti vidio IKN yg benar ril nyata👍👍👍..,0,1,0
"Nyamar jadi tukang aja , Ko, biar bisa masuk",0,1,0
maju trus iKN,0,1,0
"Yang bilang ngakrak itu yg gk Suka sama bapak jokowi juga prabowo,,,, lanjut pak prabowo saya rakyat kecil selalu dukung",0,1,0
Keren. Arek suroboyo ning ikn,0,1,0
Security nya orang bali kah...,0,1,0
"sebenarnya tidak diberhentikan pembangunannya, atau mangkrak.. tp lebih menjaga marwah IKN, pembangunan dibangun rahasia, karena klau smpai trbuka sebelum diresmikan bakal ada upaya penghambatan bahkan mata mata, yg tahu pihak intelijen, pst ada maksud trtentu dibalik konspirasi diberhentikan... biarkan mentri pupr menyelesaikan tugasnya sampai diresmikan, buat rakyat indonesia trutama anak abah, pliss ayo belajar biar smakin pintar",0,1,0
"Langsung subscribe bar delok potkes login,idolaku poll",0,1,0
"Nanggepin bacotan kaum sakit hati,sama aja kita nanggepin orang gila.",0,1,0
Lhat disekitar proyek di ikn bro,0,1,0
Sy warga negara mau tanya dan jawab maas reporter kayak repoter bola... kpn dipake ikn.... katanya setelah 17 agustusan presiden mau ngantor trus sekarsng ibu  kota kita dimana..... jawaaab ya disini broooo ???,0,1,0
Yang mangkrak itu otak 2 yg gak suka NKRI maju,0,1,0
"Mangkrak sih nggak, tapi bukan prioritas lagi.. AHY sendiri yg bilang kan?",0,1,0
"Hahahaha. ..dibohongin, emang mangkrak, emangnya ada pejabat yg mau kesitu",1,0,0
Tinggal di tinggali prabowo mau gak prabowo,0,1,0
-hhhhhhhhh.,0,1,0
"Utangnya....siapa yang menanggung. 
Ini tempat orang kaya....",0,1,0
Yang bilang mangkrak matane picek .,0,1,0
"Awas ko, cocote wong liyo ancen raiso dipercoyo...terutama buzzeerp anake kebo kro anake abah...ancoorr kabeh 😂",0,1,0
IKN... IKATAN KORUPSI NEGARA,0,1,0
Lucu pak Andi,0,1,0
Yang bilang mangkrak hatinya hitammmmmm penuh kebencian dan terbakar oleh kebenaran orang bail. 😊,0,1,0
Digawa Medang lik,0,1,0
"Harusnya Mama diajak, Ko...😂😂",0,1,0
"Mantap mas ANDy, jos gandos👍🏻. Yg bilang mangrak itu orang yg lagi sakit lo mas andy,  br ngigo. Kita doa in saja yg baru sakit semoga lekas sembuh.",0,1,0
Lanjutkan terus om informasinya biar tidak ada perspektif negatif di tengah masyarakat kita,0,1,0
Manfaat buat rakyat kecil?,0,1,0
"Keren asli, bangga jadi warga negara indonesia",0,1,0
Yg hati busuk tertutup  pasti pusing melihat di youtube   keindahan IKN nampak jls,0,1,0
Semoga lancarrr.... Hahahahaaaa ...,0,1,0
IKN kerennnnn👍,0,1,0
Kelihatan jongis Jokowi kamu dasar ikut  nakan yang kurupsi,0,1,0
kebanyakan ngomong kamu bidru,0,1,0
"Bilang aja mangkrak terbukt crane tower tidak ada yang bergerak. Untuk hotel Swiss mungkin sampai saat jadi korban, yang parkir mobil sebagian milik karyawan aja. Gak papa bagian dari promosi hitel",0,1,0
Ibukota Korupsi Nasional....,0,1,0
Akhirnya mankrak juga 😂😂😂 yes Indonesia,0,1,0
"Calon ibukota org asing,, yg lagi merintis dikit demi sedikit menguasai Ekonomi Indonesia.. Siap2 di jajah ekonomi oleh org asing",0,1,0
Rakyat sengsara pejabat foya foya,0,1,0
Yg bilang mangraakkk itu mulut tae nya rokkeeyyyyy... &  cs nyaaaa... Si mbaahhhh amuuniinnnn,0,1,0
Alhamdulillah mantap bro❤❤❤❤,0,1,0
"Pakai kamera apa nih mass, koq keren ya..",0,1,0
Ko coba MLM hari dong,0,1,0
mangkarak emang blom.. tpi otw mangkrak😁,0,1,0
"Amin rais tua Bangka yang bilang ikn mangkrak.tua udah bau tanah,bertobat kau emang amin rais",0,1,0
"Wah...keren, ternyata di kalimantan ada dunia fantasi seperti di jakarta. Semoga nanti ramai pengunjung, sayang kalau ga laku, uang rakyat buat beli gas, beras, minyak udah di alihkan ke istana boneka dufan.",0,1,0
Dijamin Mangkrak mangkrak😂😂😂😂,0,1,0
Kalau mau kerja di ikn gmna ya cranya?,0,1,0
"Semoga tetep dilanjutken, kita hrs punya simbol negara yg berkarakter indonesia.. Istana yg bukan peninggalan  koloniial... .. 👍",0,1,0
Prabowo presiden pulau jawa bukan presiden indonesia😂,0,1,0
"Kasihan pekerjanya banyak yg blom gajian ada yg sebulan blom gajian ad yg 2 bulan blom gajian
Pribadi q sih ogah klo diajak kerja diIKN",0,1,0
Kepala burungnya ke potong sm siapa ya ko gk keliatan sih 🤭😂😂,0,1,0
"Suweneng aku ndolok kontene iki wong ,omonge uwapik gak kemaki",0,1,0
Top tenan.....,1,0,0
"Padahal kedepannya mereka bakal tinggal di sini, cuman jangan di buat macet lagi ❤",0,1,0
Mudah2an Amin  raiso melihat video ini biar melek matanya dan tidak selalu berbobong dan .menyebar hoak,0,1,0
GG,0,1,0
"Terlalu di paksakan pembangunan,,,sehingga ekonomi hancur",0,1,0
"Bangunan yg serba mewah 
Dengan banyaknya ketimpangan di negeriQ tercinta 😢",0,1,0
"Yah itulah masyarakat rt 14 dan 24, sakitnya di sini di situ dan di mn2. Segala cara dihalalkan tuk menjatuhkan yg 58%, konyol kan",0,1,0
Anggaran besar utk Peliharaan pemerintah.,0,1,0
Duhhh riweuh ya,0,0,1
Legacy mulyono mangkrak,0,1,0
Uwang rayat itu,0,1,0
Itu uwang rayat tau,0,1,0
rokigerung tukang ngadu domba.. ngapain didengeein,0,1,0
Saya kuli nya,0,1,0
Matamu,0,1,0
"Weh org "" Balikpapan kaya"" Yo.. Salam bt mbk ina.. Ak dr jogja mbk.. 🎉",0,1,0
"Saya percaya ikn akan jadi
Mungkin tahun 2035",0,1,0
Keren broooo 🔥🔥🔥,0,1,0
MasyaAllah pemikiran bpk jokowi  sampai sprti it.. Sibhanallah smoga sllu mmberkahi 🤲🤲,0,1,0
Bln juli tetanggaku berangkat ke ikn krn sdh di terima jd pns,0,1,0
Pertanyaannya simpel aja: kapan IKN selesai dan diresmikan jadi ibukota negara sbg pusat Pemerintahan RI ? Ada yg bisa bantu jawabkah?,0,1,0
Buruan pindah Sono.,0,1,0
🎉🎉 bagus dan keren kok,0,1,0
Tenggok kok ketawa sendiri liat hostnya 😅😅😅,0,1,0
😂😂 titik nol.. Channel. Yg bs ikut healing juga mkasih mas,0,1,0
Buzzer penjilat. Jijik liatnya,0,1,0
"Hsl karya Bpk jokowi mmng tdk kaleng"".Hsl karya klompok sebelah juga hebat, tp itu bo'ong.",0,1,0
"Gak mungkin anggaran ikn gak di korupsi,.. pejabat Indonesia gak korupsi itu HARAM",0,1,0
lKN. Buat orng orng yg  bsa betah ajh hahaa,0,1,0
Trimakasih atas pembangunan pak jokowi moga bermamfaat untuk bangsa indonesia.,0,1,0
Ingfo diterima cuyy 😂😂😂,0,1,0
"Bpk Jokowi mndengar ocehan buzer"" klompok sebelah klo IKN mangkrak yo cuma senyum"".",0,1,0
"Memang gak mangkrak, untuk skrg! Tp kedepannya kita udh tau lah ya, dana yg anjlok banget buat pembangunan ikn skrg, cmn tinggal masalah waktu ni kota jd mangkrak dan ditinggalkan!",0,1,0
Group 16% yg mengisukn mangkrak,0,1,0
Bagus banget.....tu kantor2nya la trus tempat tingalnya .blm ada ......,0,1,0
"Proses pemindahan ibukota harus dikebut, keburu jakarta tenggelam 😅😅😅",0,1,0
Jadi kapan pusat pemerintahan akan pindah ke IKN..... sudah nggk sabar nih,0,1,0
INILAH KALIMANTAN ADIL KA' TALINO BACURAMIN KA' SARUGA BASENGAT KA' JUBATA,0,1,0
Saya udah 4x ke IKN Dan terbukti pembangunan berjalan sukses no mangkrak.. Yg mangkrak itu congor ya roky gerung,0,1,0
"Nanti para pesimistis kayak Rocky, Refly, Said jangan boleh kesini ya...boleh tapi buat umpan buaya saja ",0,1,0
"IKN semakin hari semakin keren, anak dan koponakan saat ini sedang bertugas di IKN.",0,1,0
Pembangunan tol juga tetap jalan... Di balikpapan karang joang,0,1,0
"Trimakasih utk chanel ini , kami rakyat tetap berdo'a  agar pembangunan IKN  berjalan lancar dan Indonesia semakin maju ❤",0,1,0
Megah banget ya,0,1,0
Udah biasa influenser d bikin ky gini.coba pengamat yang bner2,0,1,0
Ikn akan di ganti tugu bambu😂😂,0,1,0
Saya masarakat balikpapan klu bikin vlog yg benar,0,1,0
"Tidak masuk akal Garuda hitam karena panas, padahal di chat itu😂😂",0,1,0
Moga lah jangan mangkrak.ksrna.ikn.bukan.milik.presiden.tapu.milik.ra.yat,0,1,0
Mantap langsung beraksi dgn membayar influencer wkwkwkw,0,1,0
Trus klo pegawai pada kerja disana yang golonga rendah kasian ya ngontrak rumah mahal gimana tu,0,1,0
Alhamdulillah...saya pikir selama ini berita yang beredar beneran IKN mangkrak..teryata tidak..suka sekali sama vidio dan cara penyampaiannya..simple mudah di mengerti dan gak mbulet ti...😊😊😊,0,1,0
"Nggo opo mas, rakyat isih akeh sing kere... kowe ki sopo, kok semangat bgt promosi IkN... ben ketok patriotik po piye?.... rakyat ra butuh gedung2 kang? Butuh subsidi  kang..",0,1,0
Roxi gorong kamu dulu pernah kuliah dimana sih  coba jelaskan aku tunggu kabarmu okey,0,1,0
"Walau sebel banget, tanggung jawab jokowi buat nerusin",0,1,0
Gibran suruh tinggal dulu di ikn😂😂😂beri contoh yg baik,0,1,0
"Pengusahanya malu, jadi diterusin...",0,1,0
Setiap pembanguanan atau proyek selalu ada biangnya sampah .. karena dia tidak suka jika indonesia berkembang,0,1,0
Dongol lo bang.. ikn itu ibukota...bukan cuma istana negara doang... dinegara lain umumnya ibukota itu sekumpulan rakyat yg sudah padat dan infrastruktur telah mulai memadai dengan nilai ekonomis...sudah sanggup dan pantas menjadi ibukota baru....bukan nya kebon 2 jt hektar lo jadiin plan skep....dongo berjamaah....mending surabaya jadi ibukota menurut gw.kalo mau begitu duit sendiri tuh boleh lah tanpa pinjaman.mirip kota baru landskep abudhabi itu duitnya gak berseri...orang gak punya ijazah lo ikutin...dongo bareng dah😂😂😂,0,1,0
taek,0,1,0
taek,0,1,0
"saya tinggal di Kalimantan Barat. Satu pulau dengan IKN, belum pernah ke sana. Semoga bisa ke IKN",0,1,0
info loker IKN..,0,1,0
Utang byk gk d pakai😂,0,1,0
Gak liat tukang cilok ya....,0,1,0
Nusantara kembali jaya.....❤,0,1,0
"Pendung anis sama pndukung ganjar ttp beropini mangkrak...
Hati nya soalnya bosok😂",0,1,0
"Pik 3 gagal, skrg ikn jadi sarang aseng 🤣🤣",0,1,0
"IKN sudah mangkrak itu sudah Jelas,dan IKN bukan prioritas pak prabowo lagi jadi Dana ApbN sudah tidak ada semoga jadi tempat penginapan Artis dan Bazer Molyono,ok gas ok gas",1,0,0
"Bagus hebat, tapi lebih sengsara saudara"" kita dibanten yang berjuang mempertahankan wilayahnya.",0,1,0
Kayaknya cuaca di IKN panas banget ya.  Awas meleleh Bro...,0,1,0
Itu yg bilang mangkrak para pecundang,0,1,0
Ini keren bagi yg ber duwit. Buat rakyat kecil tk terpikirkan.,0,1,0
Asn itu asisten negara kah,0,1,0
Proyek non produktif yg menghamburkan APBN. Sudah kepalang bahas ya tetap dibangun tapi diisi oleh para ternak Mulyono.,0,1,0
Hebatnya ibukota Nusantara ya.....,0,1,0
Bagus bang kontenya...mampir ke pagar laut...,0,1,0
"IKN....PROYEK MENIPU RAKYAT. DARI AWAL MUKIBUL SDH MENCLA BIN MENCLE.
MERUSAK ALAM DAN HABITATNYA.SEMOGA ALAM JUGA YG AKAN MENGHUKUMNYA🤲🤲🤲🤲🤲",0,1,0
Siapa yg nginep semalem 35 juta...GK cukup gaji ASN eselon 3,0,1,0
Banyak jutaan rakyat miskin ..susah cari gas jatah satu galon melon...,0,1,0
Kalimantan maju tauu😂😂❤,0,1,0
"Yang ada orangnya aja didatangi, cm 1 atau 2 tempat...😂😂😂😂 Lebih rame kampungku",0,1,0
Masih blm byr hutang atau SDH byr?,0,1,0
Mantaap ikn tetap didepan,0,1,0
"Masih bnyak hutan...mana rmh penduduk, jauh ya.....jd ibukota terpencil",0,1,0
omon-omon...,0,1,0
"Harusnya, patung Garuda nya di bikin kyak asli, mungkin akan terlihat lebih keren & gagah...",0,1,0
Penasaran dgn bayaran influencer ini😂,0,1,0
Ya skrang masih sisa kontrak era mulyono ..lihat saja nanti mbgkrak garuda l😮esuh cok  beban hutangv7000 triliyun  sangat berat bebanx garudax lemah gk sanggup,0,1,0
Biasa aja geh jangan nyolot gitu ngomongnya... Goblog,0,1,0
Pak Prabowo SDH menunjuk Pak Basuki sbg Kepala Otoritas  Pembangunan IKN. itu artinya pak Prabowo ingin pbangunan IKN ingin dipercepat.....,0,1,0
Saya orang IKN malah GK pernah kesana....,0,1,0
"Woww... luar biasa, bagus buangt indonesiaku , , hey liat ini bpk bpk pembenci jokowi, liat ini , udh ga usah kowar koaar lg yaa",0,1,0
"Salah satu influencer yg gak tau apa2, yg penting duit.

Karna media dan para aktivis pendidikan, dosen dll kurang mempromosikan prestasi mulyono, MAKA NYA MULYONO MELAKUKAN CARA PROMOSI DENGAN CARA MEREKRUT INFLUENCER UNTUK MEMBANTU NYA..🤓🤓",0,1,0
Saya dr jawa timur bangga dngan ikn..🥰,0,1,0
Semangat semoga pada lancar semua,0,1,0
ikan akan ramai kalau anak punk sudah datang 😂,0,1,0
"Tidak ada yg bilang IKN mangkrak mas Andy......awas hati"" mas Andy takut terpleset 😂😂😂😂❤❤❤",0,1,0
hoax,0,1,0
Tp sekarang kan anggaran pembangunan IKN itu di blokir skrg 🤣🤣,0,1,0
"Anak saya masih d ikn ,masih membangun",0,1,0
Mana Indomaret dan alfamart?,0,1,0
Pekerja ny ke gabut yah😂,0,1,0
Sayang kalau GK diterusin  ....?!!,0,1,0
Luar biasa❤❤❤,0,1,0
Yg bilang mangkrak yg 16 itulah😅,0,1,0
jgn² berita yg katanya tidak ada investor itu hoax juga??,0,1,0
Sepi banget blm dihuni kaum 58%,0,1,0
"""WELCOME TO GOTHAM CITY""",1,0,0
"Pencitraan,.
Biar kasus jual kapling di laut, kasus 271T, Sambo , dll .. pada keslimur.. aku tetep pakai logika Klo mau nilai, toh sekarang bangun ikn pajak apa2 makin naik",0,1,0
Kapan presiden pindah ke cikarang,0,1,0
Ternak mulyono 😂😂😂😂,0,1,0
"Bangga dengan hasil karya Putr, putri bangsa Indonesia. Terimakasih canel edukasinya. 🙏👍💪",0,1,0
Buzer dpt uang😢😢,0,1,0
Pak Prabowo..jangan Jd proyek mangkrak yah...,0,1,0
"Maksudnya apa sech ini....🤔
IKN tempat wisata.... membahas IKN kok bahas hotel..... yg beneran aja......😃😄😁😁😆😆",0,1,0
"Keren.,",0,1,0
Loe dibayar gede ya 😅,0,1,0
Yg mangkrak candi hambalang 😂,0,1,0
Sng ngomong mangkrak alumni FPI HTI...trs ank buahe anis😂...pembenci Jokowi.,0,1,0
ANGGARAN SUDAH DIBLOKIR PAK,0,1,0
The next Dubai las Vegas IKN Yo gesssss🎉🎉🎉🎉🎉🎉,0,1,0
Klau GK salah yg punya konten ini emaknya yg masuk Islam ya...,0,1,0
Sudah liat statement dari Menteri PU belum?? Jangan bodohi publik terus...😂😅,0,1,0
Bodo amat,0,1,0
IKN lebih cocok jadi tempat wisata kayaknya,0,1,0
Orang awam cuma taunya keren tp tidak tau anggarannya kyaapa,0,1,0
"Intinya hanya orang busuk yg gak suka sama perkembangan kaltim , aq 7 tahun di kaltim lebih tepatnya di balikapapn   dan orang2 balikpapn juga menunggu perkembangan provinsinya ,transport yg mudah apalagi , aq kalau punya rejeky nanti aq pengen beli rumah di dekat IKN aq pengen jadi saksi perkembangan dan bagian dr sejarah peradaban baru di IKN kaltim",0,1,0
"Dari segi alam di jawa belakangan ini, saya juga pengen ikut pindah keluar Jawa 😁😁😁",0,1,0
Anak kebo sama anak onta pasti keluar sakit hatinya melihat ini,0,1,0
"Buat konten kok kayak orang iri hati, yg biasa saja mas, cara berbicaranya itu juga yg biasa saja tdk usahlah kayak begitu... Kita semua itu satu bangsa yg bersaudara.",0,1,0
Jadi Sarang Hantu,0,1,0
Warganya g ada,0,1,0
Saya juga sudah naik nobil esemka loo,0,1,0
Hotelnya untukorang cina,0,1,0
"Yg kerja ,kerja punya ohong",0,1,0
"Kalau memang mangkrak itu tanggung jawab pemerintah sekarang sebagai pelaksana Unadang-undang, rocky dungu tahu nggak sih ikn sudah ditetapkan dpr  jadi undang-undang. Jokowi udah tuntas tugasnya karena udah bukan presiden lagi. Rock rock, prof koq dungu",0,1,0
"Orang kamu cino suroboyo antek oligarki yg jelas kamu di bayar mulyono,",0,1,0
Kalau bagus juga gak ada pengunjung percuma....,0,1,0
"Ya jelas cina2 uda buka bisnis hotel duluan dia yg punya duit hotel punya siapa punya infestor,munkin juga usaha mulyono,",0,1,0
Miris bgt lhtnya ibu kota ko sepiiii..😢😢,0,1,0
Ada kelelawar raksasa...😂,0,1,0
Wow kirain konten apa nggak taunya .....,0,1,0
"Wkwkwk orang udh ada statement dr Mentri tentang IKN,kasian kasian sekelas Roky Gerung yg bnyak di aduukan ke polisi tp gak kebukti walaupun dia gak ada bekingan ,gak mngkin dia hoak saat di acara ILC terbaru",0,1,0
Pindao Rono cek lueh akrab ambek Mulyono awakmu,0,1,0
"Gak usah maksa mas klo negara dalam keadaan sekarat, membangun yang tidak ada manfa'atnya, membbuat rakyat makin melarat...",0,1,0
"Gini...yg di maksut mangkrak itu bukan skrn tp kedepan tepatnya angaran kedepan nya...
Klau ini berjln ya Krn anggaran yg kmrn masih ada jadi harus ttp jln..klau ini pandangan sy.",0,1,0
"Betul betul karya anak bangsa asli, brp ribu tng krj yg diserab utk bkrj di IKN ini, yg pembenci trs lah benci biarkan proyek Ikn berjln trs sampai selesai",0,1,0
Keren keren kk,0,1,0
"Ancene arek Suroboyo ngeten 👍 tenan. Terimakasih Mas Andi infonya, semoga pak Prabowo tidak ingkar pada IKN cepat kembali' ke track semula Pak Presiden buat percepatan Pembangunan IKN.
Insyaallah bapak akan diukir dengan tinta emas dalam sejarah bangsa Indonesia kelak karena mewujudkan IKN sebagai kebanggaan bangsa dan negara Indonesia di masa mendatang.",0,1,0
"Mantap, semoga pembangunan IKN segera selesai dan bisa difungsikan sebagaimana mestinya untuk Indonesia yang lebih maju",0,1,0
Lihat saja endingnya nanti. Duitnya saja gak gableg.,0,1,0
Satu kata buat IKN... keren...❤,0,1,0
Ikn ituuu hutang jln ancorrrr gajih para buruh kuli bangunan gk terbayarrr 😂😂 itu proyek2 gagallllll . Cmn orang2 jualan konten yg bilang baik😂😂😂,0,1,0
"Yowiis,,,, gek sat set mrono...!!! Jakarta wis semumpel ...",0,1,0
Jamin 5 sampek 10 thj nda berani pindah ibukota... iki pikiran isi ndasku cak.....  garuda hitam sehitam masa depan IKN😂😂😂😂,0,1,0
Prèttt gak percaya...anggarannya saja diblokir 😅,0,1,0
Aku pingin nginep kono cak...luarang pora yo tarip e 😅,0,1,0
"Daripada ngehujat trs mending berdo'a biar pembngnn berjln lancar ,semua sudah terjadi.ada jln rejeki yg tidk terduga toh jg Allah maha kaya dn kuasa.",0,1,0
"Alhamdulillah karya anak bangsa, terimakasih pak Jokowi ❤❤❤dan PK Prabowo rakyat Indonesia mencintaimu❤❤❤",0,1,0
Kita lihat aja kedepanya mangkrak apa jalan....mikirin ikn rakyat lapar,0,1,0
Ada kolam cebong ga di IKN?,0,1,0
"Tanya dong ama yg jalanin proyek, dah dibayar blom kwkwwk",0,1,0
Waw cantiiiik,0,1,0
Dibayar brp bro sama kroco2 nya Joko 🤣,0,1,0
"Makasih kak, kita yg blm pernah kesana, jadi tahu perkembangan IKN. Emang mulutnya pembenci gak ada yg bener. Kalo nggak suka, ya diem aja, nggak usah hoax.",0,1,0
Tinggi tiang bendera 79 CM😂,0,1,0
"Cak, mama Elly kok gak diajak?",0,1,0
Next ikn sore sampai malam hari dong bang sapa tau lebih seru,0,1,0
Madura hadir.,0,1,0
IKN hanya akan mangkarak jika presiden nya anis baswedan atau ganjar.cba ko andi kolab sama youtuber ikn pasti bisa masuk smpe istana garuda,0,1,0
"Biasa ko..pembenci itu sedikit tapi Berisik..🤣 Rocky,Refly DKK nya satu kolam suruh maen2 ke IKN lah jangan cuma nyinyir di Medsos saja 😂 kalau cuma omon2 doang mah anak kecil juga bisa,skrng itu Action yg dibutuhkan..😆",0,1,0
Pasti makrak proyek IKN ini. Tdk ada para pejabat yg mau. 🤦🤦🤦,0,1,0
Kita tonton aj bakal mangkrak ap ga di lanjutin jdi tempat suting uji nyali,0,1,0
54 triliyyun😮😢,0,1,0
Rakyat msh byk yg nggak mkn ..koq bangun ikn ini proyek ambisius mulyono🤬,0,1,0
Tak nunggu aja endingnya.... Kuanggap ini drama IKN... 😅,0,1,0
"Uangnya mandek noh, di stop mentri keuangan 😂",0,1,0
iki seumpama ko andy  d endors kecap bango pie😅,0,1,0
Waaaaaaw kereeeen fuuul,0,1,0
"pengalaman pait kerja di ikn. ngikut pt adhi karya di tinggal kabur mandor,,gk kebayar kerja 1 minggu...banyak mandor bajingan di snih!!!",0,1,0
Dbyr berapa ngontenin ikn 😆😆😆,0,1,0
"Kalo ada tukang sama security tapi cuma nongkrong doang ga ngapa²in bisa ga ya? apalagi gaji tetep lancar luncur biar keliatan ada kerjaa gituu, bisa jadi dong yaa?? ya kaaann??",0,1,0
Saya sih pribadi setuju saja yg penting sesuai janji mulyono ga pakai apbn 20% saja😂😂entar  kaya kecebongnya yg membengkak 18 T ga sesuai rencaana semula😂😂,0,1,0
Tapi dari mana uangnya untuk  melanjutkan pembangunan IKN mas Broo,0,1,0
35jt satu malam.  lah aku 35jt sebulan,0,1,0
😅😅 orng dananya sudah di setop dan bbrp menterinya sudah ngmng klo tdk fokus. Bangunan di selesaikan tapi tdk ada pembangunan baru,0,1,0
Trimakasih mas atas infonya,0,1,0
keren,0,1,0
AREK JAWA TIMUR YO CAK,0,1,0
"Jangan biarkan mangkrak , lanjutkan itu kan pembangunan biayanya bukan sedikit,  lanjutkan !!!!!""",0,1,0
Ayo IKN jadikan wisata tuur sekolahan biyar   generasi kita tau ibukota baru,0,1,0
Ternak bazitol lagi menghibur diri ✔,0,1,0
Yang bilang mangkrak karena tdk diberi posisi . ❤,0,1,0
Ya disitu  coba lihat di blakang disamping nasi hutan kayu kertas  aku yg kerja di perusahaan kayu kertas ikn,0,1,0
Lama lama ikn juga keren.,0,1,0
Yang kiri itu gang Dolly,0,1,0
❤❤❤❤❤ salut dan bangga ❤❤❤❤❤semoga nanti pepohonan/vegetasinya pun sesuai dengan kebutuhan terhadap😊 iklim kalimantan 🙏,0,1,0
"Namanya juga bazer ya memuja majikannya lah....kalau ikn jadi trus g dipakai bukannya cuma buang"" uang rakyat?",0,1,0
"Otomatis subscribe, like dan komen.. Konten positif",0,1,0
"APBN defisit ya gara-gara biayain pembangunan IKN, sekarang yg menderita rakyatnya, pajak naik terus untuk menutupi defisit APBN, pejabat yg menikmati fasilitasnya.",0,1,0
Jilat,0,1,0
Laut di sertifikat ke depannya udara di kapling di beri sertifikat.... 😂,0,1,0
Oo ini yg di tuker sama yg di pager2 itu?,0,1,0
Sangat Betul pembangunan ikn msh berlanjut utk menghabiskan dana yg sdh tersalurkan dan berikutmya Saya Yakin akan Stop pembangunannya .,0,1,0
"Orang jawa adalah pemimpin, Salam dari Orang sunda Bang🇲🇨🫶☝️love Orang jawa☝️",0,1,0
Medoke koh tp matur suwun informasinya selama di IKN 😁,0,1,0
Mantap Indonesia ku semoga lancar ikn nusantara,0,1,0
"ada om,adik sya bekerja di IKN disitu🎉🎉",0,1,0
ikn tdk mangkrak tapi akan jd sarang dedemit bagi sahabatnya mulyono dan ternaknya,0,1,0
"Udah gak ada INVESTOR tambah diblokir pula anggaranya. Kalo liat cuma dari luar ya gitu, BUZZER mulyono memang selalu KOCAK🤣.  https://www.youtube.com/watch?v=Iz-MYz5auSw",0,1,0
Rocky Gerung buta mata hatinya,0,1,0
"Anggaran sudah di blokir, ya itu udah finish, pertanyaanya kpn pindah..  sy sependapat dgn RG dahulukan kepentingan RAkyat .",0,1,0
😂😂,0,1,0
Inilah indonesia sejati namun matanya said didu gak bisa melihat,0,1,0
Norak,0,1,0
Banyak buzzer2 mulyono 🤣🤣,0,1,0
Mangkrak itu soal waktu. Yang  paling fakta adalah Tanpa Penghuni sampai kapanpun. Itu cikal bakal mangkrak nya.,0,1,0
Sepertinya calon mangkrak bang soalnya ASN ny blm ada..,0,1,0
P3k di buang aja di ikn semua,0,1,0
Luar biasa keren sekali pembangunan tetao berjalan demi terwujud Ibukota Nusantara harapan semua orang... Tidak tertumpuk di jakarta namun terpusat di kalimantan. ❤,0,1,0
"Pentingnya belajar politik akal sehat yaa😅  para pekerja dan kontruksi bnyak yang tidak dibayar😂

Salam akal sehat😊",0,1,0
Cak opo o wong chindo omongane mesti campuran indonesia x jawa. Terutama chindo suroboyo✌️🙏,0,1,0
"Terimakasih vidionya, menyemangati, maju terus bangsaku, Indonesia Raya.",0,1,0
Ya udah buruan di tempatin mubazir😂,0,1,0
Ibu kota jakarta aja belum lihat ko sekarang pindah....haduhhhh..kpn aq bsa ksitu yy..,0,1,0
"Membangun surga untuk para petinggi para pejabat, kita rakyat semakin dikenai PPN tanpa menikmati apa2 hanya penonton, mantab indonesia",0,1,0
Semoga segera jadi IKN,0,1,0
Salawe Nagara salaka Nagara Nusantara jaya indonesia,0,1,0
Koh endi mama eli kangen mama elii kohh,0,1,0
😂😂😂😂😂 rrrrrrrrr,0,1,0
Sy nonton sampe abis😂,0,1,0
Kok sepi..,0,1,0
Video dibuat seolah olah benar padahal sdah diatur dan terlihat meyakinkan untuk menghindari pembulian,0,1,0
Trus manfaatnya untuk rakyat apa..? Untuk siapa..?,0,1,0
Ngomong y ngapak jawiir,0,1,0
Investor lg kunjunga😂,0,1,0
Hadir Koko 😂,0,1,0
makan lu ikn,0,1,0
apa yg di banggakan?? nasib rakyat yg prioritas jakarta lbh dari segalanya buat seluruh rakyat nkri,0,1,0
itu seriusan securitynya IKN mau nganterin youtuber? 😮,0,1,0
Kalau begitu ...lekaslah pak Prabowo dan wakilnya ngantor di IKN ...,0,1,0
"Yang bilang mangkrak itu ,orang yang gak pernah ke IKN ,bisanya cuma nyocot saja",0,1,0
Degerin kok mulut Rocky Gerung 😂😂😂😂😂 mulut nya Rocky Gerung bau tai 😂😂😂😂 bisanya kan nyiyir yg percaya Rocky Gerung pasti mulutnya sma😂😂😂,0,1,0
"ini lh hasilnya jika pembangunan tanpa perencana yg kurang matang grusa grusu di awal SJ yg baik di di akhir menyedihkan mn habis uang banyak lagi2 yg di rugikan masyarakat, itu bodohnya pemimpin di jamannya tanpa berfikir jfuuuuuh ke depan,",0,1,0
Makasih udah review IKNnya. Ini proyek memang ambisius tp sangat mewakili bahwa indonesia tdk hanya jakarta dan skitarnya 😊 sangat potensial buat dikembangkan.,0,1,0
Arsiteknya siapa ya?,0,1,0
Nggarai pengen ae Ko😢,0,1,0
"Mungkin ikn itu akan selesai di bangun tapi setelah selesai di tidak ada orang yang mau tinggal di sana apalagi investor tidak ada mau, hanya kebohongan jokibul saja yg katanya ratusan investor sudah ada, biasa si tukang bohong itu pernah mengatakan ada 11ribu triliun di kantongnya dan esemka sudah  inden 6000 unit, lalu apa yang mau di percaya dari orang ini yg karakter pembohong nya sudah mendara daging di keluarga nya.. 🤪🤪🤪😡😡😡",0,1,0
oh konten kacamata hitam nasibmu,0,1,0
Trs posisi hr ini gmn . Ada tamu gk ? Trs udh bc gk anggaran ikn hr ini statusnya gmn.,0,1,0
Pada libur pekerjanya ya kok sepi benner area proyeknya,0,1,0
Paling barisan sakit jiwa yg menyatakan IKN mangkrak....kalau jiwa nya nggak sakit pasti mendukung setiap pembangunan yg bernilai positif bagi bangsa & negara ini.....INDONESIA JAYA,0,1,0
Mangkrak,0,1,0
"Yang bilang mangkrak, mungkin mereka pemuja bumi datar 😂😂😂",0,1,0
"Yoi. Gak mungkinlah proyek sebagus itu bisa mangkrak. Para investor dari luar saja pada ngantri pengen berinvestasi di itu proyek, sampai pemerintah kualahan buat seleksi. Bahkan ASN saja dari Juli tahun lalu pengen banget pindah ke IKN, sampai dtunda Agustus, Oktober, sampai februari 2025 masih gak diizinkan pindah dari Jakarta yang macet dan sebentar lagi mau tenggelam",0,1,0
"Segala sesuatu yg dipaksakan.. Pastinya ada pengorbanan... Sebaiknya terima aja pengorbanan nya.. 
Yg pasti sepi.. Butuh waktu.. Ga ada yg mau ke sana... Kembalikan keperluan rakyat uang yg untuk membangun IkN... Terlalu dipaksa kan am syong.. Lama gaesss😢",0,1,0
"Blm Om,, yg mau tinggal disitu cuman orang orang penjajah aja itu,, yg banyak hanya Penampakan,, sedangkan pns, rakyat pada ogah tinggal disitu,krn negara masih banyak utang,, liat aja nanti",0,1,0
"Itu baru ibukota. Negara,kerennn❤❤❤❤❤❤",0,1,0
Markas tentara dan polisi dimana mas ?,0,1,0
Nnti klau ada waktu otw lah jalan2 ke ikn👍👍,0,1,0
"Semoga IKN tidak seperti mobil Esemka 
Esemka hanya ngomong doank",0,1,0
"Hayo luweh apik tetap ning jakarta, ibu kota nya tetap DKI❤🎉",0,1,0
Sejak kapan wong Suroboyo dadi penjilat bro,0,1,0
"Secepatnyaa para pejabat asn sampai presiden Tinggal di Ikn,Dan 20 persen dari 58 persen ..silahkan tinggal  ke Ikn untuk meramaikan,,supaya 2 taun seperti jakartaa,,,",0,1,0
R nya betagarrr😂,0,1,0
"Manttaaap inilah cara membungkam mulut orang2 Penyinyir ngomong tanpa data , agar mereka tahu bahwa beda kenyataan dgn apa yang mereka nyinyirkan, tidak ikhlas Indonesia jadi Bangsa maju. Bravo NKRI  👏👏👏❤🇮🇩❤",0,1,0
"Haters iku ndak paham apa beda mangkrak & efisiensi anggaran. Pokok kalo denger dana ikn diblokir suenenge minta ampun, pdhl berharap proyek mangkrak itu sama dgn menghancurkan rakyat, sbb uang yg dipakai ya uang rakyat. 

Jadi haters mbok ya jangan dongok², benci (legacy) jokowi boleh tapi jgn berlebihan. Nek cinta yo ndak usah lebay.",0,1,0
"Wihhh bahasane mantap ketok nek wong jatim, suroboyo yo cak",0,1,0
Yg bilang mangkrak hanya org2 yg iri sama presiden kita,0,1,0
"tag anggota dewan yg nyiyir bgitu ikut kunjungan lngsung selvie"" 😂",0,1,0
"Saran, anggaran di udit dlu bru progres di lnjutkan !?",0,1,0
kerennnnnn 👍👍👍👍👍,0,1,0
Dana ikn d blokir lur.....bnyk yg lebih2 urgent drpd ikn....jng mimpi ketinggian lur......mangkrak pst,0,1,0
G mangkrak tp gjiane angel.... ruwet mbulet... karepe kon kerjo teros ra gelem  gaji,0,1,0
Mangkrak ikn.. .. Ngabisin ngabisin  duit negara mulu...masih terus gerogotin duit negara...masih ngisep duit negara terus...kini prabowo saja sudah blokir anggaran untuk ikn..,0,1,0
P.jokowi yg mampu.biar pembencinya ngenes.sehat sllu p.jokowi,0,1,0
Semua orang disapa wkwkw 😭,0,1,0
"Berterimakasihlah pada pengkritik karena secara tidak langsung menolong, karena yg pasti pembangunannya gak sesuai target. Dan framingnya mangkrak faktanya ada yg kerja lumyan nolongkan.",0,1,0
Di setiap proyek besar pasti ada korupsi yg tersembunyi😅😅😅,0,1,0
IKN CUMA BISA D NIKMATI PARA PEJABAT DAN ORANG KAYA,0,1,0
"Seharusnya membangun ibu kota tidak sampai merugikan negara, apalagi ngutang ngalor ngidul ngetan ngulon sampai korporasi. Ibu kota adalah martabat bangsa",0,1,0
"China VS Amerika:
https://youtu.be/Hc05iYUxLZE?si=UmqjhDqpJaCr0BiQ",0,1,0
Ngecap kamu lah ya mangkrak ngabisin dana nti apa,0,1,0
"Mereka yang gak dukung IKN pasti odgj , aneh aja masa negara sendiri mau maju gak boleh",0,1,0
"Dari Surabaya tidak ajak saya bang saya juga pingin jalan ke ikn ,😂",0,1,0
"Tidak mangkrak tapi hanya melambat , makin lambat , sangat lambat , mati suri , dan akhirnya yaaa kepakai atau tidak lihat saja nanti , NYATANYA RENCANA KEPINDAHAN ASN DI UNDUR UNDUR , yaaa kayak pembangunannya .",0,1,0
ternak Mulyono,0,1,0
"Itu kan  orang yang tidak senang sama Jokowi sajah jadi jatuh kan ikn ,mangkrak ,itu orang yang selalu ingin jatuh kan persiden BPK Jokowi dan persiden bapak Prabowo ,lebih baik di selidiki yang buat resah itu di penjarah kan sajah biar tidak buat gaduh gitu ,",0,1,0
Luh orang mana bro,0,1,0
35jt Se-minggu siap boking boskuhhh🎉🎉🎉🎉😂😂😂😂😂😂😂,0,1,0
Usul saya sebaiknya di ikan di adakan majlis maulid nabi dan hataman alquran biar bercahaya lahir dan batin. Insya Alloh.. Itu cuman saran saya kalau di Terima syukur gak di terimabjuga gpp,0,1,0
"Bosen gw ke IKN..3 setengah bulan gw kerja di IKN ikut Nindiya karya, nurseri gw jd halper wt. Area kerja gw di beranda dan tower. Area bendera, rumah bambu, sayap dan tower jalan arah sayap.
Kalau di bilang mangkrak kayaknya gak mungkin. Soalnya beberapa rumah sakit udah diresmikan dan traning center timnas udah hampir jadi. Rumah mentri juga hampir jadi. Kampung kecil juga udah bediri tower-towernya..beberapa udah dalan tahap finising.
Mangkrak..mungkin yang bilang itu kurang jalan-jalan.",0,1,0
"SING NGOMONG IKN MANGKRAK ASLINE MOTO SAK ATINE SING MANGKRAK SOALE GAK DI GAWE NDELOK KARO NGRUNGOKNO KO. 
OPO GAK DUWE KUOTA GAWE NDELOK YOUTUBE
😂😂😂😂
MANTAP KO LANJUUUTTT 👍👍👍",0,1,0
"Lanjut bro biar para pemuja abah imigran yaman melek matanya, kaum pemuja abah yang bisanya nyinyir maklum mereka merasa cerdas... Merasa cerdas aslinya bego",0,1,0
Lambang burung garuda kelihtn nya lesu kedinginan,0,1,0
adooohhhj  buzer receh mulai jilat kebohongan ktahuan klo klas bungkusan saya orang Kaltim bos bukan tukang kibul kaya kalian,0,1,0
Gak mangkrak tp hampir mangkrak..,0,1,0
Saya sebagai rakyat kecil yg untuk makan dan biaya pendidikan anak2  saya untuk esok atau lusa aja sangat kesulitan..tapi saya bangga dng pemimpin sebelum era bpk prabowo untuk bisa mewujudkan impian bangasa yg besar ini  melalui program proyek2 nya dari sabang sampai merauke..doa keluarga saya  untuk p de jokowi sekeluaraga selalu di beri kesehatan kekuatan dan ketabahan.,0,1,0
ntuk diskon nginep ga Cak ??😂,0,1,0
Terahir jadi candi mangkrak,0,1,0
"DANANYA DIBLOKIR BU MENTRI JD BELUM ADA PROGRES... TUNGGU AJA. TAPI ADA KABAR YG KURANG ENAK, BANYAK PEKERJA YG BLM DIBAYARKAN UPAHNYA....",0,1,0
Muantep,0,1,0
Tolong mas Mbah Amin Ra is besuk di ajak ke IKN mas jangan lupa ya mas biar nginep di IKN satu Minggu aja ya mas.,0,1,0
Tahun ini anggaran pembangunan IKN di blokir oleh Menkeu😊,0,1,0
matap info nya mas. sy org kaltara yg dulunya jg kaltim mala blm perna ke IKN sgt kepingin liat IKN. semoga sehat semua,0,1,0
Kok gak onok wong dodol soto 😂,0,1,0
"Keadaan sekarang tergantung pak prabowo,  masih membiarkan penghasut masih merajalela, pasti api dalam sekam akan menghabiskan sekam itu sampai ludes, dengan kata ain indonesia ini akan hancur, percayalah,",0,1,0
"intinya bnyk pro kontra dlm pembangunan ikn di era pak Jokowi. kemudian yg kontra smakin menyala² dlm membangun opini buruk ttg ikn dg tujuan tertentu. yaps... semangat.. ikn is ok, aq sweenng konten iki",1,0,0
Kudu onok soto e iki,0,1,0
Belum mangkrak..tapi sudah bukan proyek prioritas prabowo,0,1,0
"Buang aja Rocky Gerung itu kelaut.
omongannya penuh kebencian ikn loh gak mangkrak..berpendidikan tapi seperti orang GK punya otak.",0,1,0
Ndek IKN enek sing adol soto ta ko...?,0,1,0
Terimakasih bapak Jokowi dan pak Prabowo,0,1,0
Gak mangkarak tapi sepiiiii😂😂😂,0,1,0
Yang bilang mangkrak pengikut Roki garung sama Mbah rakis  biarkan saja itu ludah Racun,0,1,0
Yg benci IKN orang kurang kerjaan😂,0,1,0
inti’nya dia ini pendukung muly0n0 jadi jangan percaya sama bocah ini..,0,1,0
Dibanagun megah2 pun ga ada yg mau make. DPR pun ga mau pindah kesono😂😂😂😂😂,0,1,0
Kantorl puprl sebelah kirli ini seperlti burlung kata seorang satpam😂,0,1,0
IKN tetap berjalan proses pembangunan hanya tidak di publikasikan,0,1,0
Baru tahap 1 dari 4 tahap target 20 tahun,0,1,0
Ada apa dengan kecap manis mas??😂,0,1,0
Langsung tinggal dan domisili saja,0,1,0
Duit boleng ngutang aja bangga bangett cot,0,1,0
"Ibukota Negara ini ? maux itu lbih bagus dari Jkrta, atau minimal beda2 tipislah, jgn kesanx yg dikandung berceceran yg dikejar tiada dapat sebab membangun itu dri nol smpai kapan kelarx, artix IKN itu siap pakai ? 😂",0,1,0
"Supaya cepet rame, sepertinya lowongan kerja harus cepet ada, sarat sebuah kota haus banyak lowongan kerja. Dan otomatis orang dari kampung bakal merantau",0,1,0
"itu mah komennya anak abah yg otaknya udah jadi tai,,,",0,1,0
"WALAU RAKYAT MELARAT, IKN LANJUT TERUUS, BIAR RAKYAT MISKIN YANG PENTING GAYA",0,1,0
"Itu bukan Kemenkes, tapi Rumah Sakit Vertikal",0,1,0
Mereka sakit hati mase😂😂 wes jarno ae rep dituduh buser bunder seser wes sing waras ngalah..mereka kan kaum gendeng nggak mau menerima kenyataan,0,1,0
Mana mungkin ibu kota bisa pindah,0,1,0
Mana mungkin ibu kota bisa pindah,0,1,0
"Roky sama ,RT 16 RW 24 yang bilang mangkrak",0,1,0
Enak ngo kecap manis Karo jeruk nipis ko,0,1,0
Jokowi GK pernh gagal.jalanin cita2 bung Karno mindahin ibukota ke kalimantan😂,0,1,0
"Mangkrak mah kagak, cuma kalo bener anggarannya di blokir, perlahan bakal mangkrak😂, tapi tetep ada pembangunan cuma jadi lelet, dan di luar prediksi, cuma memakan biaya tambahan yang cukup besar",0,1,0
"Terima kasih Mas Andy, detail liputannya,,
Jd tahu kl IKN luaaaarrr biasa....top markotop pokokke....👍👍👍👍👍❤❤",0,1,0
Mangkrak sepi kota hantu,0,1,0
"Jossss,  merontokkan Bacot Amien Rais Bosok",0,1,0
Hotel..tamu nya mana,0,1,0
Para pembenci memang tukang bohong tinkat dewa tdk punya akhlak semoga kelakuan mereka tdk diwariskan ke anak cucunya,0,1,0
"Kalau saya sih seneng tapi ngga senengnya uangnya ngutang terus ikn ko dihutan katanya ibu kota trus hutang banyak bunganya banyak, pajak dinaikan sumber daya alam raib, rakyatnya pada susah ya begitulah pengen dialem tapi duitnya ngutang",0,1,0
Percuma kota kota yg lain tidak di perhatikan 😢😢😢😢  masih banyak masyarakat yg kesusahan makan tu ikn makan,0,1,0
"Yang bilang mangkrak sebenarnya kena penyakit IRI,,,,",0,1,0
"Membual,banyak pegawai yg pulang lembur GK dibayar ,kerikil yg pesen di Palu 20 milyar juga gkbdibayar ,taman bunga yg pesen terbaik di Batu ,Malang juga puuus ngeong GK dibayar pdhal itumilik 15000 orang milik koperasi ,lucu ya....jangan membual ternak Mulyono ini",0,1,0
Alamat mangkrak mase....berita terbaru dana pembangunan distop pemerintah tanpa batasan waktu....gimana pendapat mamase???😅😅,0,1,0
"Beda pendapat bebas.... bangsa ini blm siap pada hal2 dividio, buang sampah saja nda tertib... yg jd pertanyaan sejak perayaan 17 agustus dsn renc. Digunakan istana negars kok nda jadiiiii cuuuk... omong nggedabruss banyak ngecap....  simpen tulisan gue ini...  trus mo nanya niii ibukota negara indonesia itu mana? Jawab yo ojo nggedabruss berbusa busa...😂😂😂",0,1,0
Rocky gerung itu sama saja dengan propokator menghasut rakyat supaya negara Indonesia tidak maju maju waspada mereka itu antek antek asing perusak NKRI,0,1,0
selamat bersenang senang bro ternyata ikn indah banget semoga lancar...bila ada gak lancarnya patungan brow biar mangkrak,0,1,0
Ohh gitu y rasanya jadi orang tinggi 😂😮,0,1,0
Bapakny org Banjarmasin,0,1,0
"DUit dari mn masehhh, di stop anggarannya dm bu menteri, pk Prabowo lebih penting MBG",0,1,0
Menurut saya Gedung Kemenkes desainnya ko dark bgt gelap bgt gitu..nggak oftimis bgt konsepnya. kesannya tidak pas dg konsep kesehatan ..mohon maaf itu pandangan saya saja 🙏,0,0,1
Hidup kecap manis,0,1,0
Indonesia tengah timur dan sebagian Indonesia barat tolong dukung ikn kehormatan bangsa jgn hiraukan anak onta dan Sengkuni,0,1,0
Hotel swiss 30 jt permalam..........yg bisa boking pejabat.....dan para konglomerat yg dapat fasilitas dari negara......,0,1,0
Ndobos,0,1,0
"RS, PASAR, SEKOLAHAN ?",0,1,0
79cm tertinggi di Indonesia..ngakak bgt saya ..kocak brooo,0,1,0
Jangan bangga dulu itu di bangun bhat bukan untuk lokal tapi buat inpektor asing .,0,1,0
Gak usah meng elu elukan nanti mbandil kata orang jawa.   😂😂,0,1,0
"Cepat atau lambat kota jakarta akan tenggelam,Bila ibu kota negara tidak cepat di pindahkan",0,1,0
Sepi nggak ada orang....kaya omongan jokowi....omong kosong,0,1,0
MAJUUUUU TERUSSSSSS IKN💪💪💪💪💯💯💯👍👍👍💯💯💯🇲🇨🇲🇨🇲🇨🇲🇨👌👌👌. JANGAN DENGARKAN OMONGAN MANUSIA2 BUSUK DAN PENDENGKI NANTI KITA GAK.MAJU2 KALAU DENGARKAN OCEHAN2 MANUSIA2 BUSUK ITU. MAJU TERUS IKN DAN INDONESIA MAJUUUUU👍👍👍👌👌👌🇮🇩🇮🇩🇮🇩👏👏👏😛🇲🇨🇲🇨🇲🇨💯💯💯💯💪💪💪💪👍👍🇮🇩🇮🇩🇮🇩👏👏👏✌️✌️✌️✌️✌️💯💯💯🇲🇨🇲🇨🇮🇩🇮🇩🇮🇩👌👌🇲🇨🇲🇨🇲🇨.,0,1,0
"Garudanya kalah karena kepalanya gak kelihatan, bgmn tafsiran anada",0,1,0
"Cangkem orang ini adalah buzer ,ternak mulyono",0,1,0
"AQ punya banyak cerita d IKN . karna AQ ma rekan2 berkontribusi untuk bangun IKN ....
akan ku ceritakan untuk anak cucuku kelak ...
Dan perlu AQ banggakan , AQ Mewakili anak SURABAYA BONEK SELALU BERKARYA UNTUK INDONESIA .....",0,1,0
"Cangkemu le ,ikn adalah produk jokodok mangkrak",0,1,0
Mantap gas gas biar cepat selesai IKN,0,1,0
Biasalah orang IRI dan DENGKI,0,1,0
Halah cangkem BUZZER....gak kaget vuukkk,0,1,0
Oligarki sampah,0,1,0
Lanjutkan,0,1,0
Dan sekarang mangkrak😂😂😂,0,1,0
"ya udaaaahhh , kita liat ajaaaa .. pak prabowo pasti lebih pakai akal sehat dr pada akal pebisnis .. dan lebih pasti hatinya merah putih, bukan untung rugi .. soo liat aja aguan atau andy sugar .. 😂😂",0,1,0
Manusia pengacau provokator harus di bersih kan dari Indonesia ....🎉😂,0,1,0
"Kasian bnget pak tukang,,, membngun istana negara sendiri tapi teduh, mkan minum di bawah terpal,,sedangkan yg cma kontrol2 doang, mkn minum d tmpat yg mewah. Dgn gaji yg lbih besar.",0,1,0
Salah satu kota khatulistiwa di dunia,0,1,0
Keren,0,1,0
Keren banget gan,0,1,0
Ternakan orang lama konten ini,0,1,0
Semoga asn asn cepat berangkat ke sana,0,1,0
Mantap cak andy tetep jowo pokoe ya,0,1,0
"IKN sekarang dimanfaatkan  jadi daerah wisata untuk kulineran dan area mainan anak2 dan ramenya cuman sabtu minggu saja
Kalau pembangunan kotanya sdh banyak yg sdh distop luhat saja divideo ini ,apalagi apbn untuk IKN sdh distop",0,1,0
Mudah2an investor Asing banyak yang ikut investasi di IKN..,0,1,0
"Jangan percaya sama Bujang Lapuk,. alias si Rocky Gerung,. 😅😂 ,. 
asal bicara IKN mangkrak,.
si Bujang Lapuk,. memang jdi Benalu,. di Negara ini,.😅😂",0,1,0
iya sekarang sih belon mangkrak karena masih ada sisa budget 2023-2024. tunggu aja 5 kedepan ,0,1,0
Habis ini anggarannya gk ada .. klo mau lanjut y tunggu investor dulu yg sedang mengantri 😂,0,1,0
Cocotmu. Ndasmu,0,1,0
haya ternak y mulyono yg percya ikn gk mangkrak duit y ada gk puya duit gutang ja d percya gmg y mulyono  yg ada kota hantu ya ntr,0,1,0
Kan mangkrak awowkkwowkwk😂,0,1,0
"Dana IKN telah di blokir, mangkrak lah",0,1,0
Dan sekarang anggarannya di blokir 😜,0,1,0
"AsalKAN BANGUNNYA jgn pakai APBN,SESUAI JANJINYA DARI AWAL,SILAHKAN BANGUN SEMEGAH😅😅😅 MUNGKIN.",0,1,0
"You dipeluk Utang Jokowi,memalukan.Kw saya ini buat rusak RI dan mn 1200 org yg konsesi janji Jokowi ?",0,1,0
Lapangan terbangnya kok banjir ?????,0,1,0
"Bapak sekuritinya belajar bilang ""R...."" dl 🤭",0,1,0
"IKN secara keseluruhan lanjut spt rencana setuju hanya perlu di renovasi sedikit, Patung Kampret Raksasa di rubuhkan, sudah itu saja, karena mempermalukan Prabowo di bangun-kan Istana Siluman Kampret oleh Jokowi",0,1,0
Kambingnya mulyono....bangga kalo tanah rakyat musnah....?,0,1,0
Penjilat,0,1,0
"Wong bising suara aktivitas aza gk terdengarrrr., belajar bohong ky mulyono..",0,1,0
"Buzer broooooo..,. Bangun ikn kok  yg kerja 1 2 orang broooo broooo...",0,1,0
"Maaf Om, dari sekian TC / tower cren nya gak bergerak engkel nya gak di ujung.. semuanya di dpn.. seperti gak ada yg kerja",0,1,0
"Kaya tempat musyrik... Gedung nya... 
Masih banyak.... Desa tertinggal di prorivinsi.... Pedalaman... Miskin...indonesia...Yg... Butuh.. Pembangunan",0,1,0
"Ya tau sendiri orang sakit hati ya ttep cari gimana caranya biar mnjatuhkan, pembenci ttaplah pembenci",0,1,0
Lo gk slah tapi yg slah cara pikir lo bangun apa guna nya semua tukang bangun an bisa membangin beton tapi yg lo asal tau mau di buat apa bangun itu klu orang gk ada klu  rakyat nya gk ada siapa yg mau kstu jdi 100 tahun lagi gk bkal jdi kota tu ibu kota mu itu pikir dengan otak jgn dengan dengkul paham ya cara pikir lo pendek,0,1,0
"Hahahahaha coba jalan2 kebelakang bang atau sampinya. Tuh rumput ilalang pada tumbuh dan menutup sdkt bangunan... 

Dstu masih ada yg kerja jalan krn masih belom selesai dan sisa2 anggaran. Coba lihat bangunan2 tinggi dan bbrpa bangunan lainya g ada alat berat yg bergerak 😂😂😢😢😢.  

Kalau dilihat sepintas yah masih mulus klw bagian depanya.",1,0,0
Itu herung di cor hidup hidup aja dijadikan patung  di pintu masuk IKN... Setiap wisatawan yg masuk di wajibkan melempar patungnya pakai kerikil,0,1,0
Alhamdulillah,0,1,0
Angaranya uda di blokir.... Somaga aja gak mangkrak...,0,1,0
Lu aja tinggal disana....emangnya gua pikurin,0,1,0
Iyo wes. Let see akhir taun piye kabare. Wkwk,0,1,0
"Hebat  kedepan rafi ahmad, yang jadi presidennya  fpi siap  dukung   habib rijik yang jadi wakil presidennya",0,1,0
Hebat mas! Mantap👍👍👍 Mematahkan media media ngga jelas yang motong video digoreng terus diposting... Jossss🔥🔥🔥,0,1,0
ajak mbah amin rais ke sini.biar melek dia😂😂😂,0,1,0
"Itu kuli kuli bangunan yg ada,, sama satpam suruh jaga gedung... nginep di hotel ikn yg mau dilihat opo,, chanel pemasaran 😅😅😅",0,1,0
"Hanya mulut, otak dan  orang yang berhati  busuk yang bilang IKN mangkrak...",0,1,0
"Mas andy tp saya nonton brita terbaru , dana buat ikn diblokir,,
Ya bukan ikn aja sih, byk dana yg diblokir dan di pangkas oleh menkeu srimulyani atas perintah presiden prabowo??",0,1,0
"Ke psn pik2 coba 😂😂😂
Rame juga pasti disana",0,1,0
"Manusia bayaran😂😂😂.
Kami lah yang tau IKN.

Paling ntr lagi diam nih manusia penjilat ini .
Sekitar 6 bulan lagi lah.

Info isu sekarang,proyek baru tidak ada duit .jadi sekarang hanya melanjutkan proyek2 yg belum selesai,dmn uang nya sudah ada di jadikan jaman Jokowi .

IKN Atau MAKAN GRATIS 

itu aja taruhannya😊",0,1,0
Bodo amatlah,0,1,0
"HAHAHAH KUDU GUYU AKU REKK...
YO WES KONO DI TEROSNO NGONTEN NE REK...
BEBAS SAK BEBAS E!!!
WESSS POKOK E PALING UAAAPIIIIKKK IKU....😂😂",0,1,0
MANTAB IKN...😊,0,1,0
"Klo mangkrak ya jamanya SBY ,,,,proyek mangkrak semua , dari gedung2 sampai belasan PLTD",0,1,0
Jangan kalian melihat ikn hanya pindah ibu kota. Tapi sebenarnya pak jokowi ingin mengikat kalimantan agar tidak merdeka dari indonesia.,0,1,0
Pasti mangkrak gk mau ada yang ngantor di situ terlalu jauh dengan ibokota,0,1,0
"Tahun depan ketika megathrust melanda jakarta, setidaknya pak prabowo tidak mengungsi ke singapura",0,1,0
training center pssi mana om ko ga di vlog juga?,0,1,0
Pokok.e soto tanpa kecap is the best koo,1,0,0
"Hanya  yg  tdk  punya  rasa  nasionalis  yg  selalu  hujat  pembangunan  ikn.... negara  ini  mau  buktikan  ke  dunia  klo  negri  ini 
bs  bikin  ibu  kota  sendiri  dgn  konsep  Modern  dan  yg  akn  membuat  bangga  ank2 cucu  kt  di  masa  yg  akan  datanh",1,0,0
Wihhh kang Andi wis totok IKN,0,1,0
Ternak mulyono memang ideot unlimited,0,1,0
akal2ane sopo ngunu kui. kota sekelas jkt kog arep dipindah. kon manggoni jokowi sak klrg ne ae nypo,0,1,0
Anak abah mo kesini pasti malu Karena ngatain proyek ini mangkrak,0,1,0
Mantab bozzz.. thank you so much..,1,0,0
"Memang blm mangkrak penuh tapi calon mangkrak, mana pekerja2 infrastruktur dan alat2 berat gak kelihatan ada kerja kok, anggarannya msh di blokir dan blm jelas kapan akan cair dan mulai pengerjaan lagi, pak Prabowo aia sdh bilang bln agustus 2028 akan ngantor di IKN itu 4 thn lagi artinya pak Prabowo gak niat mau ke IKn kalo nunggu 4 thn, buka mata kaliam dgn fakta wahai para ternak2 mulyono, saya pendukung pak Prabowo dan menolak IKN dilanjutkan krn bikin rugi negara",0,1,0
Ini baru benar orang sakit hati selamanya jadi sampah negara,0,1,0
😂😂😂😂😂😂😂😂😂😂😂😂 segera mangkrak,0,1,0
Tukang nasi goreng aj ogah jualan disana sepi dan susah air,0,1,0
Sudahlah...IKN bakal mangkrak,0,1,0
"mantap reek, surockboyo 🤟",0,1,0
pasti bapak satpam pemandunya itu org banjar. logat banjarnya ketara bgt 😂,0,1,0
"Awas anak Abah kepanasan,,...",0,1,0
Makanya cerdas bro...janji jokowi pembangunan ikn tanpa pakai apbn tapi di danai  investor  luar negeri yg sudah antri...fakta pakai apbn...itu intinya bro..tapi kalo ga cerdas angel fahamnya,0,1,0
"Tetep saja jakarta jdi kota metropolitan dan jantungnya pergerakan ekonomi indonesia.

Ikn rame juga karena pendatang, siapa yg mau ngisi? Beruk? 😂",0,1,0
"Haha😂 Teman Saya mirip Bang Andy,,,dia PD nya sama persis gak buang 0% pun",0,1,0
"Terima kasih vidionya sangat inspiratif dan promosi IKN
Jadi kepingin wisata ke sini
Tks ya",0,1,0
Menyalla !,0,1,0
IKN RASA EROPA,0,1,0
Apakah ada yg nginap sebagus ini wong negara kita Indonesia miskin penduduk kecuali dari mancanegara atau warga asing 🙄🤔,0,1,0
"Ibu kota negara paling sepi di dunia.....

Good luck Andy sugar",1,0,0
"Belakang di lihat,noh baru ada berita di metro dana ikn diblokir menkeu 😂😂😂 ngeyel opo neh?",0,1,0
Urong di uteri kabeh...😂😂😂😂..nok embung barang to bang...trs keliling Di Rumah mentri juga...😂😂😂,0,1,0
"Bukti kebohongan mulyono gk bisa terlihat,dibutakan oleh bayaran jadi buzzer",0,1,0
Yg blg IKN mgkrak itu cm org2 barisan sakit dan org2 yg g suka sm pak jokowi,0,1,0
"sukses membayar buzer , tp tidak sangup membayar tukang kuli , subkon dan kontraktor",0,1,0
Woiii gas elpiji buat rakyat susah,0,1,0
"Kalau kepengin liat jngan d konten,,,Dateng langsung nanti jelas kenyataan nya",0,1,0
Di balik Arti  GARUDO  ❤  Banyak Yg Ter Jebak Oleh BET MEN  😢😢😢  Bani  UNTO  😢😢😢,0,1,0
"Gw heran knp sih netizen byk yg doain klo IkN itu mangkrak,padahal gw senneg banget liat IKN itu maju,walau gw jg blm tentu liat kesana langsung karn jauh dan blm ada ongkos nya😁,,tapi tetep gw seneng liat IKN,gw pengen negara kita maju",0,1,0
Piaraan mulyono yg suka njilatin bol mulyono...... Maklum wong Solo...... Antek raja maling dunia..... Oocrp,0,1,0
"IKN mantap
❤❤❤",0,1,0
Anggarannya d blokir BROO...!!!,0,1,0
🙎🏼‍♂️nahh memang sepi .. tidak ada orang kerja...,0,1,0
Gas bng,0,1,0
"Nyatanya, anggaran untuk IKN, diblokir oleh Presiden kita yang tercinta  ... 😂😂😂",0,1,0
"Anda benar , saat ini masih ada pembangunannya karena memang anggarannya blm diputus total . Namun tidak seperti era Jokowi yg pembangunan IKN dipaksakan  . PS lebih realistis dengan anggaran skala prioritasnya yaitu kesejahteraan rakyat. 

Ibarat bangun rumah bertingkat mewah dengan utang sana sini namun buat makan susah. 

Bisa dikatakan IKN belum mangkrak namun menuju mangkrak 90%",0,1,0
"Video apa ini gak jelasss..
Udah jelas gak jalan lagi proyek nya...",0,1,0
"Proyek ikn yg pertama kali di resmikan itu di tmpat... 
Di gedung kementrian koordinasi 3...",0,1,0
Hahha suara khas banjar😂😂😂,0,1,0
wah keren👍👍👍jokowi memang hebat👍👍👍👍,0,1,0
Cuma orang berduit aja yg bisa ke hotel itu 😅,0,1,0
"Pohon pohonnya masih kecil ya, butuh berapa waktu untuk besar biar cepat teduh suasananya",0,1,0
Tetangga gua saja bnyak masih kerja di IKN. Yg bilang mangkrak itu cuma orang yg dikasih berita gorengan hoax dan g dicerna😂,0,1,0
"Tujuan pembangunan IKN itu sudah dijabarkan dgn luas oleh pemerintah..singkatnya adalah untuk kebaikan bangsa ini di masa depan dlm segala aspek...hanya orang² munafik dan orang² yg satu tabiat dgn PKI yg tidak setuju dgn pembangunan IKN..yg tidak setuju dgn IKN silahkan anda keluar dari NKRI,daripada jadi benalu dan menghambat kemajuan negara kami..",0,1,0
Beh hawane koyoke sumuk cak😅,0,1,0
Mudahan pembangunan DIBERIKAN KELANCARAN.. Aamiin,0,1,0
Ko ada apa dengan kecap manis,0,1,0
"Klo org lansia bisa apa gk ya kerja disana, mgkn ada yg terima lansia spt boga group gt ya? Sy mau nglamar kerja disana. 👍",0,1,0
Masyaallah IKN luar biasa...semoga selalu dilancarkan proyek IKN nya,0,1,0
16 persen 26 persen aja yg  lambe turah 😂😂,0,1,0
Luar biasa Pembangunan IKN super Sukses,1,0,0
Guidenyaaa superrr😄😄,0,1,0
Mantaaap semoga pembangunan IKN lancar. Yg congornya bilang ikn mangkarang. Congkel matae biar sekalian ga bisa liat dan benci.,0,1,0
Saya pernah lewat IKN. Rame sekali disana dan sngt bagus. saya berencana mau jalan2 kesana sama anak istri. kl budget 10jt apakah cukup om jln2 ke IKN dari jakarta?,0,1,0
Gas.. oke Gass... Gas Langka oke Gass.. bahLiL gass.. 😂😂😂,0,1,0
gak heran,0,1,0
Konten yg ga mutu⚡⚡⚡,0,1,0
Sales ikn😂,0,1,0
SATPAMNYA TOLONG WOYYY,0,1,0
Aku bahagia lihat IKN. Tapi kasihan klo para pembenci lihat video ini.kasihan penyakit hatinya tambah jadi stadium 8. susah di obati.,0,1,0
Andai saya boleh mimpi...maka akan kumimpikan berdirinya sebuah bangunan besar berbentuk keraton.atau rumah  kerajaan..karena negara kita dulunya kan kerajaan..bukan berarti masa beralih kekerajaan lho..hanya bangunannya saja yg berbentuk kerajaan...wah pasti keren dan hati jadi tenang tentram saat berkunjung ke ikn,0,1,0
Jan Guwendeng ko.... Positif poll ..,0,1,0
Itu bukan seeprti burung garuda bang tapi mirip topi budaya china 😂,0,1,0
PENJAJAHAN GAYA BARU BERKEDOK POSITIF!!! Berantas begundal direpublik ini!!,0,1,0
Bukan mangkrak ka tapi pembangunan itu dikarenakan pemerintah sudah mengeluarkan dana 75 triliun dan harus selesai dengan anggaran sebesar itu,0,1,0
Bungul,0,1,0
Mantap kan NKRI negara yang maju dan kuat masadepan kita buka mata semangat indonesia,0,1,0
Buser murahan,0,1,0
Itu sdhminggu lalu.skrg anggaran sedikit sedikit dikurangi dan akhirnya stop total😅😅😅,0,1,0
"Ya selesaikan terus....kalau sudah selesai kapan di isinya..mau kapan pindahnya, sebab bagus juga kalau ga di pake bakal jadi rumah hantu..",0,1,0
Bangga sy..semoga ikn lancar pembangunan nya,0,1,0
Lucu liat komen netizen😂 orang tetangga saya aja kerja disana udah lama malah mbawa temen dari sini karna kekurangan orang😂😂😂 kocakkk😂😂😂😂,0,1,0
jangan makan kecap manis ya guys ... 😂,0,1,0
"Buang buang  uang negara , pemborosan , akhirnya jadi rumah hantu IKN",0,1,0
Tu si rocki garung dan mba rais suruh lihat ikn tapi mereka gak mampu nginep di hotel ikn bukan kelasnya mereka kelas losmen hahaha,1,0,0
😂😂😂😂wkwkwkkkkkwkkwkwkwkwk😂😂😂,0,1,0
Orang yg bilang ikn mangkrak orang tolol otak udang.lah temen saya aja kerja disana membangun rumah rusun dinas,0,1,0
tetap menikmati real bangetsss. seng ngeyel di jaRneaeee. soto k3cap,1,0,0
Orang Mulyono ini,0,1,0
"Hahahaha itu mungkin sisa krjaan yg blm slesai ngabisin gajian terakhir😂 gmn mw lanjut Lahh Dana nya aja di blokir mentri keuangan😅😅 jongos"" aja bro😅",1,0,0
Presiden koyo ga tau sekolah...,0,1,0
Yang ngomong mangkrang orang yang ngga suka Indonesia jadi negara besar negara berkembang negara maju dan rapi....Terkadang banyak orang yang ngga suka itu bodoh bgt taunya Pulau Jawa Aja Jakbar jateng Jatim...Orang jawa pasti tau.....IKN ttp GAS biyar merata sabang sapai meroke,0,1,0
Mungkin anggarannya masih,0,1,0
Ada yang tidak pembangunan Indonesia sentris.,0,1,0
Aktivitas  projek sj ngak ada😂 l,0,1,0
hotel murah banget itu bagi koruptor.sumpah gam boong murah meriah,0,1,0
"Siapa bilang mangkrak, saya baru 1 bulan dari IKN, jalan bagus, gedung bagus, semua bagus, hanya yang kurang orangnya belum begitu banyak tdk spt jakarta yg sudah padat merayap penghuninya",0,1,0
Lombok Timur NTB hadir mas...MANTAP ...BUNGKAM  MULUT2 PEMBENCI...👍,0,1,0
"IKN gak mangkrak 👍,, justru yg mangkrak ber abad abad adlah  jalan² yg menuju plosok² Desa, yg berada kalbar",0,1,0
negara di dalam negara,0,1,0
Proyek gak jelas tu....gak ada untungnya buat negara,0,1,0
"Mudah2an hotelnya bertahan lama, semoga sabar ya",0,1,0
Mantap bang....lanjutkan,0,1,0
"Wes menengo mentri pu wes bersabda, anggaran diblokir",0,1,0
"itu namanya mangkrak permulaan, 3 tahun lagi sdh bnyk dedemit tu jadi rumah hantu",0,1,0
Kalau dilihat dari video memang itu tidak mangkrak tapi juga tidak bergerak.. setau saya proyek kalau bergerak pekrjaan dan aktifitasnya banyak lah ikuu sepi banget pekerjanya dengan helm proyeknya.. dan teman sy yg kontraktor disana memberi info ke sy kalau anggaran untuk ikn di pangkas besar.. dan logikanya proyek kalau anggaranya ga ada yaa ga jalan.. ini crta realita bukan membenci siapapun.,0,1,0
"saya bukan siapa""...terimakasih mas @AndySugar atas informasinya, saya jadi tau sampai dalamnya IKN, ngerti penampakan sak jeroahane...😅 tetap semangat dan sehat selalu yo Cak 👍😁",0,1,0
"Saat ini ikn ramai, tapi ramai dgn suwaranya orang yg lagi siaran dari orang yg mempromosikan",0,1,0
"kita rakyat kecil tdk butuh bangunan megah yg kami butuhkan kehidupan yg adil dan sejahtera, tolong bahan pangan serta pendidikan di permudah weeee.... PANGAN O WESI IKN",0,1,0
Oke bro,0,1,0
"Bukan mangkrak, tapi sepi kayak ada coronanya",0,1,0
Jongos jokowi makan tu ikan,0,1,0
ikm tai,0,1,0
Yang bilang mangkrak semoga di beri umur panjang bisa menikmati alam IKN sambil minum kelapa muda sama ES batu,0,1,0
Biaya IKN di stop,0,1,0
hdwhh buktix gk lakuuuu😮,0,1,0
Ude cair neh semngat bagt bazer ude cair..,0,1,0
Bagus tapi sepi siapa yg tidur rugi kalau tidak jadi ikn jad apa ya,0,1,0
"Kalau mau di pikir yh untuk apa tidak dilanjutkan uang negara yg tertanam untuk pembngunan di IKN yah jelas rugi lah uang negara,tapi itu hanya bertahap aja kayanya karna bukan pembangunan bersekala kecil,,,",0,1,0
mantab.aku bangga jadi warga Indonesia,0,1,0
Keren,0,1,0
"min lho d byr brapa ya utk menutpi bobroknya,,,kita buktikan ke depannya,,kl mangkrak sy sumpel mulut pake kaos kaki",0,1,0
ENTUD BERRRUTTTT 😂😂😂😂😂😂😂,0,1,0
❤,0,1,0
"Anggaran di stop alias di blokir 
Ini kata pak menteri PU

Gimana gak mangkrak 😅",0,1,0
Keren boss…,0,1,0
Murah dari pada bintang 5 grand hayat di pecatu bali.. b5 50juta... Soalnya saya pegawainya.. biasa dipakek untuk orang2 penting artis luar negeri yang lagi syuting film/sponsor /liburan ke bali,1,0,0
Kunjungi bandara IKN apa betul beberapa hari lalu katanya banjir dan kunjungi warga dayak yang terdampak negatif dari proyek IKN,0,1,0
Ikn bikin iri malaysia,0,1,0
"Ya belum mngkrak lah,, slama uang 9 naga masih ngalir pembangunan akan tetap jalan,, dan Apbn kan ada yg di alihkan kesitu,,,ikn akan mngkraj jika jokowi sudah tidak lagi ikut cawe cawe dlm pemerintah,, dan aguan cs gagal dapet kaplingan laut,, resiko dari megahnya ikn adlh di kaplingnya laut laut indonesia oleh mulyono.. Sbg rakyat saya gak bangga indonesia punya ikn,, kalau mau bangun cuma. Modal hutang dan jaul tanah air.. Lha mbah ku yg gak sekolaj juga bisa.. Kalian jangan mau di goblokin..",0,1,0
Iya nanti si fufufafa yg ngantor di situ dan para ternak mulyono yg nempati,0,1,0
"Mantap videone , biar barisan sakit hati komplotan penhianat nkri makin kelojotan mules2 naik darah dll melihat ikn 😂😂😂",0,1,0
"Yg bilang mangkrak itu orang tolol.anggaran IKN blum di buka di tahun 2025.anggarannya di tambah,tapi blum di  turunkan.tapi yg pasti akan trus brlanjut",0,1,0
Sekarang parabowo lagi membangun jalan tol jawa ikn nanti dulu ya sabar jalan di jawa belum selesai😂😂😂😂😂😂😂😂😂😂😂😂😂😂😂😂😂,0,1,0
Kasih faham ko.. klo perlu bikin konten 1 bulan disana.. biar para BADRUN mati kepanasan...😂😂😂,0,1,0
"Koq si Mbah Kuni nggak diajak dolan ke IKN mas bro,dia bilang IKN mangkrak Krak Krak  😂",0,1,0
"Wwadduh Kas Negara ngalir terus dong...pantas aja Rakyat jadi Susah sanasini kita kena Pajak dan sering Naik.
Berapa Trililiii..Krus Dolarnya..",0,1,0
Mantap ko... bungkam aja mulut2 yng suka ngomong ngawur ko... jelas2 bngunnya tambah bagus... blum pernah kesana.. ngomongnya ngangkrak kwkwkkw...,0,1,0
Jadi pingin AQ ke ikn mas 😂😂😂,0,1,0
"Dulu saya salah satu penentang pembangunan IKN krn menurut saya masih banyak prioritas lain yg harus ditangani. Tapi begitu dilaksanakan, mau tdk mau harus dukung,  daripada tambah mubdzir. Apapun yg terjadi, semoga apa yg dilaksanakan membawa kemaslahatan bagi semua🤲",0,1,0
"IKN itu hanya untuk para pejabat negara dan orang"" kaya bagi warga yg kurang mampu hanya bisa menonton.. apa lagi anggaran untuk IKN di stop sama ibu Sri muliani...jadi nonton berita ya jgn cuma nonton drakor",0,1,0
Salam dari Kaltim maseee,0,1,0
Woy ternak mulyono.. IKN diblokir pendanaannya. Bakal kayak hambalang nich mangkrak.,0,1,0
Burung garuda kok macam tu,0,1,0
IKN gak mangkrak cuma mandek doang nunggu anggaran gak nyampe nyampe,0,1,0
KAMU KAN PENGANTEKNYA DAN PENJILATNYA PENIPU ULUNG MULYONO....MUKA KAYAK MUNYOK  PENGANTEK.,0,1,0
Kalau pembangunan masih terus dan dijalankan nyatanya nggak ada pekerjanya yang lagi kerja. Mana brow orang yang lagi kerja itu. Wong yang ada cuma scurity thok. Nggedabrus Brow !!!,0,1,0
Orang orang nyinyir dan benci gak akan ada ucapan baik dan berhenti nyinyir dan menghina  sampai izroil..menjemput pun  karna sudah di nas kan emang sahabat nya iblis  mereka mereka itu 😂😂,0,1,0
Lanjut terus bang kabarkan tentang IKN supaya mulut para penyinyir diam,0,1,0
"https://youtu.be/XMbu58-La0M?si=zfqnyrlw5uqgkFpE

Inpo😊😊😊",0,1,0
IKN MANGKRAK BOSSSS😂😂😂😂,0,1,0
Mereka yg suka menyebarkan berita IKN mangkrak itu hanya berita hoax dan tidak suka bangsa dan negara ini maju.,0,1,0
Aksi salah satu ternak mul,0,1,0
IKN bagi ...gak malu...utang negara  yang bikin rakyat menderita....seumur umur....PPN naik...bensin hilang...pertalit naik...gas listrik naik... keutungan nya buat IKN....ya allah ini kah akhirnya jaman,0,1,0
Parah ini konten ...koar2 IKN masih berjalan .padahal hanya lihat fisik saja dan memang kenyataannya begitu ...apa ngga ngikuti pemerintah Prabowo saat  ini sudah di STOP angggaran buat IKN  ..jadi mangkrak lah nasib nya .....siapa yg mau pindah ke IKN ...presiden saja pasti ngga mau ...apalagi ASN juga rakyat,0,1,0
"Itu hanya pekerja ringan, bukan pekerja building. Karena investor batal dan mundur….",0,1,0
Tidak usah urusin mulut sampah..kalo udah ngga suka dikasih kenyataan pun tetep aja percuma..,0,1,0
Terimakasih mas Andy...Smoga para pembenci P.Jokowi terbuka mata hati nya...dan bisa bicara netral...,0,1,0
mbuhh ra urussssss,0,1,0
Dua cetring masuk kdlm 😊😊,0,1,0
Ternak mulyono😂😂,0,1,0
"IKN mantap, saya dari jawa barat tasikmalaya",0,1,0
NGA POPULER..HUTANG NUMPUK..KESEJAHTERAAN RAKYAT HARUSNYA PRIORITAS..SERTA SIAPKEN ANGGARAN BESAR2RAN BAGI PUTRA PUTRI BANGSA MENCIPTAKAN SDM YANG UNGGUL DISEMUA SEKTOR..INSYALLAH 10 TAHUN KEDEPAN NKRI AKAN MENJELMA MENJADI NEGARA MAJU DAN MAKMUR...,0,1,0
"Puji Tuhan aku ikut bangga dgn IKN , tks ❤ atas pencerahan ini",0,1,0
Cak andy..sampean jossss👍👍👍,0,1,0
Keren bgt memang ikn.. bagus bgt.. dan indah..,0,1,0
❤🎉🎉❤,0,1,0
saya dari tasikmalaya,0,1,0
"GAK MUNGKIN LAH MANGKRAK. itu dri kubu seblah aj yg gak suka adanx pembangunan ibukota d KALTIM..! smangat bang,Buktikn klo IKN masih jln trus..🎉🎉🎉🎉🎉",0,1,0
Aku wes tau melbu kunu mas andy mbenakno sanyo,0,1,0
"Trimakasih bang kita sebagai warga negara belajar menjadi manusia berhati beraklak mulia dan mampu menjadi warga yg baik janganlah hanya asal bicara,itu tandanya bermulut kotor berhati busuk.contohnya Abang baik berkontenlah agar yg tidak tau jadi tau",0,1,0
Magkrak itu bukan berarti gk ada pekerjanya atau kerja disitu. Nanti kalau dana uda habis paling ya segitu gitu aja,0,1,0
Mantap?,0,1,0
"Jelas2 mangkrak kok trojos, dasar ternaknya Joko Wi",0,1,0
"terima kasih pak jokowi, pak prabowo, pak gibran, lanjutkan pembangunan ini untuk anak cucu kami nanti, smoga Alloh selalu bersamamu Aamiin yra",0,1,0
"Sekarang dana pembangunan IKN di blokir,,",0,1,0
Andi bawain.y lucu rek..,0,1,0
"PENJILAY COK
Deloken bakal mangkrak sok mben",0,1,0
Indonesia tanah air ku 🥰🥰🥰,0,1,0
"271t klo buat tambahan"" pembangunan ikn mungkin bisa menghemat biyaya",0,1,0
"Memang framing media luar biasa. Jadi pernyataan Bu Sri kek seakan akan dibuat hiperbola gak ada dana 😂

Padahal ya pancet jalan pembangunannya",0,1,0
Rakyat kecil bisa menikmati itu  😊,0,1,0
""" soto gak boleh pakai kecap manis""...",0,1,0
MASYAALLAH❤,0,1,0
"Jilat terusssssssss,,,enga jilat enga bisa makan toh!!!",0,1,0
Ngak kebayang kalo mbah amin ditunjukin video ini didepan mukanya..... reaksinya gmna ya..... kwkwkwwkwkw kemaren koar2nya ikn dah ancur seancur²nya ilalang dmna² pembangunan mangkraklah.... wkwkwkwkww...,0,1,0
🙏🏻👍,0,1,0
"SAYA MAU ESEMKA, BUKAN IKN",0,1,0
IKN is the best👍👍👏👏❤,0,1,0
Wong ganteng gitu kok ngomonge medok men jawaa banget deh keren luur 🎉😂😂😂🎉,0,1,0
Suara ghoib gk tuh😂,0,1,0
35jt permalem😭😭😭😭,0,1,0
"Coba bansos  buat orang miskin di bikin konten mas,,
Biar seimbang  dg ibu kota baru,,,,,,",0,1,0
Komene macem2.kekel aku.sing penting banting tulang cari rejeki sendiri2.😂,0,1,0
Sudah ada lautan lumpur dibandaranya,0,1,0
"Tetap semangat berkarya dan bermanfaat  utk orang lain yg lebih banyak lagi ...
Sehat2 selalu utk semua ...

Maaf, hanya bisa mendoakan yg terbaik ...",0,1,0
Sampai saat tanah moyang ku tersentuh sebuah rencana dari serakah nya kouta telihat murung wajah pribumi,0,1,0
Heheheheh....kocak luh,0,1,0
"Luur dulur yg bilang ikn mangkrak kan congor banteng dan klompok roki gerung ,beetul gak dulur,ayo dukung ikn. Joooossss",0,1,0
Bagus banget  berarti  berjln,0,1,0
Yg mangkrak itu Hambalang proyeknya SBY...😂😂😂,0,1,0
Bagus hotelya,0,1,0
❤👍👍🙏,0,1,0
Hotel nusantara sangat elit..,0,1,0
Saya gk butuh IKN.. Saya butuh mkn...,0,1,0
Yang bilang mangkrak gol0ngan kadr0n pekok t0l0l,0,1,0
"Yaa  diubah fungsi untuk wisata warga kaltim aja,...kalo untuk ibukota negara  masih teka teki..
..😂😂😂",0,1,0
IKN lanjutkan..,0,1,0
"Berita terbaru anggarannya diblokir. Andai ada pembangunan itu nerusin yang sudah terlanjur. 
Uangnya lebih penting buat kesejahteraan rakyat saja.",0,1,0
Yang bilang ikn mangkrak pasti 10 %  rakyat Indonesia yang membeci Jokowi.,0,1,0
Terimakasih sekali sudah diajak jalan-jalan virtual ke IKN,0,1,0
"Maju ibukotaku,,,,IKN,,,",0,1,0
"Hotel miliknya Aguan Koj dibanggakan ,saya milikmu dablek",0,1,0
"Makan gratis utk anak sekolah adalah hal baik utk negara yg stabilitas ekonomi nya terjamin, Krn kmrn ada pemberitaan utk 1 hari aja seluruh Indonesia harus ada dana 1sekian T lah makan paling tidak 5hari dlm seminggu dan blm dikali 4 Minggu dlm 1 bulan. Itu dana yg teramat besar dan tidak akan bisa membentuk perubahan besar pada negeri ini
Klo boleh saran seharus nya tiap seseorang diseluruh Indonesia yg sdh cukup usia umur kerja harus dan ada lapangan kerja yg banyak agar tiap2 mandiri mencukupi kebutuhan nya sendiri, dan kepala keluarga yg otomatis akan memberikan makanan bergizi utk anak2 mereka dirumah.
Klo orang tua nya aja gaada kerjaan gaada pemasukan uang ya gmn mau kasih makan ? 
Makan gratis disekolah bisa jadi pembengkakan dana negara yg tidak efektif utk kemajuan bangsa dan negara ini",0,1,0
Anak kecil saja bisa membangun kalau ngutang dan membebani Negara koplak,0,1,0
Penduduknya mana.endi?,0,1,0
mangkrak ta,0,1,0
Tapi budget buat IKN lagi dibekukan ko😅😅😅😅... Pembangunan sing agak mekso😅,0,1,0
"Silahkan bangga-banggakan,maksudnya mudah membangun asalkan ada uang tapi kemasalatan rakyat lebih penting",0,1,0
SY LEBIH PERCAYA KEPADA PAK PRABOWO...,0,1,0
Orang iri pembangunan di IKN itu bang... Maunya pulau Jawa terus di kasi makan bangunan bangunan negara.,0,1,0
iKN❤,0,1,0
Hebat ya hotel milik pribumi si Somirin,0,1,0
Mana cwngkeme buyut maon rais yg ngatain ikn jd kota hantu....cangkem minta dilotek taek,0,1,0
Tunggu mangkraknya tinggal ngitung hari😂😂😂😂,0,1,0
Mantab. 👍👍👍👍,0,1,0
Bedhès.....😮,0,1,0
Yg bilang mangkrak itu orang begundalll 🐪🐪🐪🐪,0,1,0
Kita harus berterima kasih kpd Bpk Jokowi..  Beliau adalah Bapak Presiden yg berhasil dlm membangun Indonesia. Dan rakyat pun bisa merasakan keberhasilan Pak Jokowi.  Dan skrng di lanjut kan Presiden yg hebat juga    . 👍👍👍👍👍👍,0,1,0
Amin.rais.penipu.katanya.ikn.mangkrak,0,1,0
Mabok apa Luh?,0,1,0
Alhamdulillah...saya bulan lalu 4 bis kesana.jalan** di sana .rame di sana.masih banyak pekerja nya 👍💪,0,1,0
"Yg mendukung silakkan pindah 😂 timbang nyocot wae, biar kalian jadi orang paling keren",0,1,0
"Nama nya orang ngaak suka bung,,,biarin omong apa,,,lanjuud terus sukse ikn",0,1,0
udah kamu pindah aja kamu di situ biar ga banyak omong bikin konten buat jo,0,1,0
Merinding .. pak Jokowi the best,1,0,0
"memang IKN tidak mangkrak broo....... tetapi pengerja'annya sesuai prosedur, pelan......pelan tapi pasti rampung ❤",0,1,0
"Ya gak mungkin langsung stop lah kocak chanel ini , kan harus menyelesaikan Anggaran yg disahkan di 2024 , 😂😂 LA INI 2025 ANGGARAN DI BLOKIR SEMUAA 😂😂😂😂😂😂😂😂😂😂😂😂 MENDING JILAD OREO LEBIH MANIS 😂😂😂😂😂😂😂",0,1,0
Tambah kecap biar asoy bang andy,0,1,0
"Walaupun kalian bangga, tapi rakyat tetap miskin",0,1,0
SAYA BELUM TAU IKN.TAPI DENGAR ADA YG BILANG MANGKRAK ORANG INI ORANG BODOH.BUKTINYA PEMBANGUNAN LANCAR TERUS.ORANG BODOJ JANGAN DI HIRAOKAN.,0,1,0
Kalau sy   smoga realistis ya   boleh  ngomong  bagus2 tp  ya begitulah ..liat 3 bln ke dpn ......,0,1,0
Negara kren rakyat ora kren ngapa ya,0,1,0
Coba kang dolan dolan neng panggon wisata sekitar IKN,0,1,0
Sing penting madang ndisit,0,1,0
Cak cak buzzer tibake,0,1,0
"Bravo IKN, bravo Kalimantan.",0,1,0
"Mngkn ini sisa"" aja pembangunan nya, sisa uang yg ada jd pekerja msh ada tp nnt tiba saat ny akan berhenti kerja krn uang untuk IKN uda diblokir sm mentri keuangan sri mulyani, ktny dana buat IKN ga ada , buat makan siang geratis aja kurang ktny, mentri PUR jg bil begitu , ada berita di TV tu,",0,1,0
Mau cari jabatan bisa bisa buzer nya orang sepi gak ada kendaraan lalu lalang,0,1,0
Kelompok Pembenci Jokowi yg koar-koar mangkrak.maklum penyebar hoax begitulah kalo kalah pilpres.,0,1,0
SEBEBTAR LAGI IKN AKAN JADI BANGUNAN TAK BERPENGHUNI.....  😂,0,1,0
Indonesia keren 👍👍👍👍,0,1,0
"Woooo luar biasa IKN. Jokowi hebat, i❤u Jokowi.",0,1,0
Hebat Indonesiaku semoga sukses,0,1,0
Faktanya kata pak Prabowo belummm siapppp....masih jauhhhh...dan perlu dana gedee bossss.....lawo g yg investasi PENJAJAH AGUAN SALIM,0,1,0
Sabar bro jgn marah.yg blg ikn mangkrak itu adlh org2 sakit hati karena tak dpt bagian.lagian hti fpi dikuburkan.mereka2 inilah yg buat cerita karena malu dan putus asa.maju jaya indonesia.salam.,0,1,0
Semoga IKN jaya selalu 🙏,0,1,0
Yang bilang mangkrak anak abah kalah itu,0,1,0
"kayak MONYET,................wkwkkwwk, genah-genah anggaran IKN diblokir,...........  wkwwkwk...........",0,1,0
Binatang piaraanya  Mulyono beraksi,0,1,0
"saya sudah liat sendiri ikn,cuma orang gak ada diut yg ngomong ikn mangkrak😂",0,1,0
Keren cukk,0,1,0
Ini Daerah gunung ya pa?,0,1,0
Keren ikn...megah..begitu pesat pembangunanaya...gedung gedung tinggi...bulan Oktober kemaren aku sempat ke sana,0,1,0
"Hahaha..
Ini sama sja abu janda buat konten bayaran.wkwk",1,0,0
Ikn orang bilang mangkrak sembarangan. Punya mulut dasar mulut kotor ketakutan indonedia maju😊,0,1,0
Pamer naik mobil alpart,0,1,0
Semua itu butuh proses tidak simsalabim langsung jadi,0,1,0
"Ibukota ada di jakarta, sudah dijelaskan oleh mendagri melalui medsos😊",0,1,0
Rakyat miskin.. ga boleh masuk ?,0,1,0
Spill donk Bandara IKN seberapa perkembangan Pintu Keluar Masuk IKN,0,1,0
Penjilat.😂,0,1,0
Tonggoku loh iseh akeh sing kerjo nok IKN.,0,1,0
"Jangan sampai mangkrak lah.. Pemerintah sdh bnyak keluarkan uang rakyat masa mngkrak, rugilah rakyat",0,1,0
Pepesan kosong. Sekolam dgn penipu,0,1,0
Mantap ikn nya mantap juga utang negara,0,1,0
Sehat selalu bang Andy sugar,0,1,0
"Bang, kami turut bangga sampe netes air mata saking bangganya fan terbukti... Saya sakit rasanya jika ada yg nyinyir...  Semangat bang",0,1,0
"Seru ndelok vidione arek iki,. Semangat terus om..",0,1,0
"gk nyesel gw baca komen gw, coba HARTA138 eh malah jepe cok wkwk",0,1,0
HEBAT IKN UDAH BGUS CUMAN SAYANG DI SITU NANTINYA HNYA PEJABT DAN ASN SAJA KMI  RAKYT KCIL GA BKALAN MERRASAKAN ENAKNYA TINGGAL DAN TIDUR DI IKN😅,0,1,0
Kalo dananya di stop karena negara gak punya uang gara² utang yg menggunung ya dipastikan mangkrak....,0,1,0
Pembuktiannya thn 2028 yg katanya prabowo mo pindah kantor,0,1,0
Katany .ASN kan di.pindah kan bertahaf..kpannnn..dgn pinda nya ASN..pasti IKN.akan Hidup semarak dan ramai..jadi cpat majuu...nyaaa....,0,1,0
Mantap brooo..,0,1,0
Swiss hotel pasti untung besar tu.. soalnya kan belum ada saingan🤣🤣😂😂,0,1,0
"Giliran punya presiden prestasi nya bagus malah di hujat , apa karna dia dahulu seorang tukang kayu ?",0,1,0
Ngomong ngebuall rakyat kecil menjerit,0,1,0
Asal jgn lupa aja...itu di bangum pakai uang rakyat lho....🤔,0,1,0
MANTAPZ OM ANDY LANJUTKAN..INSYAALLAH MENYUARAKAN KEBENARAN,0,1,0
Katanya Setelah Agustus 2024 Pemerintah Pusat Bakal Nempatin IKN? Pemerintah Sekarang akan Melanjutkan Estafet Pembangunan Pemerintah Sebelum nya? Kok sampe sekarang pemerintah pusat masih di Jakarta???,0,1,0
400 Trilyun... ????,0,1,0
SAMPEK BERBUSAAAH...,0,1,0
Semoga IKN di bangun lancar jaya sampai 100 persen dan di tempati.,0,1,0
"Caaaak..
Ojo ngomong jalan-jalan.
Wong peno jelas² numpak mobil ngunu lho.
Ojo ngisin-ngisini arek suroboyo talah. Mosok mlaku sakmunu ae sikil keteteran😂😂",0,1,0
😅😂😢,0,1,0
Kapan bisa kerja di IKN,0,1,0
Amin rais bilang ikn jadi kota hantu 😂,0,1,0
ASN aja gak jadi Januari 2025 ngantor di ikn itu artinya gak ada yang mau,0,1,0
Ayo pak bowo lanjut kan pembangunan IKN nya,0,1,0
Lanang² kok antingan cak..😅😅😅 wes ilang to hargane,0,1,0
Berita terbaru dana IKN diblokir cakkk,0,1,0
Yg ngeyel pasti barisan sakit hati....lanjutkan Andisugar....salam sehat gawe mama Elli yo....,0,1,0
Yg mangkrak itu cita2 para pembenci,0,1,0
Unlike dlu,0,1,0
"Istana negara itu nanti akan berwarna hijau bang Andi,,setelah oksidasi beberapa taun,,❤❤❤❤abang semoga terus maju channel nya,,,bukan penjilat kalo yg mendukung pembangunan mah 😅😅😅",0,1,0
"Itu pegawainya hotel sudah duatur bung, seolah2 ramai😂😂😂",0,1,0
"Mantap hotelnya
Tapi saya bisa ke situ ga ya numpang tidur😮",0,1,0
Yang ngomong IKN mangkrak adalah kelompok sakit hati....,0,1,0
Terimakasih Mas ANDY...Tekat Niat Baik..sama ibadah Jihat mencari kebenaran...💪💪💪💑💑💑💑💙💙💙🇲🇨🇲🇨🇲🇨🇲🇨,0,1,0
GATHELL MU..!!!,0,1,0
"Hahahahahaa kasian cuma punya kamera doang, hpnya gak bisa browsing",0,1,0
Masa ikn mangkrak di mimpi bagi para pembenci dan iri serta hanya tau nyiyir dan fitnah saja yg mangkrak  seperti hambalang dll itu totolnya para penyiyir kapan bangsa ini maju jika hanyq hinaan dan fitnaan serta kebencian yg ada,0,1,0
"Enak tinggal liat buat konten. 
Suamiku 6 bln kerja disana, miris, kasihan, bayaran nya gak jelas. Pulang az ongkos sendiri, yg tadinya dijanjikan ongkos pp ditanggung perusahaan.. Haahhhh boro boro. Upah kerja az gak beres",0,1,0
"KEKENCENGAN NGOMONGNYA
BERISIK .......",0,1,0
"Yg bilang ikn mangkrak itu para pembencinya dan pendengki aja,kami asli kalimantan kalau ada coten bilang ikm mangkrak senyum² aja krn tau yg bilang itu kelompok propokator sj",0,1,0
Makasih mas bro infonya kren banget maju terus Indonesia🇮🇩.,0,1,0
Semoga sedulur semuanya tetap semangat  podo warga Soeroboyo jatim,0,1,0
Bodoh sekali taikucing yg bikin konten ini.,0,1,0
Hentikan IKN. Mulyono sudah menghabiskan uang rakyat puluhan triyun.,0,1,0
Tai kucing.,0,1,0
Semoga lancar pembangunanx❤,0,1,0
Pak Jokowi  tu cerdas,0,1,0
Pasti pasukan yg suka nyinyir sakit hati kalau lihat ini,0,1,0
Yg masih berjalan proyek2 kecil aj tp klu yg besar2 mungkin stop krn tdk ad insvetor2 yg masuk...dn lahan nya pun blm jelas ..ada nya.......masyarakat hanya mendengar doank tp kentyataan nya slalu di semvunyikan oleh pemerintah........😂😂😂😂😂,0,1,0
Ya Alloh indah sekali ikn,0,1,0
"Waduuh lah wong sepi bgtu d bilng msh mmbagun ,,duuiit dr mn utk mmyelesaikn ikn plung "" cm bt destinasi wisata sj ,,jfn od mimpi cpt bguun",0,1,0
"Lah,ccotmu",0,1,0
Rakyat jelata cuman bisa nyaksikan aja .. Tiwas ngiler 😂😂😂😂,0,1,0
😂😂😂,0,1,0
"Siapa sih mata yang gk suka akan tetapi sai uang nya itu kan titik ""ibarat kita makan aja gk ada tapi kok ngotot reno fasi rumah """,0,1,0
Taik...ASN di pindah sana g kiro mau saiki,0,1,0
KAUM LOW BAT 16% DAN PEMUJA YAMAN AJA YG BILANG MANGKRAK.,0,1,0
Yang bilang mangkrak itu orang orang yaman dan cecungok2nya karena dia gak bakal laku di ikn,0,1,0
Sodara2 ku baru  saja dr Kalimantan main ke ikn..semua  berubah jauh dan siap JD ibu kota yg hebat. Ternyata hoax kaum pembenci itu sebuah sampah kotor,1,0,0
Ikn jg. Dilanjut utangnye Uda bnyk buat Laen dulu uangnya,0,1,0
Bintang kaki lima mulur kyk emberrrr,0,1,0
Wong sepi kyk tmpt jin buang ank,0,1,0
Konten tergantung kepentingan.. yg menyukai ikn pasti bikin yg bagus.. yg kontra dgn ikn bikin sisi negatif nya .,0,1,0
Yaa kesan kami kok yang menghidupkan suasana ikn malah para wartawan,0,1,0
Di andh kowe kok medok 😂😂😂,0,1,0
Kok boleh bwa mobil pribadi??,0,1,0
Haallooo mas andy... Smpyn lalii nggak goleki pasar e... Bekne aku apene transmigrasi mrono.. Dadi cek ngerti pisan lek pasar yo wis onok.. Tkyu yoo mas 😊,0,1,0
"Jangan di hapus yaa Vidio ini,, sbg bukti suatu Saat nanti KLO SDH di tinggal....dijadikan Tempat wisata...",0,1,0
Mantap mantap josss,0,1,0
Kantor PARA-PARA menteri😂,0,1,0
Udah BOS ndak usah Ngegas.kalau gitu kan bisa anda dn kluarga anda langsung pindah ke IKN mumpung blm padat kayak Jakarta otomatis lowongan jadi PEJABAT masih ful nah aman to? Ndak usah ngrespon orang2 yg bikin anda DROP😂😂😂😂,0,1,0
Alhamdulilah maju terus indonesia di era bpk presiden prabowo gibran insyaallah amin yra alamin semoga bpk presiden prabowo gibran sehat selalu amin yra alamin,0,1,0
Hantu yg tinggal yo mas? Semoga pada mampir,0,1,0
Buzzer,0,1,0
❤❤❤❤,0,1,0
Hanya anak abah yg bilang mangkrak😅,0,1,0
Burung Garuda kok kayak kelelawar😅😅😅,0,1,0
Ini kawanny FUFUFAFA kayaknya nggedabrus,0,1,0
"Kamu kan dibayar ,buktikan saja siapa takut.",0,1,0
Kerennnn poll..mksh mas yg dr surabaya mpun ngasih gmbaran ttg kemegahan ibu kota yg baru..mantap,0,1,0
Bodo amat gua gk butuh ikn tp butuh mkn...,0,1,0
Sri Mulyani saat ini blokir anggaran IKN pada akhirnya mangkrakkk,0,1,0
"Duitnya dari mana??? APBN sdh diblokir
...",0,1,0
"Prabowo ga ada dana.
Tetap berakhir mangkrak",0,1,0
"memang TDK mangkrak, sy pekerja di mengko 1 2 3 ,2x kerja di ikn, ikut bagian begisting, artinya kerja,an jalan tapi bayarnya molor ,jauh sekali dengan kerja di Jawa, waktu bayaran tpat",0,1,0
"Berdasarkan pernyatan menteri PUPR per tanggal 6 Februari, anggaran IKN diblokir oleh Sri Mulyani karena UANGNYA TIDAK ADA.

Apakah pembangunannya akan mangkrak? Silahkan pikir sendiri.",0,1,0
Syukurlah,0,1,0
"kenapa ga boleh makan kecap manis, bro 😅😂",0,1,0
Kok semua mantan pres meninggalkan proyek besar ya..dulu sby sekarang mulyono..bukannya meninggalkan prestasi yg membanggakan tp membuat rakyat menderita,0,1,0
"Min ojok iri, kalau goblokk sekolah sek, . Dasar otak ngumpul karo taek.",0,1,0
Yg katanya banjir itu betul tidak ??,0,1,0
Ngrang aja kau 😂😂 itu anggaran yang saat ini di kerjakan adalah anggaran 2024. Untuk 2025 belum jelas dan tanda-tanda dana untuk 2025 bisa saja di blokir. Karna ada hal lain yang harus di jalankan Prabowo 😂😂,0,1,0
Mantap IKN is the best,1,0,0
Di era jokowi. Ibu kota pindah ke ikn. Alasan nya krn untuk menghindari macet. Banjir dn takut jkt tengelam. Di sisi lain pemerIntahan jokowi menjadi kan proyek FIK 2 sebagai proyek NASIONAL 😂 pdhl proyek fik 2 itu di pingir laut 😂 pertanyaan nya adalah ??👀 kita yg bodoh apa kita yg di bodohin 😅😂,0,1,0
Knpa gak masuk bendungan sepaku semoi bosq,0,1,0
IKN Diberitakan seindah apapun tidak setuju kecuali rakyat diperhatikan lebih dulu.,0,1,0
"Bosen bosqu,, hari"" Di lewati",0,1,0
Mantap,0,1,0
Yakin lah mulyono harus bertanggungjawab atas proyek ini....ini bakal mangrak pa lgi sri mulyani da mblokir dana untul proyek IKN...blom lagi program gagal makan gratia,0,1,0
"Ini baru cenel yutup yg jujur....mencari caskrep bukan dgn cara menfitnah,mantap semoga sukses bos.",0,1,0
"Banyak orang china nya,..",0,1,0
Mangkrak itu ya hambalang😂,0,1,0
👍👍👍👍,0,1,0
Halah ndopok,0,1,0
"Serem banyak setannya, sepi... 😢😢",0,1,0
Kamu keren. Brow❤❤❤,0,1,0
Iso2 malah bengkrat hotel ..kok larang eram nyewone.. neng Malaysia ae hotel mewah paling satu malam 500 ribuan saja,0,1,0
Mana bagus,0,1,0
"Memang banyak sekali berita yg diplintir2 seolah2 semua salah, cuma yang di liput tetep di jakarta aja, brarti kan semua cm di jkt yg tdk suka kalau negaranya maju, seolah2 aja",0,1,0
Para politik indonesia ini gmna ya  .....ko banyak yg seneng llo IKN ...mangkrak . .itu kan buat ikn masa depan indonesia maju . . .harusnya kan mendukung . ..buat indonesia . . .buat indonesia ...kita dukung bersama nesionalisme,0,1,0
"Saya 6 bulan disini krja disini .. Krja disini 24 jm  krja sif""an...ribuan masyarakat yg krja disini.. Sy lgi ngerjain pendopo n rumah wapres..",0,1,0
NgomongoMin,0,1,0
Belum ada warteg😅,0,1,0
Tipu tipu omon omon,0,1,0
"*Yang ngomong IKN Mangkrak pasti orang2 yg terganggu otaknya, saya orang penajam setiap hari selalu jalan2 ke IKN*",0,1,0
Yg bilg mangkrak itu ...yakin barisan sakit hati 😂,0,1,0
Yg bilang mangkrak liat dari lubang sedotan😂😂😂😂,0,1,0
"😂😂😂😂Ini logat Jawa Timur..lucu.""
Hati pendengki ya gitu....menjelek2kan Bangsa sendiri.""
Keponakkan Saya teknisi ..sampai detik ini masih aktif di IKN😂😂😂
Waaaah.. Swissoel hotel???
Keren...hotel yg di bawah jam dekat Masjidil haram....
Warna lantai juga identik hitam..sama dg Swissoel hotel yg di masjidil Haram",0,1,0
Mantap...tp dananya d blokir..😂,0,1,0
Hai para pembenci Jokowi Rocky pak amin  refli Harun bang Edi lihat vidio ini yang katamu mangkrak seperti rumah hantu,0,1,0
Bermegah megah lah dalam pembangunan... sedangkan rakyat mu makin miskin di Bebani bermacam pajak yg ujung ujung nya di korupsi dgn cara modus proyek proyek abu Nawas 😂😂😂😂😂😂😂😂😂😂😂😂😂😂😂😂😂😂😂😂😂😂😂,0,1,0
"Saya org proyek..
Dh 3x krj di proyek ikn.
Lo yg dh  bgus ja Lo vidio in.
Msih PD parah kanan kiri hutan. Lom jln dll msh parah.
Lo bhongin org2 Mulu dosa Lo semana lo",0,1,0
Saya yaqin mangkrak 😅,0,1,0
"R
R
R
R
R
R",0,1,0
"Temen saya kerja di IKN, untuk instalasi listrik Bandara, emang pembangunan masih jalan kok",0,1,0
"Sangat bagus,,,tp syng mkn biaya yg sngt besar bikin ekonomi rakyat makin susah...",0,1,0
sejak indonesia gabung brics banyak isu oomon omon tai😂😂ikn inya allah lancar.asal tidak di korupsi dana nya,0,1,0
Hnya pmbnci kemajuan Nusantara....yg mmbuat konten2 & berita hoax......lnjut bosss,0,1,0
"buang buang dwit saja lh,masih byk rakyat yg membutuhkan,klau mangkark yg bagus lh,hanya buang2 dwit wa.",0,1,0
Mata anggaran sidinlisi,0,1,0
Keren lagi pas waktu malam hari caaaak....,0,1,0
"""Garuda melindungi pejabat"" negara""😅",0,1,0
"Hadir,,,sampai sakarang masih mencari rejeki di ikn",0,1,0
Y dulu masih berjalan ketika keuangan masih ngalir nah skarang kalao dana nya udh di blokir emang kuli bangunannya ga harus di byr kerjabajti emang mau,0,1,0
IKN ... wkwkkwkwkw kagak ada orangnya 😆😆😆😆!!!!,0,1,0
"Cara menggerakkan kamera tak beraturan, dan dari satu objek ke objek lainnya terlalu cepat sehingga yang menonton jadi pusing.",0,1,0
Memang mantap...hasil dari kata optimis pak jokowi,0,1,0
Keren lu bang,0,1,0
"Om, katanya hanya mobil listrik yang boleh masuk. Mobil bensin/solar dilarang masuk. Apakah Alpard yg om pakai atau mobil2 yang ada di video ini semua mobil listrik?",0,1,0
IKN program bagus tp bnyak yg lbih pntng lah dri pada ini proyek.. dan nyatanya bnyak yg kerja kagak di byar..😂😂  gak mangkrak tpi fix bkal di tunda sama pak prabowo,0,1,0
Jangan PERCAYA itu hanya GAMBAR MAKET itu HOAX dari PELIHARAAN Mulyono 200 % HOAX Kasihan deh lu,0,1,0
bebas dari banjir apa gak,0,1,0
Yg ikn mau mangkrak orang gobloak,0,1,0
Wuihhh.hotele rek gk kalah mbek Singapore..keren !,0,1,0
KENAPA HARUS *IKN* ...,0,1,0
"Makasih video nya Bung, luar biasa mantap.",0,1,0
Jakarta akan tenggelam pada waktunya. Lanjutkan pak Prabowo,0,1,0
"itu ngabisin anggaran 24 utk 25 anggaran stop, tanda2 mangkrak",0,1,0
Ternak nya lemu2 tibak e,0,1,0
Ikn proyek bodoh,0,1,0
Bangga bgt  dgn ikn   yg merupakan jti diri bangsa   dan kedaulatan indonesia  bkn  warisan blanda . Sjrh baru  buat indonesia  nkri harga mati  tetap jaya merdeka  tetap bersatu waspada para  pengasong khilafah  ..yg mau merubah negara kita ..dan adu domba  pribumi . Dan orang 2 para barisan skit hati yg betusaha menggagalkan . Pembangunan ikn ..,0,1,0
Jangan Apv grobak pun bisa masok,0,1,0
Maklum yang bilang mangkrak golongan itu2 saja,0,1,0
Mantaab... skrg anggaran ikn di blokir ..😂😂😂,0,1,0
"Matursuwun nggeh mas  seneng ikutan keliling IKN walaupun
cuma  lewat hp 👍",0,1,0
Josss,0,1,0
"Kko mqngkrak presiden hrs dihukum ,krn itu ada uu nya ada keppresnya ,",0,1,0
Keren banget,0,1,0
"17 Agustus aku kesana aku lihat ,pembangunan masih 60 persen ,menurut pengelihatan saya.tapi klw skarang gua GK tahu ???",0,1,0
"Yang ngomong ikn mangkrak adalah pembohong, ayo siapa yang ingat siapa saja pembohong di nusantara ini",0,1,0
Investor nggak ada.. kasian😂😂,0,1,0
ada ada aja kerjaan lu ya bong.. 🙄,0,1,0
"Nggak apa-apa, ikn jalan pembangunan nya, tapi jangan jadi ibukota. Pesisir nanti diambil alih...😂😂😂",0,1,0
https://www.youtube.com/watch?v=3P_s-EE4aVU,0,1,0
"Terimakasih bang,aku jd tau IKN,gk harus kesana,karena berat diongkos🤣🤣",0,1,0
Mantab bg  andy   .Rh cs  rg cs dan para barisan sakit hati ..tau kebenarannya ..  hotelnya dah ada yg nginep blom boss  hhh,0,1,0
"Berarti chenel jangkrik tu,  trnyata mulutnya yg pnuh jangkrik",0,1,0
Wuihh ternyata keren banget ya IKN....👍,0,1,0
"Wkwwk bazer mulyono,,inflcr sewaan aguan dan mulyono",0,1,0
Itu istana Batman Gotham city,0,1,0
Waoow kereen sekali ibukota baru Negaraku Indonesia tercinta IKN,0,1,0
Rakyat kecil cuma liat aja. Yg aku butuh rakyat kecil makmur,0,1,0
Kereeen poool cak  ❤,0,1,0
Mantap yg gk mndukung dh klihatan  bukn org Indonesia...,0,1,0
"Ora urgen blas ambisi pribadi mulyono, bikin apbn defisit utang menggunung",0,1,0
Kalau yang sudah tidak setuju atau sudah tersakit hati kebenaran apapun yang diperlihatkan tidak akan bisa menerima kenyataan yang baik buat kita semuanya... setelah melihat postingan ini pasti katanya editan video 😂,0,1,0
Tq mas broo info update nya mengenai pembangunan IKN... sangat berguna utk mencerahkan banyak orang yg meragukan konsistensi pemerintah... Josh gandos pokokment... ❤❤❤,0,1,0
Gw gak percaya sama buzerp mulyono 😂😂,0,1,0
LUAR BIASA Jakarta jadi seperti desa. Lalu kenapa ada yg bilang mangkrak. Maklum mereka itu TDK mampu kesini gak gableg duit apa matanya katarak,0,1,0
Mantep mas andy salam dri bombana,0,1,0
"Suka dengan konten yang baik"" bukan hoax. Alhamdulillah semoga pembangunan  IKN lancar dan vepat selesai.",0,1,0
Alhamdulillah masih di bangun o sedikit sedikit dapat untung,0,1,0
"Harus dilanjutkan karena sudah banyk memakai uang negara
Ibu kota memang seharusnya pindah ke IKN",0,1,0
Plis inpes tu mai kantri😂,0,1,0
mangkrak,0,1,0
PARA PEMBENCI .....ITU PENGHIANAT NEGARA... TDK INGIN NKRI MAJU,0,1,0
"Kira2 bermalam disitu apa gk digoda hantu ya, krna suasananya sueppi gitu.",0,1,0
Orang kayak rakyat mana bisa  mau ikut . Ikut  ke ikn.,0,1,0
Melihat bahasane wong Jawa timur Mas ini. Wong Suroboyo..keren Mas..Salam Sehat selalu..,0,1,0
"ikn skr bukan prioritas pemerintah, prioritas skr makan bergizi gratis, 3 juta rumah subsidi",0,1,0
Update berita prabowo udh blokir dana untuk Ikn 2025😅😅,0,1,0
"PRABOWO SUDAH DI JALUR YANG BENAR,.. JANGAN MAU DI PROVOKASI!   MARI KAWAL DAN DUKUNG PAK PRABOWO",0,1,0
"Hebat Pk Jokowi Sang Mantan Presiden di lanjut oleh Pk Prabowo,Sehat terus ya Pk",0,1,0
Alasane mangan soto ra oleh nganggo kecap i ngapa ta cak. 😅,0,1,0
Kereeeen ❤❤❤❤❤❤❤❤❤❤❤❤,0,1,0
"dari pada gae pejabat terus,, mending gae buka lapangan pekerjaan di ratakan.. indonesia masih banyak pengangguran karena lapangan pekerjaan tidak merata karena pilih2 karyawan,, makanya banyak kejahatan ,jadi jangan salahkan rakyat terus,, perlu untuk kesadaran para penguasa negara untuk kesejahteraan rakyat.",0,1,0
Mau mangkrak mau apa pokoknya rakyat perlu lapangan kerja begok,0,1,0
Sing omong ikn mangkrak culek matane tapok cangkeme yg stuju acungkan jempol,0,1,0
Hadeuh gaetnya Amatir 😅,0,1,0
"Waaaaw cakep,,, banyak amoy nya",0,1,0
"Apa manfaatnya ikn lol, sekalipun jadi buat rakyat,,,mikir, gak malu apa buat konten, ingat ikn hasil dari kesedihan rakyat",1,0,0
"Yg adem adem gini gue suka,langsung tak subrek Kang.",0,1,0
Mantan ikn .buka mata yg blg mangktak,0,1,0
"Wessss ,gek ndang pindah , ben marem ,seng pro otak dungu,",0,1,0
Weh Xeon 125GT boleh masuk😂 weh APV boleh masuk😂,0,1,0
Buzzer nmbah lgi,0,1,0
"IKN Mantab, kebanggan bangsa Indonesia.",0,1,0
Mana yg koar2 ikn....cepet2 dah mudik ksana.....koplaaaak,0,1,0
"Tolong kasih tau mba amin.......mgkn dia ga punya paket data, buat cari berita tentang IKN",0,1,0
Ubur ubur ikan lele IKN kreeeeen leee,0,1,0
Sebagian yang di setop bos gak semuanya di bangun sekarang..,0,1,0
Keren ko andi..sdh d kotaku...😊,0,1,0
memang sepi bang😅😅,0,1,0
Kera Ngalam.Ko...,0,1,0
Ya bentar lagi mangkrak pembangunan IKN ini 😂😂😂😂.,0,1,0
"2030 baru bisa pindah ibu kota . Dan 2030 di perkirakan Indonesia bubar . Jd hari ini silahkan di pamerkan perkembangan IKN , tp bayang-bayang mangkrak sudah di depan mata . Karna selama tdk berani memberantas korupsi , selama itu jg omong kosong .",0,1,0
"BANGGALAH SEBAGAI ORANG KALIMANTAN, IBU KOTA NEGARA BERADA DITEMPATMU .",0,1,0
"Yang bilang mangkrak g pernah datang ke lokasi, hanya melihat dri medsos nya orang yg sakit hati....🤭",0,1,0
"Dana 2025 di blokir , proot",0,1,0
"OTEWE SELANJUT NYA MANDALIKA,bang.....",0,1,0
"Ada hotel dengan biaya 35 jt per malam. Wow,  banget harganya!",1,0,0
"Laa neng Suroboyo weruhe lumpur lapindo neng ikn weroh  hotel ,gumun wong ora pernah ngerti Kuto",0,1,0
Jadi ingin liburan kesana,0,1,0
"Mantaffffffff
Lanjotttt terussss",0,1,0
Org china pulak yg rame nongkrong di coffee shop itu😢,0,1,0
Jadi... itu istana ke situ ??,0,1,0
Mantap roky brong mkin stres melihat ikn yg begitu kren,0,1,0
Muanteppp bang 👍👍👍,0,1,0
"Betul bosss,buktinya aku masih nguli di proyek Istana wakil presiden",0,1,0
"Yg bilang ikn mangkrak, itu pembenci pk jokowi,ayo debat sini yg berani ,uwek uwek",0,1,0
2025 dana ikn tidak cair 😅,0,1,0
"mantap buat syuting film horor yg berjudul ""kutukan mulyono""",0,1,0
Mohon ijin abang abang dan mbak mbak netizen doakan suatu saat saya bisa tinggal di gedung IKN .. 🙏,0,1,0
Belum mangkrak..😂😂😂,0,1,0
"P EMBANGUNAN YG MEMERAS KERINGAT RAKYAT,,!! MELALUI KENAIKAN PAJAK 12% Utk KEUNTUNGAN OLIGARKY,,!! Belum Tentu RAKYAT SEMUA MENIKMATI, KeCuali,, PINTU MASUK ASING,,!! SEPERTI YG BICARA INI MENJILAT DALAM  PHENOMENA KEBANGGAN PERSONAL,,!! RAKYAT TIDAK BUTUH INI,,!! YG DI BUTUHKAN RESTIBUSI DARI SANDANG PANGAN RAKYAT YG BISA TERJANGKAU MURAH,,!! RAKYAT BELUM TENTU MENIKMATI KEMEGAHAN PROYEK INI,,!! KECUALI KELUARGA Ex Presiden yg BUKA IKN INI,,!! KARENA IKN RAKYAT DI PAJAK MAHAL,,!! YG MENIKMATI HANYA SEGELINTIR ORANG YG Sdh Ada PERJANJIAN DARI BICARA KEBOHONGAN PADA RAKYAT,,!! YG PERLU ITU BERAS DAPAT MURAH, MINYAK TANAH, dan GAS GAMPANG DI CARI,,!! Sembako Terjangkau,,!! Itu yg PERLU,, di TUNJUK Kan,,,!! Bukan MENJILAT,,,!!",0,1,0
Keren 😎🆒 mantap 👍,0,1,0
"yang ngorong ngorong juga dapat upah banyak kan 
Makanya mau teriak 2",0,1,0
Mantap bolo,0,1,0
Ternak e MULYONO ki....?!!!😂😂😂,0,1,0
"Masyaallah megahnya,,muda2han tdk banyak melahirkan koruptor nantinya🤲🤲🤲",0,1,0
"Alhamdulillah ,kami warga Tumang boyolali ikut kecipratan rejeki dari proyek ikn",0,1,0
yg bilang mangkrak itu yg g senang sama pk jokowi dan pk prabowo,0,1,0
"La emng ada pmbangunn,ad ank ttangga syq krja di sna",0,1,0
amin rais bilang mangkrak.,0,1,0
Liat baik tuu Poro orang sakit hati...GK mangkrak tuuu.,0,1,0
"Org"" tolol negaranya membangun yg ndak"" katanya , kelihantan kalau hatimu ndak bagus",0,1,0
"Pelan"" gpp,pntg gak hasil korup ,",0,1,0
Terima kasih mas bro info nya semoga sehat selalu ....lanjutkan informasikan yg benar ....bod mantap,0,1,0
Nginep kooh,0,1,0
Bagamana pun ibu kota enak di jakarta 😂,0,1,0
"Bhs Jawa ne mantep mas, sy suka nii terasa ikut jalan"" di ibu kota Indonesia yg baru,
Sama ini buat nampar mulut org"" yg bilang IKN mangkrak tu",0,1,0
Koh ada motor nyelip 😅,0,1,0
"Sehat sehat kohh,Salam buat mami",0,1,0
Salut dengan IKN di Kalimantan mantap,0,1,0
"klo berita ini bener gk cih ktnya dana untuk IKN di blokir ?  
https://youtu.be/3P_s-EE4aVU?si=tuAFUnBmXIvzpZMF",0,1,0
Tp ko g ada aktifitas para pekerja sih mas,0,1,0
Influencer mah bebas 😅😅😅 nama nya juga influencer. Yang penting dapet apa apa. Gak peduli negara hancur APBN BENGKAK. mana ada influencer yang peduli. 😅😅😅😅,0,1,0
Tai,0,1,0
Saya dari jateng ikut bangga,0,1,0
"Pembangunan Mangkrak...
Emang ada uamgnya.....utk melanjutkan pembangunan",0,1,0
"proyek bakar duit rakyat , org waras contohnya pak doni dan pak bambang mantan ketua ikn resign kaga sanggup ngurus proyek halu",0,1,0
"Yang bikin konten buzzer,yang jadi reporter buzzer..yang pilih pilih vidio buzzer..jelas hebat IKN..hidup buzzer dari pemberitaan..nanti klw sudah seret keuanganya baru ditinggalkan.. 4:42",0,1,0
"mangkrak mending dijadikan dufan 2 , anggarannya tahun ini dicoret 😂",0,1,0
Ooo ini buzzer influencer??,0,1,0
Apakah penduduk setempat bisa ya menikmati pembangunan IKN. Sewa hotelnya ja semalam 35 juta. Kesimpulannya yang bisa menikmati hanya orang kaya dan para pejabat. Rakyat kecil hanya bisa nonton...,0,1,0
"Gara2 ini yang debelain, negara hampir bangkrut, hutang menggunung, anggaran PU di pangkas hampir habis, pajak naik, gas harus ngantri, laut disertifikasi dan banyak lagi pelengkap penderitaan tapi tetep saja banyak yg dongo",0,1,0
Faktanya asli mangkrak belum selesai perlu waktu untuk sampai selesai bangunan semuanya,0,1,0
"Baguslah , semoga cepat selesai dan pak Presiden Prabowo segera pindah ke IKN . Ini kabar gembira cita cita para ASN yg ingin pindah ke IKN segera terwujud. 
Anggota DPR yg ngelihat channel ini pasti langsung syukuran saking gembiranya akan menempati kantor barunya yg megah .",0,1,0
itu exelso buka,0,1,0
Ikn lambang simbol kehancuran rezim reformasi perubahan bejat yg teriakk makrak gk di urus jd gudang hantulah jadi paham kadrun onta komunis lah jadi paham sodrun benteng komunis lah jd soekarnoisme lah bjuk kritikkan reformasi perubahan bejat selama 26 thn di rubah krna Reformasi gagal total mimpin negara oleh jokowi Indonesia maju klo ikut Reformasi perubahan bejat jd 79 thn ind berdiri zhok klo ke arah reformasi ideologis komunis,0,1,0
"WASPADAI Ormas⁴ HTI👪🐫,FPI 🐫👪ORMASnya KHILAFAH, klan² BA'ALAWI👪🐫,IKWATUL M, SELIWERAN, berANAK PINAK Tanpa KENDALI/Tanpa KB,KOPAR KAFIR, HARAM HALAL Dst juga mengACAK² Di TANAH LELUHURNYA BANGSA DAYAK PRIBUMI Pulau Kalimantan/BORNEO 🇮🇩👀✅",0,1,0
"Sangat setuju ibukota pindah dari Jakarta, tapi tidak harus sekarang juga, masih banyak sektor lain yang lebih sangat penting untuk pemerataan pembangunan, untuk kesejahteraan rakyat seluruh Indonesia, terlepas  dari prokontra yang jadi perdebatan antar pendukung Pak Jokowi dan yang lainnya

salam dari solo, alumni KHT, seangkatan pak Zaenal Arifin pj. Bupati Panajam Pasir Utara",0,1,0
"Kerennnnn,,,,,dapat tanah 5 ru",0,1,0
Wong orang jalan aja ga ada apalagi tamunya darimana datangnya ???,0,1,0
"Siiiip..! 
Mantuul!! 

ILN karya jokowi utk Indonesia Timur..! 
Jayalah Indonesia Timur... Kemajuan mu ditunggu jakarta!",0,1,0
"Pindah pikirin dulu, semua  negara yang pindah ibu kota gagal kalau terlalu jauh... Silahkan lanjutkan pembangunan supaya di museumkan.. Supaya enak dikunjungi",0,1,0
"Dibuktikan saja bakal jalan atau tidak.
Nanti sejarah mencatatnya.
Jangan banyak koar-koar karna yg dibutuhkan adalah hasil akhir.",0,1,0
1hari 1mlm berapa harga nginapnya,0,1,0
Settingan ini.....demi konten,0,1,0
Hotel Swiss bagus banget anjirrrr,0,1,0
Semoga sampean dan mulyono beserta keluarganya pindah ke sana jangan lupa bawa gibran ..tinggal selama nya,0,1,0
"Argumen thd alasan2 pindah Ibukota : 
1. Ibukota letaknya bagus di Tengah Negara, pdhl dari utara selatan dan barat ke timur, yg lebih tengah adalah di Kalsel. Dan tidak ada teori atau ajaran ibukota negara hrs di tengah, liat saja negara2 besar mulai Australia, Jepang, China, India, Arab S, Rusia, Jerman, Perancis, Italia, Amerika, Kanada, Mesir dll, tidak ada yg di tengah. Ibukota lebih dipilih krn faktor Historis, Keamanan dan Ekonomi.
2. Pemerataan Pembangunan, bgmn bisa disebut pemerataan pembangunan klu uang sangat besar hanya digelontorkan di satu tempat, dan efek ke sekitarnya jg tidak terlalu besar, krn tidak terjadi pemindahan pusat industri dan perdagangan. Beda klu dana besar tsb dibagi ke setiap provinsi untuk pembangunan jalan, jembatan, irigasi, sekolah, rumah sakit, listrik dan air serta sektor produktif lainnya.
3. Agar mengurangi kepadatan di jawa khususnya Jabodetabek, apa bisa ? Klu yg pindah hanya birokrasi dan aparat yg blm tentu membawa keluarganya, brp banyak, lum tentu sampai 200 rb orang, apa berdampak signifikan, hanya akan menambah beban ekonomi dan sosial baru, khususnya bagi orang2 yg dipindahkan dan sdh jelas menambah beban anggaran negara.
4. Pindah ibukota agar ada peningkatan kesejahteraan di wilayah baru. Apa gunanya krn di Kaltim tingkat kemiskinan lebih rendah dari di Jabar dan Banten yg dekat Jkt. Jd jelas sdh terbukti daerah di sekitar ibukota lum tentu akan meningkat perekonomiannya, aplg klu hanya untuk menjalankan roda pemerintahan.
5. Pindah ibukota krn Jkt akan tenggelam, harusnya kita tidak lari dari masalah. Belanda sdh ratusan thn terancam tenggelam bkn hanya ibukotanya, apa Belanda harus memindahkan negaranya ? Selalu ada solusi, anggaran besar IKN bisa dialihkan mengatasi banjir Jkt, tentu tidak sampai sebesar itu.
6. Tambahan : IKN terlalu dekat perbatasan negara2 lain. Kecanggihan teknologi Militer memungkinkan Ibukota mudah dan cepat terkena serangan bila terjadi konflik.
7. Tambahan lagi, APBN selalu Defisit Bertahun2, Penerimaan Pajak tidak pernah mencapai target, Rupiah selalu lemah dan ketergantungan hutang, shg tidaklah tepat untuk membangun Ibukota baru....
 Sadarlah........🤔",0,1,0
IKN top semoga suatu saat bisa melihat langsung ke lokasi.,1,0,0
Terimakasih banget OM... Dah ngajak Rekreasi  lebih dekat di IKN.... Moga Amal baik buat Jenengan Om.. ❤,0,1,0
"Makasih METROWIN88, rezeki hari ini bikin hati senang banget!! 🤗🫂",0,1,0
"Tapi aku tipe org yg setia, aku pengen jkt ttp jadi ibukota indonesia",0,1,0
Sukses selalu bosku 👍,0,1,0
Yg bilang mangkrak belum pernah ke IKN 😅,0,1,0
IkN ora mangkrak. Tapi muangkraakkkk😅😅😅😅,0,1,0
"Jd merasa bngga pernah jd bagian ikut babat alas, dan sekarang sudah keren bngt..",0,0,1
Matane Roky terong disuruh dkk diisi pasir,0,1,0
Sekalipun Bapak Jokowi sdh purna tugas tp kami tetep bangga akan kepribadian bliau sdh dgn tulus dan semangat yg luarbiasa membangun indonesia kami tentu berharap presiden prabowo terus melanjutkan cita2 yang maha karya ini.,0,1,0
Saya rela dan iklas para pembenci jokowi kayak rokky garong dan amin raiso dll diajak ke ikn diinapkan di hotel yg taripnya 35 juta biar tahu bahwa ikn itu proyek NKRI kedepan,0,1,0
"Boleh tanya gak MasBro, kenapa makan soto gak boleh pakai kecap manis😂",0,1,0
"IKN membanggakan, salut buat presiden prabowo IKN terus dikebut pembangunannya...Semoga sehat selalu bapak",0,1,0
IKN Memang muantep tenan Cak..Salam sehat selalu dari PADANG SUMBAR.🙏🙏🙏,0,1,0
Tinggal.o d ikn aja cooo kalo bner ikn sukses 😂😂😂,0,1,0
Satu malem 35jt cukup biaya hidup keluarga kecilku untuk satu tahun.bahkan bisa jadi ga habis dalam satu tahun,0,1,0
Wahhhh beban negara pasti berat ya....apalagi gak ada investor asing masuk. Jadi beban APBN padahal kita rakyat dibebani pajak seabrek2....IKN berlanjut ya alamat Indonesia kalang kabut 😅,0,1,0
Kn yg blg mangkrak buta 😂,0,1,0
joos lanjut,0,1,0
"Mantappp, Bang. 🎉🎉",0,1,0
🔥🔥,0,1,0
Pakek S25 Ultra Lebih Josss Kameranya,0,1,0
Ayo cepat pindah Gibran dan Raffi Ahmad.,0,1,0
"Mantaaabb bosku
Mudah2an nanti kalau IKN sudah berjalan
Indonesia makmur....
Aamiin...

#bahasa mandarin bisa jadi bahasa nasional",0,1,0
Namanya juga org yg hatinya dengki mulutnya tdk terkontrol sebaiknya ditindak biar tdk membuat kegaduhan kami WNI ingin hidup tentram damai sejahtera di bumi indonesia❤❤,0,1,0
Memang sepi ko,0,1,0
Arti kata mangkrak itu apa..,0,1,0
Mana pekerja nya,0,1,0
UNTUK MELINDUNGI PARA KORUPTOR,0,1,0
Pejabat2 publik yang tinggal di Jakarta yang TIDAK mau keluar dari Zona nyaman cendrung menjustifikasi kalau proyek ibukota Negara Nusantara itu mangkrak,0,1,0
Oemjiii pakde andy...🙃,0,1,0
Tambah dibangga bangga tambah jd bebanrakyat jgn bnyk  puji2 prioritas nasib bangsa.mangkakin aj.,0,1,0
Jelas calon mangkrak .. Prabowo idak memproritaskan nya lagi 😋,0,1,0
👍👍👍👍👍👍👍💖💖💖💖💖💖💖🙏🏻🙏🏻🙏🏻,0,1,0
"Meeting sj 35 juta utk pejabat ,bangrut toh mas negara ini..bener sj mas...",0,1,0
"Opo Maksute soto Ra oleh pake kecap, aku Ra mudeng mas, AQ Yo asli  wong IKN loh",0,1,0
ngga ada penduduknya....,0,1,0
Opo se cak wong yo sepi ngono..masiho dadi yo gk no aura po mnh wibawa,0,1,0
"Yang membuat mahal dan banyak mikir, karena IKN bangun dari 0. Dan biaya operasional untuk para pejabat juga gak kalah luar biasanya....meski bolak balik JKT-IKN. Kecuali semua pejabat, dan keluarganya diboyong ke IKN. Dan masih satu lagi, bagaimana dengan kebutuhan mereka sehari-hari. Itu juga perlu diperhitungkan. Kalau dibandingkan 5 tahun di JKT dan 5 tahun di IKN, cost tetep mahal di IKN.",0,1,0
Top,1,0,0
"Keren mase, sehat terus mase",0,1,0
Ud g banyak ngomong segera diselesaikan biar cepat pindah ibokota negara......klu g segera ditempati jg belum selesai....brooooooo...,0,1,0
Jakarta auto iri😂😂😂😂,0,1,0
Hahaha satu lagi kaum dungu bikin konten !!😂😂😂😂😂😂😂😂,1,0,0
Halah,0,1,0
Jadi ingat Dono Warkop DKI suara dan cara ngomongnya mirip banget 😂😂😂😂😂,0,1,0
"Kalian kalau ke IKN sendiri, pasti kerasa semangat dan nilai-nilai yang dibawa dengan dibangunnya di kota ini, jadi mampir dulu coba",0,1,0
"Siapa yg ngomong ikan itu mangkrak itu orang yg tak bisa
 Melihatttttt",0,1,0
Boleh juga,0,1,0
Bg tunjukkan video ini ke mulutnya byk bacot itu.,0,1,0
"gedabruuusss ajah loe ah mata kamu itu picek lihat di daerah yang tertinggal banyak gedung sekolah yang sudah tidak layak, jembatan di desa-desa yang hampir ambruk dan bahkan ada yang belum punya jembatan,mata kamu picek IKN buat siapa? masarakat yang mana? ujung-ujungnya cina komunis yang datang dan jadi warga IKN.",0,1,0
Hanya orang yang sakit yang mengatakan ikn mangkrak,0,1,0
Trus ikn buat apa bang awal dibikin,0,1,0
"Ternyata selama ini hanya isue negatif yg diberitakan oleh si provokator yg punya kepentingan tertentu, yg benci ibukota pindah dikalimantan.",0,1,0
"Kita lihat coba 6 bulan.
Rakyat menunggu",0,1,0
"Masih sangat jauh bro, perlu biaya sangat buanyak bro, akses seperti Jabodetabek perlu ada, perlu investor asing. Nggak mudah bro, bangun ibukota itu memakan waktu kisaran 20 - 30 tahun. Kedepannya mangkrak bro, nggak ada investor asing. Anggaran keuangan terbatas bro ...
Kondisi IKN skrg masih jauh/seupil bro . ...",0,1,0
"Aku pesimistis.
Kendalah utama adalah masalah pembiayaan.
Rancang jangka panjang ok.",1,0,0
Sepi itu baru bener,0,1,0
Proyek penuh misteri si mulyono😢,0,1,0
Yang kebanjiran itu dimana ya,0,1,0
Sampah sampah negeri harusnya dibersihkan,0,1,0
Berak u,0,1,0
Keren,0,1,0
Rt 16 sama Rw 24..kejang2 lihat ini😂😂😂,0,1,0
"Brarti pemerintah dn staf* bawahannya hrs bnr* amanah utk rakyatnya bnr*, jstru dg adanya IKN klo pmrintah pusat mcm* tdk amanah mempermudah ALLAH SWT klo mau membinasakan sekali gempa or tsunami lgsung satu kawasan IKN maka habislah tamatlah Pempus, smoga sukses pemerintah dn rakyatnya sll, Aamiinn Aamiinn Allahumma Aamiinn...🤲🙏🤗",0,1,0
"Hanya orang orang dungu dan bodoh, yang bilang ikn mangkrak😂😂",0,1,0
Uang pembayaran pajakku dipake bangun IKN,0,1,0
"Emang ga mangkrak bang 
Karna aq salasatu yg kerja d sekitar istana/ d dalem istana ikn
Aq sendiri sudah 1thn sampai saat ini",0,1,0
Kode2... PTPP... WIKA 😂😂,0,1,0
"Kenapa jokowi dulu ga pindah duluan,ga mau kan! bilang blom siap,lah.. org ga punya duit ko maksain bikin IKN,boleh utangkan,bnyak korupsi nih disini,emangnya kita punya duit,nah siap2 aja keluarin duit buat pindah duit siapa tuh bayar utangnya gimna tuh",0,1,0
SAYA NENEK NYA KALTIM MALAH BELUM JALAN JALAN KE IKN 😅,0,1,0
Terus knapa kmarin masih terendam banjir katanya bebas banjir,0,1,0
"Sibuk ngurusin IKN kedaulatan  laut terjual ke 9 naga 🤦
Lama"" laut habis di jual,😭",0,1,0
"Bagi yg bilang mangkrak....kita main logika saja negarakan sudah mengeluarkan dana besar2 an u IKN sebagian sudah jadi bangunannya...jadi secara logika pembangunan akan dilanjutkan terus ya walaupun dana pembangunannya lebih kecil ya sekala prioritas saja. mungkin Pemerintahan sekarang mau jalankan makan gratis u anak sekolah dulu ya nggak Apa2.
Kalau sebagai anak daerah saya pinginnya IKN cepat jalan dan selesai, karena Jakarta sudah terlalu padat sering banjir dll.",1,0,0
Top markotop logat jawa timuran ketemu logat kalimantan... Gurih 😂,1,0,0
Nonton ilc.. kata  Roky ada suplayet pasir dari palu belum di bayar .ada kontraktor belum dibayar. Ada tukang bunga d malang di hutang dak dibayar... JD biasa saja jangan terlalu euporia. Ikn akan kelar tapi ntah tahun berapa..JD otak waras di perlukan.,0,1,0
IKN perjuangan bangsa... Dan akan jdi Ibu Kota negara dan lebih bgs dan maju di segala bdang.,0,1,0
"Bang maubtanya di ikn ada hantu Amin Rais gak ya , 😂😂😂 kalo ketemu titip salam sama hantu Amin Rais yang gentayangan di Ikn,sukses selalu bang, salam NKRI",0,1,0
"Pembangunan Kota Baru Saya Setuju Tapi Dijadikan Ibu Kota Terlalu Jauh, Apalagi Kalimantan ini Sangat RENTAN Diserang Secara Militer Dibandingkan Jakarta Jika itu Ada Serangan dari Singapura & Malaysia Mereka Harus Menguasai Pulau Sumatera dan Apabila itu Serangan dari Australia Mereka JUSTRU Dihadapkan dgn Nusatenggara Bali Dan Jawa Dan Jika itu Serangan Dari Papua Nugini Mereka Harus Menghadapi Rentetan Pulau2...Seharus nya Kalimantan itu Dijadikan PUSAT MILITER",0,1,0
"MasS Boss Ke IKN,umpama Bawa 20jt cukup apa ndak ya",0,1,0
IKN di tutup masalh Anggara,0,1,0
"Itu menteri PU barusan menyatakan anggaran IKN di blokir 2025 gimana ya bang? Katanya 2025 gak ada progres karna dananya gak ada

Tpi mungkin ada dana lain dari sumber lain dari negara ya mungkin,

Mantap IKN",0,1,0
Pembangunan harus merata... Jangan satu tempat,0,1,0
BOKONGNYA DAH BERSIH OM,0,1,0
"Semoga pas ikn di huni penghuninya bukan iblis koruptor, karena sangat di sayangkan kalo isi nya iblis koruptor, bangunan semewah itu, masyarakat ga ikhlas ridoh KLO penghuni nya para koruptor",0,1,0
Semegah megah istana negara kalau masih mendengar kasus korupsi triliunan sangat mengecewakan hati,0,1,0
Indonesia banyak uang nya.. Bebas mau bangun apa ajah..,0,1,0
Kerja cuma habisin anggaran 2024 yg sudah cair .anggaran 2025 g ada uangnya,0,1,0
Cocok untuk wisata 😅,0,1,0
Mantap..,0,1,0
Yang bilang IKN MANGKRAK sebrnarnya juga pengen NEGARANYA JADI TAMBAH MAJU MARTABAT NEGARANYA TERANGKAT RAKYATNYA MAKMUR... hanya saja kenapa harus JOKOWI yang menginisiasi... (MEREKA HANYA BENCI ORANGNYA BUKAN KINERJANYA) TAPI SEBAGAI MASYARAKAT YANG NETRAL SEPERTI SAYA. SAYA YAKIN MEREKA AKAN MENIKMATI JUGA HASIL JERIH PAYAH PAK JOKOWI DAN INSYA ALLAH DI LANJUT PAK PRABOWO BERSAMA SEMUA PIHAK YANG TERLIBAT DIDALAMNYA..... MOGA NEGERIKU TERCINTA SEMAKIN SIAP MENATAP MASA DEPAN YANG JAUH LEBIH INDAH.,0,1,0
"Aku orang Jawa yg ada di Samarinda, jgn dengar omongane Roky garong kan dia itu manusia paling DUNGU SE indonesia😂😂😂",0,1,0
SAYA MAU DONG KE IKN,0,1,0
Buzzernya ya😅😂,0,1,0
Mangkrak2 di jamin 😂 sumber mata air aja gak ada di bor kedalaman 50 meter aja gak ada airnya 😂,0,1,0
Ternak mulyono ni,0,1,0
Teruskan bhw IKN  tetep terbangun ( bukan mangkrak )   .......OK  teruskan mas...!,0,1,0
"IKN itu Ibu kota masa Depan Indonesia Generasi kegenerasi berikutnya bukan ibu kota sekelompok,politik atau apalah jadi yg tidak mendukung diam aja yaaaaa🙏🙏🙏 Salam Indonesia Emas Maju dan Jaya Selalu🇮🇩💪💪💪",0,1,0
Buzzrp ini  di byr brp ya sm mulyono km bkn  bodoh kasian cari mlm jual fitnah,0,1,0
"Sumber Kejernihan pikiran tidak dari sifat kesementaraan, melainkan dari keabadian.


Informasi Keruh!!!!",0,1,0
"IKN cuma Buat pejabat dan Kalangan Atas... Rakyat suruh nonton aja.. suruh antri gas, minyak, dan sembako.. IKN bukan Prioritas,, seharusnya prooritasnya mensejahtrakan rakyat. Bukan memBangun yang bukan prioritasnya.. kecuali rakyat udah makmur.. itu contohnya hotelnya aja mehong,, fix yang dukung IKN pasti orangnya egois.. gak mentingin kaum melarat yang di bawah..",0,1,0
Mksh bang 👍👍,0,1,0
Haruse ibukota Baru pindahe ndek Jember seh lek jareku.,0,1,0
"Sampe nyewa influencer sepaket buzzer bot..
Hoax hunter dapet kerjaan lagi nih. 🗿",0,1,0
Biasa saja gak ada yg hebat....,0,1,0
"Kalau orang baik itu seharus minimal nyumbang doa agar pembangunannya ikn lancar dn sukses,jangan hanya ngeretik saja",0,1,0
Masalahnya Rakyat merasa Negara ini beban bagi warganya n dipaksaan oleh ambisi Mulyono,0,1,0
Orang miskin jgn mengharaplah!!,0,1,0
Bangga dgn IKN  war biasa pdahal orang indonesia,0,1,0
Iki vidio awal² IKN mo diresmikan yoo,0,1,0
Mantap Indonesiaku🇮🇩♥️,0,1,0
buzer bayaran semua,0,1,0
Lahan yg baik untuk tempat korupsi seperti jakarta tempo dlu😊,0,1,0
"Itu bukan mangkrak , tp cuma berapa bangunan yg masih jalan ,, mungkin lg pda libur , halte2 jg msih blum jdi ,",0,1,0
Yg muuuuuaaaangkrak congornya amin raiso sengkuni belung dorno dia tdk ngerti perkembangan ikn krn hpnya cumplung model lawas tdk punya android tapi klu sampai baca yutub pasti lasng pingsan krn kena karma congornya sendiri bilang muaaaaangkrak krak krak krsk krsk krsk hayo min terus congormu ngoceh bisa utk olok2 nitizen diedsos,0,1,0
Yg ngomong mblangkrak itu mulutnya yg ngomong yg mblangkrak. IKN SUPER KUWEREN❤❤❤👍👍👍,1,0,0
Mantap,0,1,0
Wadah wong sugih toh?,0,1,0
Sumbu kebangsaan kali' mas e... Nek sumbo lak pewarna 😁,0,1,0
mana yg kerja mas  kok tak di vidiokan,0,1,0
Postingan sesuai isi hati..klo benci posting yg buruknya..klo suka posting yg baiknya..sudah biasa itu,0,1,0
Ya Allah ya kepingin kerja daerah sana di ikn,0,1,0
Ya Allah kapan ya bisa jl jl di ikn,0,1,0
Mantap om..AQ numpak pit Honda..ISO ora om..mlebu,0,1,0
Berita gak jelas yang bikin Brita kurang ajar,0,1,0
Saya yakin kl ko Andy memang     cinta NKRI,0,1,0
Yo ndasmu ketok mas.,0,1,0
Bangunan yang banyak bwgitu.....yg disana hanya 19 orang 😅😅😅😅😅😅 ih serem.....pembelaanmu gk bakal dipercaya masyarakat Indonesia 😅,0,1,0
Jelas penjelasannya,0,1,0
"Bentar lg mangkrak krn anggaran sdh di pangkas. Masalah utamanya proyek ini penuh dg kebohongan, kata Jokowi bakal banjir investor, nyatanya 0 investor. Katanya ga pke APBN, nyatanya nyedot APBN...Jokowi pembohong..",0,1,0
Semangat kita nonton soalnya pengonten Semangat,0,1,0
Salpok sama rumah rumah mentri.. edan..makmur bngt ya mentri mentri..pantesan gk mikirin rakyat pisan,0,1,0
Tenan ora mas,0,1,0
juancuk rek Ikn membaggakan minim buat warga setempat tentunya bahagia wilayahnya jd Ibu kt negara buat pr pembenci silahkan skt hatimu lopyu ikn,0,1,0
Cuma terlihat gedung2 tak ada tanda2 kehidupan yg normal,1,0,0
Bajer gila,0,1,0
Masjidnya mana banggg?,0,1,0
Oh my GOD,0,1,0
Saya org Surabaya Barat. Langsung saya Subscribe Bos,0,1,0
https://youtu.be/RgY3JweTU94?si=YL7FEK_muOqjKkZr,0,1,0
Gendeng rek..30 juta😂😂,0,1,0
Kren,0,1,0
"Kerren mantap jos smga ter wujud negri indonesia maju makmur ber kelajuntan,sampe ank turun bangsa indonesia,",0,1,0
"Menteri nya aja  bilang ga punya duit buat bangun....
Rek di blokir ... Masih banyak lagi pernyataan menteri di berita.....😂😂😂

Eh muncul influencer ga jelas bilang ini itu .....

Kocak... Kocak....

Cair ini ternak mulyono😂😂😂",0,1,0
Masih rapih Mas,0,1,0
Keren mz andy sht and sukses sllu njeh,0,1,0
Bapak Jokowi sehat selalu,0,1,0
Bayarane murah duite angel,0,1,0
Proyek bosok .duite angel,0,1,0
Tak usah dengar Pa itu cuma isu IKN maju,0,1,0
"ikut bangga adanya ikn,hotelnya mewah bngt❤❤❤❤",0,1,0
tapi selepas ini bisa jadi mangkrak ntah untuk sementara apa ngga..karena mentri uda bilang anggaran untuk ikn di stop,0,1,0
Kenapa gak bawa amin rais sm gerung bos,0,1,0
Banyak orang yang tidak suka IKN berlanjut terutama  kaum PJ ( pembenci Jokowi) terus dan terus sebar hoaks biar gagal. Saya sebagai rakyat berharap IKN  bejalan sesuai rencana karena dibangun dengan uang rakyat. Semangat Pak Basuki cs.,0,1,0
"Anggaran sedang defisit bang,, disambung pembangunan kalau anggaran sudah sustain",0,1,0
nyatanya kmrn mentrinya bilang anggaran IKN diblokir menkeu. klo ngebuzzer koordinasi dlu lah yg bener wkwkwk,0,1,0
"Kita liat sj,bukan skrg ,Krn blm di fungsikan ,klu di bilang g mangkrak itu udah dpt di fungsikan ikn.....
Konoha....
Dana yg di pkai ikn ,bisa untk renovasi jakarta dari tenggelam....
Konoha",0,1,0
Itu pake HP apa?,0,1,0
"Panglima pajaji ini mau jadi presiden kah, syukur lah kalau ada orang Dayak jadi presiden Amin Rais dkk dukung.",0,1,0
Katanya mangkrak yg nulis dan posting itu ga tau kesana mereka hanya biasa mengedit dan motong vidio dari video nyolong siapa meraka Mereka ada para penghianat bangsa Indonesia,0,1,0
Fasilitas yg luar biasa... tp rakyatnya bnyak yg blm sejahtera....😢😢😢😢,0,1,0
KALAU PROGRAM INI SY GAK SETUJU. DH DIEM ANTENG DIDKI... MALAH RUWET. HABIS GAK ADA GUNNYA KAN.... GAK PINDAH2 PNS ... SAMPAI SEKARANG,0,1,0
Kalau sudah direncanakan dipustuskan lebih baik dilanjutkan. Seperti Hambalang yg mangkrak tetap diteruskan. Tersangka sudah dihukum. Kalau dibiarkan kan sayang tanah negara. Dari pqda di caplok Naga gila,0,1,0
"Ga mudah merubah hutan menjadi kota yg konsepnya tetap ada pepohonan, saya mendukung penuh IKN dan optimis Indonesia maju dengan adanya IKN. Ingat Indonesia itu bukan pulau Jawa atau Sumatra aja, jadi mohon diperluas lagi konsep maju yg saya maksud",0,1,0
"maksudnya mangkrak itu ko lom ditempatin wkkkk , salah baca lo ndy",0,1,0
"Keren banget , suasananya Masya Allah",0,1,0
IKN maju trus pembangunan nya ..kata Roky gorong raja dungu yg bilang IKN mangkrak,0,1,0
"Gajinya berapa bang, membuat sinetron seperti itu, rakyat sudah tau semua kondisi ikn saat ini, itu video kapan bang",0,1,0
Tunggu saja jgn buru buru atas keberlangsungan pembangunan.... yg jelas mundur2 terus untuk dijadwalkan digunakan....  kalau influenser sih biasa omong sll obral sesuai peseanan😂😂😂😂 ....,0,1,0
"Wiiih pengunjung resto nya rame banget, tapi kalau mata normal ga bisa lihat sih 😂😂😂",1,0,0
Duite sopo kui cakkk...,0,1,0
NAMA NYA JUGA KADRUN KLO GA DUSTA YA FITNAH ...KADRUN BUKAN SAJA GOBLOK TAPI GA ADA AKHLAK...BERSIHKAN INDONESIA DARI KHILAFAH DAN CUCU PLASU,0,1,0
Masjid agung yang indah itu kok gak direview,0,1,0
Bangun ya Bangun . Tapi pakai Perencanaan . Itu proyek Ambisi seseorang .,0,1,0
Stadionya mana? Kok gak ada?,0,1,0
"Gagalin ajalah IKN itu min,
Biar ibukota tetap di jakarta aja...",0,1,0
"Berita terbaru Dana IKN 2025 di blokir mentri keuangan Sri Mulyani.. alasannya Ga ada anggaran buat ngisi uang, Dana tidak cukup karena dialokasikan untuk makan gizi gratis..",0,1,0
"Kita lihat saja nanti, pembangunan yg dipaksakan di tengah kesusahan dan kemiskinan sebagian besar rakyat indonesia, makan APBN sangat besar, omongan awal pembangunan 100 persen investaasi asing ternyata bohong, ternyata ambil dr APBN dan mengorbankan rakyat didaerah2 lain.",0,1,0
IKN punya Oligarki...nanti nya punya negara luar...negara dalam negara...,0,1,0
IKN NUSANTARA 🇮🇩🦾🦾👍👍,0,1,0
aku rakyat jelata yg penting bisa makan ikn gak ngaruh gak ada manfaat bg dy,0,1,0
Belum lagi masalah penduduk lokal yang lahannya belum clear,1,0,0
Bagus ...keren...tp sayang klo golongan menengah kebwh yg hidup pas2an tiwas ngiler gbs mlebu😂😂😂,0,1,0
"Bukti nyata kalo pak jokowi kerja membangun negara, bukan hutang untuk korupsi berjamaah",0,1,0
Iya... betul....tapi yg JD perdebatan adalah saat ini th 2025 rencana akan dikucurkan 14 T tapi hal ini masih tarik ulur di DPR... kalau anggaran ini dipangkas mk akan banyak pekerjaan yang terhenti karena informasinya TDK ada investor yang ikut membangun IKN,0,1,0
TERNAK MULYONO😅,0,1,0
Abang.... Abang Ricky gerung di suruh ke IKN bi aralah....dengan rakyat jelaskan.....,0,1,0
Ini orang2nya mulyono nih,0,1,0
Preeetttt kepreett kepreett. Ternak MILYONO lagi cari ceperan 😂😂😂,0,1,0
sarkas wkwkwk,0,1,0
Kalau pak satpam biar asli orang kalimantan yg jln di tanya ini itu apa pasti bingung jawab y msok tiang bendera tertinggi di Indonesia 79 meter blng79 cm tp ya menghibur lah,0,1,0
Gass piye kabare???,0,1,0
79 meter yg di tanya itu asli orang Kaltim mknya gakbegitu tau cb tanya yutuber Dian Rana  dia liput dari awal pembangunan IKN,0,1,0
4:37 suara goib ternyata mix security blm d copot😂😂😂,0,1,0
"Mas Andy, kecap manis ada apa to?",0,1,0
"pejabat GK ada yg mau tinggal di situ, mangkrak",0,1,0
"aku fokus karo suarane mas andy sing menggema semangat IKN,,salam anak rantau ponorogo hongkong mas🎉🎉🎉",0,1,0
Manfaat nya apa untuk rakyat?ekonomi  bangkrut,0,1,0
"Ini baru nyata, semoga sukses selalu IKN. Sampai selesai ❤❤❤, Indonesia merdeka merdeka merdeka",0,1,0
Naraasi murahan ...IKN  jalan terus progresnya bagus yg bilang Mangkrak hanya barisan Sakit HATI,0,1,0
Izin subrek koh❤,0,1,0
"Yg bilang mangkrak, sekali kali ke kaltimlah jalan jalan ke IKN biar tahu kebenarannya😁",0,1,0
yang bilang IKN mangkrak itu  sekumpulan org yg otaknya d dengkul 😂😂😂😂,0,1,0
"Mulutnya jangan mangap gitu saking semangatnya, nanti masuk lalat dan bertelur disana. Saya juga mendukung dinasti terburuk dlm rangka mengobok-obok negeri ini. Kodok, memang jos!",0,1,0
"Selamat buat orang kalimantan anda menuju kesensaraan dan anda akan tau kerakusan para pengusaha asing.
Saya jawa ikut senang karena kalimantan akan sama seperti jawa😂😂😂.",0,1,0
"Kalimantan akan seperti jawa😂😂😂,di jajah perusahaan asing.
Lihat di jawa udah banyak perusahaan asing yang masuk,anda bertanya kenapa orang jawa kebanyakan merantau ya karena mayoritas usaha di jawa di pegang oleh orang luar misalnya china.",0,1,0
"keren...hanya satu pertanyaan saya, kenapa si mas ini sering bilang jangan pake kecap manis?",0,1,0
mantap tenanan...,0,1,0
Yg ngomong! Paling anak buahnya yg hoby Omon2!!! Sy hari minggu dari sana(IKN) !!! Sangat puas! Dan bagus!!! Yg mangkrak!!! Yg sakit hati! Ga abis2!!! 🤦‍♀️🤦‍♀️🤦‍♀️,0,1,0
"Aduh yg punya aset seputar proyek IKN jadi tambah kaya itu
semoga penduduk setempat bisa mendapatkan pekerjaan yang layak, 
dan pembangunan tidak memakai dana APBN atau tukar guling dengan pengembang yang sudah/terlanjur membangun karena rayuan Pak Jokowi.
Dan selamatkan aset pemerintah di Jakarta, jangan sampai pindah tangan ke swasta (tukar guling) karena alasan pegawainya pindah.

Dan yang terpenting INVESTOR DUNIA betul adanya investasi di IKN, 
Semoga Bapak Prabowo merubah/meralat jangka waktu HGB di IKN 
dari semula 160 tahun menjadi 30 tahun (waktu normal).
Amin  🙏

(bayangkan waktu 160 tahun kalo diperpanjang jadi 320 tahun, itu hampir sama dengan masa penjajahan Belanda selama 3,5 abad).",1,0,0
"Bagi yg nyinyir ikn gk guna cuman buang2 duit negara, tapi tanpa kalian sadari ikn membuka ribuan lapangan kerja untuk masyarakat indonesia 🤣",0,1,0
Mantap,0,1,0
"(IKN) 
      INDONESIA. KARYA. NEGARA
indonesia. Koryo. Negoro",0,1,0
Kurang komplet Mas Andy....seharusnya bisa masuk di komplek perkantoran kementerian biar Jozzzz.,0,1,0
Biasa aja.... Panas... Lebih panas dari jakarta,0,1,0
Paling iki cino,0,1,0
MENTRI KEUANGAN YG BILANG DANANYA GAK ADA KALAU BAZER MULYONO PATUNGAN YA TENTU TIDAK MANGKRAK,0,1,0
Pertaminanya adakah? 😂,0,1,0
Ha..ha..ini orang e jokowi(baser br),0,1,0
"IKN nyaman,aman dan damai dan steril dari virus virus berkedok agama yg ingin menghancurkan NKRI dan manusia penyakit hati yg selalu menghasut rakyat untuk membenci pemerintahan yg sah.",0,1,0
Cairrrrrrr,0,1,0
GAK MANGKRAK GIMANA LAWONG DANANYA AJA GAK ADA YA JELAS MANGKRAK TO BLOK,0,1,0
Mantap,0,1,0
padahal saya rakyat miskin tapi apa lgi meikmatinta kerja saja ga pernah,0,1,0
ikn megah tapi sya rakyat indonrsia ga pernah kerja di ikn,0,1,0
Mas aja tu AMIN RAIS BIAR 6:46 MELEK. JGN NISANYA NYINYIR AJS,0,1,0
Loh wong iki sing umroh kan ibunya kan ya?,0,1,0
"Siip ko😂😂😂
Kudu obyektif...",0,1,0
"Lhakok mbahas soto kecap manis biarang, wes angel ki😅",0,1,0
"Untuk anak"" abah ga usah k IKN
WKWKWKWKWKWK....
MANTAP CAK.....BOSONE AQ SUKA !!!",0,1,0
Alhamdulillah,0,1,0
ngutang,0,1,0
Prabowo yes Gibran no,0,1,0
di kalimantan timur kebanyakan orang jawa surabaya 75% surabaya apa bisa jadi kecemburuan dengan pribumi,0,1,0
"Jangan bangga dulu😅😅sekarang  dana IKN dibekukan,, hotel itu dipersiapkan untuk para pejabat yg ingin melihat IKN,🤣mana  mau mereka  tidur di hutan,, semoga gak mangkrak, kalo mangkrakkk  wahhh  gawatttt  ini",0,1,0
Maklum aja mas yg bilang ikn mangkrak itu gerombolan sakit hati😅😅😅😅,0,1,0
"Nggo koen Kabeh wis kui ikn ,wong egin sepi",0,1,0
Mantap...❤,0,1,0
Terimakasih bang❤.. tadinya saya mulai Ragu dengan peninggalan pa Jokowi.. tapi skarang kami tercerahkan ❤,0,1,0
Ternak mulyono memang dungu gak tau mikir daplek,0,1,0
"Mas Andy, ndasmu kui kok apik temen yo 😂😂.. Rambute ga jegrek kena angin😂😂😂",0,1,0
Semakin mantab dan yakin bekerja dan tinggal di IKN,0,1,0
Hasil utang yg buat rakyat sengsara. Pasti mangkrak,0,1,0
Pokoknya menunggu Jokowi disidang,0,1,0
Lama2 jg mangkrak,0,1,0
Orang ini GK pernah denger berita ...yg jelas dana pembangunan ikn sdah di blokir ..itu berita di tv nyata...pembangunan..Skrang itu hanya terusu sisia yg sdah di i bangun....,0,1,0
Ngabis2in anggaran aja...,0,1,0
Gunakan bahasa indonesia yg waras bang,0,1,0
Yg bilang IKN mangkrak itu ternak amin rais😂😂,0,1,0
kalo presiden pidato di dengar yang baik biar ngga gagal paham...,0,1,0
KAMU kok seneng klo ada yg kurang  bagus.. hatimu dasarnya memang jelek,0,1,0
"Kelelawar iku bosss...
Rumah badman",0,1,0
"Katanya di IKN tidak boleh ada kendaraan berbahan bakar/ber emisi, harus yg kendaraan listrik. Ko malah ada kendaraan ber emisi??",0,1,0
Iya ini nanti penghuninya masyarakay dr cina,0,1,0
"Terima kasih pak Jokowi,,,hanya engkau yg bisa mrengangkat derajat Nusantara,,,,,jaya selalu Nusamtara",0,1,0
"Anak2 abah yang pengen Indonesia mundur dan penuh dengki,, pasti marah ini",0,1,0
"Tinggal menunggu ,,,,,,,, lanjut atau msngkrak ,,,,😅",0,1,0
"Yg bilang mangkrak itu yg tidak suka sama pak persiden Jokowi, jadi sampai kebijakan nya maunya di rontokan, itu kerjaan orang orang yg sakit hati,",0,1,0
Bohong ah,0,1,0
Siroki dengar orang dungu tahu apa.. Bisa bacit ga bisa kerja😂😂,0,1,0
"Yg bisa ke ikn pasti orang kaya raya, yg menengah saja blm tentu bisa, 😂😂😂",0,1,0
semoga selesai sampai Indonesia emas 100 tahun...🎉🎉,0,1,0
Habis banjir yah ikn,0,1,0
Semoga ikn jaya Raya Indonesia hebat PK Prabowo mantab,0,1,0
crewet opo kowe ki,0,1,0
Cino suroboyo.....boso jowo medok....wkwk,0,1,0
"Muncul di beranda.
Salam satu nyali wani bro😂",0,1,0
"Kebanggaan Jokowi dan Aguan.
Tolong audit uang negara",0,1,0
Wisata,0,1,0
Semoga IKN dapat menjadi kebanggaan bangsa Indonesia,0,1,0
Mewah pol...rakyatnya padahal miskin melarat...kalau mau bikin yg bagus ya ngga papa tapi ngapain semewah mewah itu..??!!,0,1,0
sama ko...saya makan soto gak pake kecap,0,1,0
Ini IKC ibu kota China pujaan Pinokio dan buzer2 penjilat Taipan,0,1,0
"AAHHH LU!
MANGKRAK KARENA TIDAK ADA ANGGARAN
UNTUK MELANJUTKAN COK!
CUMA KONTEN LU MASIH BANYAK YG SUKA
KARENA MASIH BANYAK TERNAK 
MASIH MERASAKAN RUMPUT HIJAU😂",0,1,0
Politik kejam klo masih suka fitnah itu makluk paling bodoh lebih bodoh dari seribu ekor keledai ini zaman media sosial mudah di buktikan.apalagi yg kalian perebutkan dari berpolitik bodoh.klo mau menjadi seorang pemimpin jadi lah orang yg cerdas dan baik.pasti akan di bantu Allah SWT.,0,1,0
"Mangkrak mubazir,  diteruskan menyita anggaran utk peningkatan usaha mikro nasional. Khususnya warga buruh dan tani.",0,1,0
Begok2 bae sampean aing teh penjual kecap manis...,0,1,0
Maksudnya kecap manis itu apa y bang ...😂😂😂,0,1,0
Audit calon mega mangkrak hotel prodeo jd penuh sesak😂😂😂,0,1,0
Proses untuk membuat ibukota itu perlu memakan waktu yang lama. Jadi jangan senang dulu kalau belum di sahkan. Pemerintahan sekarang sudah gak memprioritaskan untuk pembangunan IKN,0,1,0
Laaaa tonggoku kerjo kono ae okeh,0,1,0
"Problemnya, segera bangun perumahan menengah bawah spy ada warganya, jgn tggu pns pindah",0,1,0
Hotel swisbel banyak pengunjungnya kah?,0,1,0
"Gorengan IKN mangkrak itu ibarat risol dan tahu  isi sayur,, paling laris 😂😂😂",0,1,0
"skrg memang belum mangkrak bos, tp sdh ada indikasi bakal mangkrak. apa itu indikasinya???faktanya MENTERI PU sendiri sdh menyatakan ANGGARAN IKN DIBL:OKIR MENTERI KEUANGAN KARENA TDK ADA ANGGARAN.  itu baru salah satu indikasi mangkrak. msh banyak yg lain.",0,1,0
"cma org kaya yg bisa k situ, cba lo posting akses jlannya bang, rakyat pribumi situ aj d larang ikut upacara kemaren,  pembiayaan milayaran perhari cma buang uang scara mubazir yv gk da manfaatnya, sedang banyak rakyat d lombok sumatra jawa yg sednag kena musibah tp lambat penangananya,",0,1,0
Ikn gak mangkrak tapi hutang negara menumpuk,0,1,0
Maju lancar,0,1,0
Saya bln November 2024 liat IKN sangat luar biiasa pekerjaan jg lanjut yang bilang mangkrak orang jawa bilang matane karo atine picek,0,1,0
Yang bilang manngkrak matane pecek kupinge budek atine sumpek rejekine mampet😮,0,1,0
"semoga cepat terselesaikan dan pantau trs biar g ada kecurangan dlm pembangunan IKN...bangga sekali melihat gedung IKN...smg sy bs bergabung menjadi pegawai ASN di IKN,Amin...",0,1,0
Ya hrusnya jangan sampai mangkrak. Buang2 anggaran dan luwas tanah. Kalo gak diselesaikan rugi,0,1,0
Lah kok wes nyampek IKN...p.prabowo dijak mangan soto gawe kecap wae ko😅,0,1,0
Mulyono jowok kah,0,1,0
Indahnya ikn knpa pejabat gk mau pindah,0,1,0
"Koh, ada loker di IKN ga ?",0,1,0
Semoga IKN segara digunakan????,0,1,0
👍👍👍...😂,0,1,0
Ikn   bikin pasar saja,0,1,0
Seep Ko arek suroboyo,0,1,0
Dibayar berapa boss..! jadi herdernya jkw.,0,1,0
Mantep sekali swisshotel...,0,1,0
Dana IKN kok diblokir kata Menteri PUPR?,0,1,0
"""mangkrak, gak ada pembangunan ""
itulah kata kata orang yang kemakan berita hoax dari influencher dan busser mangkrak",0,1,0
Arek suroboyo wajib dukung ikn,0,1,0
"Semoga  NKRI semakin maju makmur sejahtera rukun & damai.
Amin.
Salam Bhineka Tunggal Ika.",0,1,0
Keren kawan pemaparan nya. Salam damai kawan dari Kalteng.,0,1,0
Benar sekali karena tetangga ku kerja di ikn masih aman dan lancar Aamin 🤲,0,1,0
Lambat jd buzzer uangx sdh hbs.....investorx pd ngegaz lari...msh fokus mkn bergizi gratus😅,0,1,0
Dike'i duit Piro lik?,0,1,0
"Gak usah pada ngotot, kenyataanya update terakhir dari pemerintah dana untuk pembangunan IKN per kemarin di stop, bisa di cek ke menteri terkait. Kenapa? Ya karena nggak ada dananya kok. Realistis saja",0,1,0
"Mohon maap mau tanya kak, itu IKN sebuah kota ya kak? 
Jadi semua orang bisa masuk kesitu ya kalo sudah jadi? Dan bisa menggunakan fasilitasnya seperti hotel dan lain""?
Bukan hanya wilayah untuk para pejabat saja?",0,1,0
Hasil karya Mulyono bikin markas komunis cina dan keturunannya,0,1,0
Buat menginap di hotelnya Ikn satu malam 35 jt,0,1,0
"Yg bilang ikn mangkrak..,mainmu kurang jauh 😂😂 karna sya skrng di ikn",0,1,0
Uang negara dihamburkan untuk gedung yang tak ditempati... mendingan pemeruntah pusat hibahkan ke pemerintah provinsi kalimantan timur aja...😅😅😅,0,1,0
Malah Baru liat berita di TVONE Di Tambah Anggarannya,0,1,0
Alhamdulillah semoga ikn terus di kebot oleh pemerintahan perabowo,0,1,0
"Sayangnya IKN banyak oknum mandor yg tdk bertanggung jwab,kabur dgn membawa upah para pekerja
Saya berkomentar sprti ini karena saya pribadi telah mengalami kerasnya hidup bekerja di IKN,saya sendiri kapok ke sana kalau posisi suruh bekerja di proyeknya",0,1,0
IKN jadikan.kota uka uka........,0,1,0
Mantaaaafff,0,1,0
"pejabatnya ga mau ngantor di ikn 😆 
pengennya ttp di jakarta 🤣",0,1,0
"Siap2 penggusuran, pagar2 laut berikutnya warlok sekitar demi ""pembangunan"" ? 🤔",0,1,0
Jadi mau liat langsung kesana😂😊😊,0,1,0
"Saudara ku ada yang bekerja di situ sebagai ASN,  namun baru tahu secara jelas dan mendetail pembangunananya sudah semaju ini, terimakasih Mas, Moga Indonesia semakin maju dan menjadi mercusuar dunia",0,1,0
Bodo menan,0,1,0
Gas terus ikn,0,1,0
"Masih ada pembangunan itu,karna sisa2 anggaran..logika aja bro,dengan banyaknya pangkasan anggaran diberbagai sektor buat MBG. gk mungkin juga anggaran buat IKN bisa berjalan utk 5th kedepan
Investor pun gk ada,mana bisa ngarep APBN teroossss. hancur keuangan negara 😂",0,1,0
NAHH.INI BARU PUTRA  BANGSA YANG KEREENNN....BERBAGI INFO POSITIF.  ..SALUTT  MAZ ANDIIII.....LNJUTKAN YG LAIN......WE LOVE U,1,0,0
"YAllah luas skali dN amat bagus skLi untung banget pejabat""kita yg bertugas disana smoga pembangunannya lancar dan kedepanya. Q jd ingin kesana. Alkhamdulillah IKN ku",0,1,0
PROYEK AMBISI JOKOWI.. yang menyengsarakan Rakyat,0,1,0
😂😂😂 ngakak aku cak....suwon loh cak wes mbuktikno lek IKN gak mangkrak....target e kn 2030 kn lek gak salah...ngunu kesusu maido ae wong² iku,0,1,0
"Banyakin vlog kayak gini bang, nanti jadi mentri",0,1,0
Biar koruptor menggonggong... IKN tetap kebanggaan...,0,1,0
Kog gak ngajak Mbah Amin Rais bro,0,1,0
Terxataaa....mmng ada klpok2 yg ingin memecah belah bgsa ini....selesai pak jukowi ..masih lanjut ke pak prabowo.....yg difitnah2 ...,0,1,0
Proyek yang akan mangkrak pada waktunya 🤣🤣🤣,0,1,0
"Mantap IKN lanjutkan terus,pembangunan..",0,1,0
Tetap semangat  cak ngontene....sampean culekno motoe sing ngomong bangunan  IKN mangkrak  cak.,0,1,0
Yg bilang mangkrak orang² yg otaknya di penuhi kebencian sama jokowi,0,1,0
"Yg bilang mangkrak itu cm orang2 yg ngiri.. Q yakin sejuta persen yg nyinyir pasti jg pngn main kesana.. Cm gengsi aja jd mereka nyinyir.. 
Jjur q yakin mereka jg mengakui keindahan ikan . Mngakui kehebatan ikan cm gengsi dan ngiri aja jd nya nyinyir mangkrak bla bla bla",1,0,0
Saatnya putra putri Indonesia putra putri daerah Kalimantan membuktikan bisa merawat dan memanfaatkan yang sudah ada. putra putri daerah Kalimantan kalian bisa,0,1,0
"YANG BILANG.. IKN.. MANGKRAK
... MATANYA... BUTA.....",0,1,0
🤮,0,1,0
"Aku pendukung anies sebelumnya. Bagiku IKN harus lanjut, asal kondisi ekonomi dibawah tidak terpengaruh dg lanjutnya IKN. Sayang sdh trilyunan uang habis. Saya yakin pak prabowo lebih bijak menyikapi hal tsb. Akan prioritas yang lebih urgent untuk kemajuan bangsa ini. Yaitu pendidikan. Bagaimana bangsa mau maju jika pendidikannya masih kurang",0,1,0
Iye... Dananya piye mas.... Dari mana....,0,1,0
😮😅😊😂😂,0,1,0
Yg bilang mangkrak tuh barisan sakit hati😅,0,1,0
"Manusia waras tidak bisa ditipu dengan mata.
Biarlah mereka yang mudah silau dengan penampilan tertipu  dengan citra dan ilusi.

Orang waras sadar, tidak mungkin kapal nahkoda 2.
Mungkin saja jadi (RG) tapi sangat sangat lama. 

Rocky Gerung bukan manusia asbun. Fondasi beliau dalam berbicara bukan pansos atau kehebohan, tapi murni menyebarkan analisa analisa pikiran yang tidak mampu dicerna mereka yang hanya menuhankan hal hal fisik semata.",0,1,0
"Denpasar Bali hadir, tetap dukung ikn demi kemajuan bangsa Indonesia👍👍",0,1,0
Buktikan dg fakta. Keren ko,0,1,0
Pindah lagi prabowo😂😂😂😂,0,1,0
Kok kayak norak gini sih,0,1,0
"Jalan terus pembangunan mah gampang sepanjang ada anggaran...tapi sebagai sebuah kota dengan segala sistem pendukungnya, belum layak lah...
4-7 tahun kedepan lah..",0,1,0
kota di jaga security kaya di pik hmm ada yg janggal,0,1,0
"Semoga segera selesai itu barang,",0,1,0
"aku sering makan mie ayam , bakso , bahkan nasi goreng pakai kecap manis emng knpa kak ??",0,1,0
"Tpi nnti status ikn di kaltim akan di cabut,dan akan mnjadi kota biasa sja,krena dlm ramalan jayabaya tdak ada di ktakan ibu kota di luar pulau jawa,mlahan di tanah arab akan brdiri nya.",0,1,0
Buzzer laknat mulyono makan daki basi mulyno,0,1,0
"Biar rasa in yg bangun ikn siapa macem"" sekrg udh lengser tuh mau buat apa",0,1,0
wow ... cukup indah.. macam ini lah konten saya saya suka... memang indah.. bolehkah pelancong datang ke sana ... saya teringin nak melancong ke tempat itu... macam ini lah konten yang saya suka... bukan konten memburukkan negara lain.. kepada admin... saya pujian konten seperti ini.. membuatkan fikiran saya terbuka dan tertarik untuk melawat tempat itu... terima kasih info nya... sungguh indah dan saya teruja melihat nya..,0,1,0
Buzzer,0,1,0
Sudah ada tanda-tanda nya bentar lagi mangkrak😂,0,1,0
"endi pembangunane...lawong duite ngga ono,,,di stoppp !!",0,1,0
dibalik bangunan itu ada banyak pengusaha dan pekerja yang belum dibayar hahaha,1,0,0
YTTA GUYSS 😂SUTTS DIEM,0,1,0
Skrg sdh di stop budget sama mariani.,0,1,0
"Aku bangga mempunyai ibu kota baru yg bersih dan sehat,,dari pada JKT ruwet kotor",0,1,0
"Orang hutan yg mau nginep di hotel itu 
Gibran aja suruh berkantor di IKN gk mau",0,1,0
"Berita terkini : 1.anggaran untuk IKN dikurangi
2. Para ASN tidak jadi dipindah ke IKN sampai waktu yg tidak ditentukan. 
Kesimpulan : Anggaran untuk tahun ini adalah anggaran yang di usulkan tahun kemarin. Jadi tahun depan bisa dipastikan semakin sepi dan jadi museum.",0,1,0
Ikn kok logonya kelelawar  ?,0,1,0
Sabar ngadepin SDM rendah dikasih maskot negara malah pada gak mau  namanya mau maju ya harus ada perubahan,0,1,0
"Wkwkwkwk pembodohan publik,",0,1,0
Wlopun belum k IKN tu bangga indonesia smakin berkembang,0,1,0
"Yg gak suka ikn pasti doa nya yg buruk"", makanya mereka bilang mangkrak trs seakan"" gagal",0,1,0
SAYA SEBAGAI PEKERJA MELIHAT VIDIO ANDA CUMA BISA KETAWA NGAKAK...TIDAK SESUWAI REAL🤫🤫🤫,0,1,0
Mulutmu mulut buser,0,1,0
Buzzeer🤭🙏,0,1,0
"Aduh bang, datangnya sekarang mah emang belum lah, karena masih ada kontraknya, coba nanti datang bulan april setelah lebaran, masih ada yg kerja apa engga disana",0,1,0
"Yg blang mangkrak Group Plaku Hambalang makanya mangkrak  & itu buka orang Indonesia  Antek blanda ssah blanda  klo sy yg jd Presiden  udah sikat senyap karungi buang laut  Wlo Sy Wong Kampung ikut bangga bangkitnya NOESANTARA   , , ,",0,1,0
"Wkwkwkwk..
Pamanku pemborong conwood d IKN, gara"" akhir tahun 2024 kmaren mau tutup buku, duwitnya jd seret..
Ini d suruh pt'nya balik lg k IKN gk mw.. udah kapok katanya udh syukur bisa balik pulang 🤣
..nitip sendal om, buat koment lg d akhir tahun nanti..
Mau liat akan sperti apa ibu kota nelangsa ini kedepannya,, eh nusantara 🤣",0,1,0
MAAF JANGAN KASIH TAU AMIN RAIS TAKUT STRESS,0,1,0
"PER HARI INI SELURUH ANGGARAN UNTUK BANGUN IKN DISETOP SAMA KEMENKEU, JADI BENAR KALO IKN ITU MANGKRAK YAGESYAAAAAAA",0,1,0
Laaa Endi pekerja n alat berat  e Podo mandek ngunu,0,1,0
"Yakin ah masa ea nah loh kata y ASN 2024/2025 udh di pindahin ko gak jadi ,wkwkwk",0,1,0
"Mas, indomart nya dimana ya",0,1,0
lanjut mas lanjutkan tampar mulut mulut yg suka fitnah yg bilang mangkrak dll,0,1,0
apa yang di banggakan?,0,1,0
"Gue no comment lah , volume business gue di sana turun jauuuuuuh.. akhirnya pekerja di pulangin dulu he he..",0,1,0
Mudah mudahan ikn cepat rampung .jangan hiraukan orang2 yg sakit gigi.dan dungu seperti roki garong dan amin rasis,0,1,0
Mantap dah mulai rame,0,1,0
"saya yang nonton berasa kamera di atas jir , ntah mbak itu yang kecil atau mas ini yang tinggi banget",0,1,0
"klo sampai IKN pd akhirnya bener bener mengikuti nasip hambalang, betapa kecewa & marahnya investor yg sdh terlanjur mendirikan bangunan usaha pd jokowi.",0,1,0
Waktu dlu masih sekolah sempat terbersit kenapa Indonesia tdk punya kota yg d bangun dr 0. Skrg terwujud😅,0,1,0
"Woy bangun ndeso,ikn di stop anggarannya,u kerumah mulyono....jangan curhat di media....😂😂",0,1,0
Wah dana ikan kata metri PUPR untuk ikan di blokir kemarin.,0,1,0
kerenn parahhh... semoga suatu saat bisa berkunjung..amin❤❤,0,1,0
"Karya pak Jokowi yang sangat indah 
Itu yang suka nyinyirr IKN
liat video ini apa gak makin pusing tuh....😂...",0,1,0
Kepinginnn ke IKN,0,1,0
IKN Semangkin mantap bro ( bls),0,1,0
"Putrane Mama Elly , sueneng denger logat jawa timur e 🎉🎉",0,1,0
Ketemu didepan excelso.. koko denger HP saya bunyi mobile legend.. orangnya baik di sapa bales jawab dengan ramah..,0,1,0
"Yang bilang mangkrak rocky Gerung dan kroco kroconya
Kalau yang percaya berarti sudah dibodohi",0,1,0
Raimu di bayar piro cok promosi ambisi jokontol,0,1,0
Ongkosin mas saya mau kesana mas😅,0,1,0
Keren banget mas..👍,0,1,0
"YANG BILANG IKN MANGKRAK BAB*  KALIAN PARA PESAKIT HATI ITU SAMA PEMERINTAHAN PAK JOKOWI😂😂
SEMOGA CEPAT MATI YG BILANG IKN MANGKRAK BIAR ADEM NEGARA NIH TANPA ORANG ORANG MUNAFIK 😂😂😂",0,1,0
Cukup tunjukan keadaan IKN yg sebenarnya untuk meng counter berita miring dari pembenci p Jokowi biar melek matanya dan telinganya bisa dengar tapi sayangnya hati dan indra lainya sudah mati tunggal jazatnya yg hidup,0,1,0
"Anak buah mulyono agar segera pindah ke IKN, jangan lupa fufu fafanya juga diajak",0,1,0
Mantap ini peroyek negara konoha yg mangkerak😊😊😊😂,0,1,0
Grombolan amin mringis nangis lihat ikn,0,1,0
Hebat.....aku ingin jadi penduduk ikn.....siiip,0,1,0
"Seharusnya warna catnya kuning emas, bukan hitam",0,1,0
"Ibu mertuaku baru bulan lalu pulkam ke penajam.. pas udah kembali ke jawa, langsung tak interogasi tentang IKN.. dicerita'in, jadi pingin liat langsung ke sana.. ibu bilang semua yang di sosmed yang cerita keburukan IKN semuanya HOAX..",0,1,0
wiss jawatimuran ree are surobaoyo toh mas,0,1,0
"Saya kerja udah 5 bulan dan baru di pulangkan tgl 30 januari 2025 dan itu kami 40+ orng lebih sdh di pulangkan , ada yg dari proyek kemenko juga rusun ASN , semua di pulangkan tanpa ada biaya ongkos pulang , kecewa banget kerja di IKN",0,1,0
"Coba klo tdk pake mobil mewah,mau ngk ya pegawe hotel tunjukin kamar mewahnya😂",0,1,0
Masih 60 persen kak.masih lama itu jadinya,0,1,0
Semoga pembangunan IKN lancar selalu amin,0,1,0
Harusnya mama Elly diajak ko....pasti rame,0,1,0
Kok sepi?,0,1,0
Hoetnya saja satu mlm jutaan. Adakah jadi kebangaan rakyat biasa juga. Sedangkn seharian banyak bergantung pemulung😂😂😂😂😂🎉😂😂,0,1,0
"Saya asli jateng, sanggat setuju IKN lanjut agar pemerataan pembangunannya. Aamiin",0,1,0
rame n heboh sendiri bang 😂😂😂,0,1,0
Ternak mulyono,0,1,0
WES NDANG ASN SEGERA PINDAHAN KONO... SPY IKN SGR OPERASI...,0,1,0
Sayang nya orang miskin di larang,0,1,0
Kok sepiii kak,0,1,0
"Makanay baca berita IKN diblok,Pak Prabowo lebih memilih mensejahterakan rakyat buakn buang buang uang ke tak penting.",0,1,0
Cari duit boleh az ngonten atau jadi buzzers silahkan.....tapi jangan anggap rakyat bodoh dan mau dibodohi selamanya oleh rezim jokorup...... kenyataan nya negara sekarang pailit.....suruh az Jokowi minta rumah pensiun di IKN....toh dia yg paling ngebet maksa bikin IKN....,0,1,0
"Saat pembuatan video ini, memang masih terlihat geliat pembangunannya.
Itupun terlihat / terkesan kurang greget.

Ternyata hari ini, kamis 6 Feb 2025, ada berita pernyataan MenPU, bahwa anggaran IKN diblokir untuk tahun 2025. TIDAK ADA UANG UNTUK IKN.",0,1,0
"Walah iyo, ndase ketok",0,1,0
Ter mul,0,1,0
buzzer ya bang 😂😂😂,0,1,0
Keren banget ...semoga cepat di tempati,0,1,0
PRESIDEN JOKOWI MENANG 👍👍👍👍👍👍👍👍👍👍👍👍,0,1,0
Oke bosku... Penonton rame banget. Chenelku sepiii banget bos,0,1,0
Selama  ikn blm pindah ttp blm bisa di bilang berhasi.....jangan2 pindahnya nanti 2029 ganti presiden.....😅,0,1,0
😂😂😂...adminnya ketularan Mulyono.....nggedabrussss.........faktanya sampai hari ini yg kata Mulyono mau berkantor....faktanya Mulyono nggedabrussss😂😂😂dan tak jamin selama masa jabatan Pak Prabowo pun tidak akan ditempati....😂😂😂,0,1,0
SIAP2 AJA PAJAK NAIK LAGI,0,1,0
netep kamar siji cak,0,1,0
sAyA TiDaK meNjiLaT wkkw,0,1,0
Kena efisiensi 😂,0,1,0
Dasar ternak mulyono,0,1,0
sotoo kecap manis..,0,1,0
ga mangkrak tp blm berjalan sesuai harapan mulyono 😅,0,1,0
Para penghujat malu mau datang kesana😂😂😂,0,1,0
IKN mantappp Masya Allah ...😮😮😮❤❤❤,0,1,0
Sebentar lagi jadi istana hantu,0,1,0
Klau satu THN kedepan tdk ada ASN siap mangkrak,0,1,0
Sdh bnyk penghuni nya ...jangkriiikkk😂😂,0,1,0
"Lanjutkan tapi jangan ngoyo.. proyek tol mandeg, anggaran kementerian direvisi dipotong...  Terus IKN  isinya penduduk kaya semuanya.. itupun mencari orang.. bisa bisa warga sipit dan asing...",0,1,0
"berarti banyak sekali penyebar berita bohong,dan tidak bisa di pertanggung jawabkan",0,1,0
"Selama ada utang, tidak ada kata mangkrak...
Maaf Salah tulis, maksut saya uang..
😂😂😂😂",0,1,0
Dari logat nya pak Hasan ini berasal dari lampung.... apakah benar tebakan saya?,0,1,0
Calon sarang koruptor,0,1,0
"Pak Jokowi akan di kenang sebagai bapak pendiri ibukota IKN, kota maju di Indonesia, bilang APBN gak cukup bilang hutang juga salah, Jakarta aja semakin di benahi malah semakin banyak yg datang ke Jakarta dan menjadi masalah baru lagi karena Jakarta makin padat, Pak Jokowi selamanya akan di kenang sebagai bapak pendiri ibu kota Indonesia IKN dan selama itu pula para kaum sakit hati penentang IKN dan pejabat yg bilang IKN mangkrak akan di kenang sebagai penghalang kemajuan Indonesia bahkan jadi pengkhianat.",0,1,0
Kenapa masih banyak yg nyinyir ya,0,1,0
😊😊😊,0,1,0
Bntar lagi mangkrak duitnya kagak ada dipke buat MBG....mulyono mulyono...,0,1,0
"Tak klik Subscribe nya wes, semangat yo..saya 20th lebih di Surabaya jg sampai skrg KSK & KTP msh Surabaya..",0,1,0
"Anggarannya sudah dblokir 😂😂😂😂😂
Semoga segera sadar sodara2 ku. Katanya sih anggarannya di alihkan ke MSG",0,1,0
Yg sabar nanti klw aku jadi presiden nanti ku lanjut pembangunannya.😂😂😂,0,1,0
"Doa kami, semoga Allah SWT senantiasa memberi berkah rahmah, lancar, sukses demi NKRI harga mati.",0,1,0
😂😂😂 gaji 3bln stgh buat nginep semalam😂😂😂,0,1,0
"Orang kepala nya retak yg bilang ikn mangkrak, klo kepala sdh retak logika nya sdh hilang ,hidupan nya hanya mimpi berjalan seperti sombi linglung bicaranya ngawor tanpa bukti dan logika. 
Salam sehat dan selalu semangat cak andysugar.",0,1,0
"Langsung tak sub mas bro, podo arek suroboyone . .
Salam teko sby barat",0,1,0
Waduh bikin sakit hati para NYINYIRUN....,0,1,0
biasa aja kyk yg bikin content kepedean kyk di bayar  kreator  utk promosi,0,1,0
",yg bilang mangkrak tolong lihat vidio ini",0,1,0
"Ya uda kalau uda jadi biar Mulyono se keluarga segera menempati biar jadi presiden seumur hidup,pak Prabowo biar jadi presiden ngurus jakarta....
😂😂",0,1,0
Menurut ku kudu di lanjut raketang anggaran di kurangi tapi Yo wajib di lanjut ..menurutku,0,1,0
"Terima kasih mas, telah meninjau IKN. biar pada tau klau IKN terus berjalan.",0,1,0
Andy sugar dah capek2 promosi ujungnya pembangunan KN dipending 😂 pemerintah @ DPR sepakat,0,1,0
Ya sudah pindah kesana gih,0,1,0
Mewujudkan ikn lpg aja susah hari ini 😂😂😂😂 dari video anda kami tertawa dan membayangkan kerenan kota kami disini ketimbang ikn. Yang ngecap itu siapa...😅😅,0,1,0
Yg mau nginap hantu,0,1,0
Surabaya hadir mantap,0,1,0
Saya ko jarang lihat pak prabowo ya..,0,1,0
"Yang kerja mungkin proyek yang masih ada ikatan kontrak kerjanya belum selesai,",0,1,0
Roxy gorong jangan sampai tahu video ini....makin sakit hati dia😂,0,1,0
"Vasilitas IKN super megah namun klau para pejabat negara tetap msh blum bs AMANAH dlm tugas tugas NEGARA msh jg tdk Super dlm Tugasnya artinya tdk pantas utk menempatinya Vasilitas IKN tsb, semoga membuat para pejabat negara era pemerintahan presiden pak prabowo tdk terlalu terlena dlm tugas tugasnya kelak sehingga negeri kita indonesia slalu jaya dg kepemimpinan pak prabowo dan jajarannya dpt mewujudkan keadilan kemakmuran buat Rakyat dipenjuru negri Indonesia",1,0,0
"Udah kyk sibotak DC bg? Atau mas mas adidas??
Konten titipan??

Kalo memang berjalan tidak perlu ada pembenaran lah.. 🤣🤣🤣",0,1,0
"Mangkrak belum,........ 
Dimasa datang pasti akan terjawab.",0,1,0
"DENI DARKO BERKATA ""SIAPAPUN YG MEMBENCI JKW AKAN MEMBAWA KEBENCIANNYA SAMPAI DIA MATI😂😊",0,1,0
KAUM 24% KELOJOTAN NGELIAT VIDEO INI😊😊😊😊,0,1,0
nek maem soto iku seng pas & ueenak yo hrs gawe KECAAAAP bro ANDY...hahaaahahaha..kecap rasane enak kok gak doyan iku yo opo to caaaakk...wkkwkw,0,1,0
Indo negara yg besar emang harus seperti ini. Harus banyak pusat kotanya.. Jangan berpusat di dki.. ketika dki di bom habislah kita kaya nagasaki dan hirosima itu contoh klw indo ga mau kaya jepang yg  habis sejejap ketika titik utamanya di bom.. Semakin banyak indo punya kota besar semakin kuat pertahanan negara,0,1,0
Semoga banyak anak bangsa yang pinter bisa kerja disini. Yang ga pinter mainan hp aja sampai tua😅,0,1,0
"yg  bilang mangkrak Cak,itu cangkem boyo Cak.",0,1,0
Cindo logate joeo tulen 🤣🤣🤣🤣,0,1,0
IKN UDAH JELAS PASTI MANGKRAK LAH... KONTEN BUZER BAYARAN GAK MUTU,0,1,0
Buzernya a$$u,0,1,0
"Brapa tiket masuknya bos,,?",0,1,0
saya sekarang bekerjaa disituu,0,1,0
"anggaran ikn resmi diblokir oleh pu
apakah itu termasuk mangkrak???",0,1,0
Salam dari Samarinda,0,1,0
Mantap Banjarmasin mendukung adanya IKN di Kalimantan,0,1,0
Lht langitnya kok kyk pendek bngt ya serem,0,1,0
"Itu bangunan untuk siapa ya
Siapa yang di untung kan
Siapa yang akan menduduki gedung2 mewah itu
Apa manfaatnya untuk rakyat kecil seperti saya ini",0,1,0
itu yang bilang mangkrak cangkeme amin rais alias sungkuni brooo,0,1,0
Makin buat pembenci pak Jokowi bercucuran air mata. Semoga proyek IKN berjalan dengan lancar dan ibukota negara segera pindah. Biar DKI gahk semrawut...... Hayoooo semangat RI,0,1,0
Wis tak subrek brooo😂😂😂😂,0,1,0
Gak bakal mangkrak... orang setiap weekend selalu dibuka untuk publik sekarang,0,1,0
"Yaa...konten ternaknya mulyono kerennnn,,IKN JOSSS",0,1,0
Ternak peliharaan penjilat. IKN proyek sakit jiwa,0,1,0
"Untuk ibu kota baru NEGARA INDONESIA tercinta tidak ada kata mangkrak, yg bilang mangkrak itu hanya komen2 orang yg sakit hati dikala pak Jokowi masih menjabat sebagai Presiden RI 🇮🇩",0,1,0
"Alhamdullillah IKN megah bgt..gue ikut bangga banget Indonesia mempunyai IKN yg megah...lbh megah dari istana negara yg dibogor. Trimakasih p jokowi ,pak prabowo dan abang yg bikin vlog ini 🎉🎉🎉🎉❤❤❤❤",0,1,0
"Ikn proyek yg dipaksakan tanpa di pikirkan. 
Ambisi yg tolol hasil nol",0,1,0
"Kerja ternak Mulyono memang luar biasa,,  walaupun kondisi sekarang seperti kuburan mudah²an kedepannya bisa rame",0,1,0
terima kasih pak jokowi.,0,1,0
ها ها هااا,0,1,0
Yg bilang mangkrak siapa to..matane pogak melek..,0,1,0
Bener jg to resikonya jakarta sebagai bayaran kompensasi hutang dan hutang tetep bayar,0,1,0
Mantab bro... Kita gak nuduh kamu jadi buzzer mulyono... Atau sales IKN... Tp boleh usul nggak setealh ini segera di kunjungi proyek mobil Esemka dong. Kita penasaran katanya sdh jual 6000 unit kok blm lht mobilnya di jalan.. Wani ora cak... Nek gak berani jgn salahkan nek sampean bagian dr buzzer atau sales IKN... Ayo di tunggu bro😂😂😂😂,0,1,0
Yg bilang mangkrak itu mbah amin dan pengikutnya. Sama umatNya anis..,0,1,0
Lanjutkan,0,1,0
Bazer nasi bungkus 😅😅😅😅,0,1,0
Saya heran sama Roky gerung.ngomongnya selalu jelekkan negaranya sendiri apa gak senang kalau negaranya maju dan makmur.semua pemimpin di kritik di hujat.kalau gak mau di NKRI bok sana ke luar negri sana jangan hidup di indonesia.sukanya hujat terus.,0,1,0
logate awakdewe arek'an kelihatan koyok Thailand nyablak clekap ceklop😂,0,1,0
Bikin time squer dong ala ala newyork gitu..psti keren deh,0,1,0
"Ketok medok e bro, ketok Suroboyone",0,1,0
Pastikan nggak ada gerobak gerobak bakso cilok dan jenis nya yng bikin pemandangan nggk enak gitu di lrang,0,1,0
Hyk warga korban pembodohan yaman yg mengharapkan mangkraknya ikn.😅😅😅,0,1,0
Joss,0,1,0
"Keren ndy, aku kangen kontenmu cuk .
❤❤🎉
Alhamdulillah wes mulai rame lagi ...",0,1,0
Keren,0,1,0
"keren keren banget gedungnya, semoga lancar dan ga banyak yg korup, maju terus!",0,1,0
"Apa yg di banggakan dari pembangunan itu? Itu jakarta versi ke2, setelah pembangunan merata org pribumi pun terpinggirkan 😅 cukup di ingat hutan Kalimantan itu paru-paru dunia dan resapan air terbesar dunia jadi jangan bangga kalo 5-10thn kedepan akan terjadi sesuatu, sorry ini bukan nyinyir atau apapun tapi ini tentang keberlangsungan ekosistem dunia",0,0,1
"Adeeeh mangkrak itu ariinya luas boos,klo ga ada yg kerja bukan mangkrak namanya tp terbengkalai,😅😅",0,1,0
YANG BILANG MANGKRAK ITU ORANG YG PUNYA MULUT DAN BUAT VT SETNGAN BUSUK.,0,1,0
Mantap jg ternyata IKN..jd sbuah kota modern. Ga terlihat kabel semerawut. Semoga bs d lanjut,1,0,0
"Yois..bahagia sebentar...nggak pa2 bila nanti mangkrak yois..lumayan bisa buat destinasi wisata baru....

Tetap semangat bolo...
Salam waras...",0,1,0
Alhamdulillah Kalimantan jadi maju.. dan megah.. semoga Papua juga ikut maju dalam pembangunan.,0,1,0
"Keliatan bgt kalo settingan. Buka pintu, tv udah nyala 😂",0,1,0
Kalo saya yg ngevlog di terima kaya gitu ga ya?,0,1,0
IKN mantaab...👍👍❤❤,0,1,0
Mangkrak ke enggak ke bodo amat ga ada gunanya buat rakyat,0,1,0
Bang sekalian bikin konten kepindahan ibu kota orang hutanya kemana itu bang Iki wong Jawa timur iki,0,1,0
"sebetulnya tdk perlu2 amat pindah ibu kota,yg paling urgen itu inprastuktur penunjang ekonomi seperti pelabuhan di selat malaka dan konektivitas jln raya antar kota,",0,1,0
Bagi korup gk ada artinya 35 JT...,0,1,0
"Kereeen...
Bagaimana airnya yaaa
Sulit atau lancar?",0,1,0
Culek ken ae mas eee 😂😂,0,1,0
"Butuh 20 tahun kedepan akan menjadi kenyataan dan benar benar ibukota yg maju.orang fikir dibangun hanya selesai semalam,seperti cara berfikir orang makan mi instan lima menit jadi.",0,1,0
"Bangga bisa ikut serta membangun IKN, walaupun hanya pengangkut material bangunan nya",0,1,0
Kenapa bang gk boleh mkn kecap manis bang 😂,0,1,0
Kandang juangkrik,0,1,0
"Ha hA ha ha
Anda bilang kalimantan panas, karena kalimantan jalur katulistiwa, yg seharusnya hutan atau zat  hijau daun harus tetap terjaga dan terpelihara, namun kini berubah menjadi IKN. 
Ini berdampak perubahab iklim global bahkan dunia sehingga cuaca jadi exstrim. Menimbulkan banjir bandang dumana mana, peningkatan permukaan air laut. Bahkan anginpun bertiup semakin kencang. 
Bukankah sudah kau saksikan gimana gejolak alam saat ini?",0,1,0
vidio nya. kirimin ke roky gerung..😂😂😂,0,1,0
"Nitizen sekarang kalow komen tanpa riset,
Gampang sekali tergiring opini oknum yang berkepentingan.",0,1,0
"Setuju ada IKN, tapi sadar gak perlu buru-buru…saat ini bukan mangkrak, tapi jalan pelan..IKN bukan komplek kantor wae,..ia adalah tmpt nongkrong gen z, tempat anak sd belajar, tempat ibuk2 arisan, tempat sore2 ada yg futsalan, tempat gitaran bareng teman…..IKN adalah cerita hidup….dukung IKN tumbuh dengan wajar..",0,1,0
"Mau dibodohi sja, nyatanya tidak ada ASN yg pindah sampai sekarang, padahal lalu bilangx akhir 2024.😅😅
Konten OPO Iki..🥴",0,1,0
"*Daripada cuma berdebat IKN mending pejabat nya cepet2 pindah*
*giliran kritik dianggap intoleran*
*pas waktunya pindah IKN diundur2 banyak alasan*
*lagian Jakarta sudah bukan ibu kota lagi, kalau nggak cepat pindah pejabatnya ibukota sebenarnya itu dimana? *",0,1,0
Klo yg bikin SBY mungkin iy bkl mngkrak. Justru di era Mulyono banyak proyek mangkrak yg akhirnya diterusin dan jadi,0,1,0
"Memberi pekerjaan orang Kalimantan, mengurangi banjir di Jakarta",0,1,0
inilah ternak Mulyono yng bloon mana investornya bong,0,1,0
Taiiiiiiiii,0,1,0
Yg bilang ikn mangkrak pasti anak abah,0,1,0
Cenel gedabrus bos,0,1,0
Semoga cepat selesai,0,1,0
Cepetan bang di jadiin IKN ny biar pd pindah dri jakarta.Ruwet liat para pejabat ny.bnyk korup dn cuma krja ny makan doang😅😅😅,0,1,0
"Berita HOAX...???
BSH tambah Kejang² lihst Setiao haru Rsmai Babyak Warga Masyarakat berfoto²an di IKN, Presiden Pranowo telah bertekat Melanjutkan Pembangunan IKN s/d selesai (IKN kebanggaan Bangsa Indonesial 👍❤️🇲🇨",0,1,0
"SIIIP SEMOGA  INDONESIA SEMAKIN MAJU SEMUA PEJABAT BERTUGAS AMANAH RAKYAT.!!!

HARAPAN RAKYAT KE PADA PRESIDEN PRABOWO  BISA MENINGKATAN EKONOMI RAKYAT DAN MAJU BANGSA NEGARA INDONESIA.!!!🤲🤲🤲🇮🇩🇮🇩🇮🇩",0,1,0
"yang bilang mangkrak itu kaum sakit hati yang fikirannya pendek suka nyebar Hoax's, fitnah sana fitnah sini, klu sdh berhadapan dgn hukum baru kebingungan.",0,1,0
"LANJUTKEEN, PIRALKEEN, JANGAN KASI KENDOOR...350TX",0,1,0
Sip hebat❤,0,1,0
Min .amin ini deluk en mata mu  meleek min uju micek  ae min min utek mu busuek min min iki lu ikn  mata mu meleek min min,0,1,0
Iyo wong entuk duit,0,1,0
Mangkrak itu .kata org yg cuma liat Brita hoax sama yg benci dengan berdirinya ikn wkwk,0,1,0
PROYEK JOKOWI MINTA PUJIAN SAMA TERNAKNYA . HEBAT JUGA PRESIDEN TERKUROP DI DUNIA INI MENGALIHKAN KASUS ...JADI PUJIAN .,0,1,0
Kalau bukan orang suruhan gak mungkin bisa selanang selonong sembarangan bro ? 😁😆😂,0,1,0
"Cb bang diitung""sing bnr,,,,,, klau cpt ditempati sarana prasarana n untuk membangunnya fana dr mn, logika aj gal usah asal njeplak",0,1,0
Dilihat aja 5 tahun lg😅 mangkrak atau TDK biar waktu yg menentukan dan biar kelak tahu kebenarannya 😅,0,1,0
"smoga matanya sengkuni amin rais lihat,,,,",0,1,0
Yg bilang mangkrak itu kan orang yg ga bisa move on,0,1,0
"Betul om kawan ku juga kerja di sana, pekerjaan memang masih berlangsung alhamdulillah masih berlanjut...",0,1,0
Ayo suruh pindah,0,1,0
"Para penghasut dan para pemfitnah itu gak kpingin bangsa indonesia itu lebih baik . Wong jakarta Kp mendelep Karo laut , terus dalane macet pol Sik dipertahano ae .",0,1,0
Matap kang  nah gene yutuber gevolok neng ikn jadi waga net jadi ngerti 👍👍👍👍 jadi para youtuber youtuber yg banyakdong dang kesini,0,1,0
Jooooos ikn❤❤❤❤❤😂maju trs,0,1,0
Saya salah satu orang yang ikut bekerja di IKN sekarang dan asal anda tahu bahwa ribuaan orang yang kerja siang malam di sini untuk bisa ikut membangun dan mensukseskan proyek Besar IKN ini,0,1,0
IKN mangkrak itu menurut mbah amin rais manusia bangkai tanah 😂,0,1,0
Klo sampai mangkrak juga pemerintah mikir 2 kali dana yang di habiskan  sudah ratusan M mungkin T....belum lagi neken pajak kerakyat yang terus mencekik😅😅😅😅 klo sampai mangkrak ...gile lu ndrooo😂😂😂😂,0,1,0
mantaaaappp IKN tetap jalan...kerenn,0,1,0
Tetap lebih bagus pak Jokowi.. Dibandingkan pak Omon Omon skrng ini,0,1,0
kasian para pekerja proyeknya banyak di tinggal kabur sama mandornya..  Karna gajinya ga d bayar..,0,1,0
Waaah....keren.keren.keren 😍😍😍,0,1,0
35jt aq nabung 1thn baru dapet😅😅,0,1,0
ibukotanya mega mewah pejabatnya super kaya semua hidup mewah tapi rakyatnya ttp miskin banyak kekurangan banyak kelapran wkwkwkwkwk yg bangga itu bukan rakyat tapi kalian saja golongan segelintir orang2 rakus,1,0,0
Tdk mngkat tp anggaranya d kurangin jd pekerjaaanya melmbat,0,1,0
"Tidak mangkrak, pasti dituntaskan krn sdh menelan biaya besar sekali, hanya saja pembangunan ikn terlalu sangat dipaksakan, sdh diputuskan dan dilaksanakan tinggal dituntaskan saja",0,1,0
"Tinggal kan yang sirik dan dengki rangkulah kaum optimis , majulah bangsaku",0,1,0
VIBES kota nya menurut gw dari depan istana sampai gedung ASN dan Swis hotel. Kalo titik nol masih,0,1,0
"Saya bagian dari masyarakat biasa  tdk tertarik dng orang2 dan partai2 yg berpolitiknya dengan cara yg licik . Karena berdasarkan pengamatan saya banyak para politisi dan partai2 dalam berpolitik utk menang dan  mendptkan kekuasaan dng cara2 yg licik. Oleh karena itu kelompok tsb dlm rangka bersaing sll menyebar fitnah dan hoak serta menyesatkan rakyat
 Contohnya ; selalu memposting IKN mangkrak. Itulah contoh orang2 Indonesia yg tdk bangga kpd negaranya sendiri maju.",0,1,0
35.000.000 ya jelas diluar jangkauan bang Andy dia kan level menengah kebawah banget cuma pura² tajir ajh🤣🤣🤣🤣🤣🤣🤗 I m sorry bang just kidding😅😅,0,0,1
Ibu kota cina..,0,1,0
"Kerenan Iki ko konten nya,,, lucu, educasi, beda dari konten2 sebelum nya ko.

1kata teko Suroboyo, JANCOKKKK,,,, 🤣 keren smpn ko.",0,1,0
"Lak onok ae seng di komen koko iki,,,kober ae ngomen kocomoto ne wong mlaku.
""Kocomoto ne apike rek rek ""
😂😂😂😂😂😂😂😂😂😂",0,1,0
yang bilang mangkrak itu hanya pembenci tingkat dewa kepada bapa Jokowi...anak² Abah dan kaum 16%😅😅😅😅,0,1,0
Kerennn om andy ❤,0,1,0
Mong OPO to le le,0,1,0
Yaa Allah.. maksa kali siiih.. snatara pajak naik terus.. jangan siksa rakyat.. mau bangun istana untuk pejabat.. pemaksaaan.. dah tau rakyat lebih butuh.. ini malah rakyat yg bayar pajak tinggi.. 😞😞😞,0,1,0
"Londo Ireng,penjilat",0,1,0
Dijajah sipit belum sadar juga...😑,0,1,0
"Mangkrak mangkrak wis! Utang terus Bikin miskin negara, isinya cina daratan nanti.",0,1,0
"Gak kebayang ongkos bayar tukangnya brp ya, ditempatku 130/hari+rokok+gorengan. Gak kebayang ini Bayarnya di kali brp tahun😅😂",0,1,0
Saya mau tau seperti nya cocok suara abang keras dan besar siapa tau semua orang jadi tau fakta nya negara seperti apa di bagian plosok,0,1,0
"Coba bang bikin vidio di daerah tangerang. 
Dan penggusuran di daerah sini pesisir pantai",0,1,0
Hadir kalimantan tengah 🙏Wah keren sekali 👍,0,1,0
Yang mendoakan ikan mangrak itu cuman barisan sakit hati .cuman berapa ekor,0,1,0
Kenapa ngak boleh mkn kecap manis?,0,1,0
Pasti yg bilang IKN mangkrak anak  banteng atau anak abah atau lebih jelas musuhnya p jokowi😅😅😅😅,0,1,0
"Bpk yg mendampingi bau"" nya orang lampung",0,1,0
"Wah hebat vlog mu,... Barisan orang nyinyir Jokowi korop IKN tipu tipu biar puaaas....",0,1,0
Mangkrak bagi Amin Rais dan kawan kawannya,0,1,0
kata kadron semua tenaga kerja dari china semua,0,1,0
wes rek ayas tak budal nang IKN,0,1,0
"Kalau pusat pemerintahan pindah ke IKN, jalan tidak macet dan tidak terganggu pendemo.",0,1,0
"Kata hater ""ikn mangkrak""😅",0,1,0
Sakjosee.,0,1,0
"Mau dilanjut apa kagak...ga ngaruh sama perekonomian Indonesia.. masih banyak rakyat miskin 
Rakyat cuma butuh
Sembako murah 
Pendidikan n kesehatan gratis nol 
Harga BBM turun 
Keamanan terjamin 

Betul apa betul",0,1,0
butuh 10 tahun lagi,0,1,0
"Cak Andi, AQ Yo pingin bgt jalan2 Ng IKN",0,1,0
Kerjanmu opo cok,0,1,0
Semangat 😂 nonton konten nya cak Andi....👍,0,1,0
Kalau buat kandang ayam gak sampe 1 hari bisa selesai...bangun ibu kota baru gak mungkin juga sebentar...dan IKN terus berproses....Dikira Hambalang apa mangkrak..😂😂..,0,1,0
Hurgruf erg bkagrak.,0,1,0
"Seandainya kemaren yg terpilih presidenya Anis ya pasti jadi mangkrak,pasti jadi kota hantu,,di tangan pak Prabowo kelak ikn akan menjadi kebanggaan bangsa Indonesia",0,1,0
"Coba kon ndelokh kui RH n RG ..
Bacotan thok ben dino mangkrak .. see 😅",0,1,0
Para pekerja ikn adalah termasuk pahlawan bangsa yg berjiwa sukses Indonesia menuju jaya raya broooo.....,0,1,0
Ikn dirancang 2045 baru selesai...mulai bangun baru kemarin 2023....Berarti ada hasil ini baru awal 2025 sudah banyak gedung berdiri.....mungkinkah yg mengolok olok ikn itu mungkin orang pesakitan ( apapun usaha orang dg bekerja baik...kalau Dimata orang pesakitan tetep dibilang jelek yaaa broooo...,0,1,0
alhamdulillah cak andy..chek and richek ternyata tdk Ikn tdk mangkrak..yg ngomong mangjrak hanya org2 yg sakit hati kpd mantan presiden ke 7 bpk H.jokowidodo..dan dilanjutkan oleh bpk.prabowo...smg sgr rampung biar yg sakit hati tambah stroke...hrsnya bangga dibangunnya Ikn..krn di jakarta sdh over semua,0,1,0
Jowo to...,0,1,0
jossss gAndosssss,0,1,0
Harga hotel 35 juta / malam 😮 utk masyarakat penghasilan berapa ya itu bisa nginap 😅,0,1,0
yg tdk suka IKN selesai pasti antek ANJAR..... Anis Ganjar,0,1,0
"wihhh muantap ,smga lancar pembangunan ikn nya,  yg penting gunungnya ojo di ratakno yo",0,1,0
Gitu amat bela mulyono😂,0,1,0
Gua yg bangun swissotel,0,1,0
Hoooooaaaaaxxxxxx,0,1,0
"ojo ngomong endas nek kanggo menungso , luwih sopan empan papan ngomongo sirah , yen endas iku kanggo wedus , kebo , sapi , pitek lan kewan liyane",0,1,0
Apakah ikn cuma yg di video ini aj luas knp gk divideo kn smua,0,1,0
"Bukan mangkrak. 
Tepat nya kembang kempis.. 
Sambil nunggu suntikan dana.",0,1,0
saya orang kaltim asli tersnyum manis,0,1,0
Mantaappp,0,1,0
Orang yang benci IKN banyak di negara ini dan mereka golongan ega mau ada perubahan hidupnya miris sekali,0,1,0
Mas andy jowone medok😄👍👍,0,1,0
Kardun Bani Rocky Gerung cs mngtkn emng bgitu di bilng mangkrak,0,1,0
Mau mangkrak ke mau lanjut ke terserah,0,1,0
Mantaaap .. bahasane suroboyoan ...!!! asyiiik..,0,1,0
Josss,0,1,0
"yang di maksud mangkrak itu mungkin progresnya tak sesuai yang di jadwalkan, dulu kan rencananya selesai tahun 2024 makanya status ibu kota Jakarta di cabut ternyata meleset dan dengar-dengar ada keputusan ""kemungkinan"" tahun 2028 IKN baru siap di gunakan..........biarlah alon-alon asal kelakon, membangun itu tak bisa di buru-buru karena hasilnya tak akan maksimal, harusnya Wapres ngantor di IKN sambil mengawasi pembangunannya agar cepat selesai dan sekaligus survei ke daerah2 di Kalimantan apa saja yang harus di siapkan untuk di bangun berikutnya.........Semoga Indonesia semakin Jaya dan merata pembangunannya........""",0,1,0
"Thanks Mas Andy Sugar sudah me Up tentang IKN.....tuh para pembenci Bpk Jokowi yg bilang IKN mangkrak, IKN jd kota hantu dll...pantengin channel Andy Sugar dr Surabaya...😂",1,0,0
"79 cm,. 
Kocak, tolol kok jamaah.",0,1,0
Allhamdullilah semoga lancar jaya pembangunan ikn dan membawa semangat baru dan kebangaan baru utk NKRI,0,1,0
Orang gresik menganti kontruksi banyak mas yang sampai ini kerja di IKN..,0,1,0
Tetap ❤❤❤❤ Jakarta Ibu Kota Negara I love full Jakarta Indonesia❤❤,1,0,0
yg bilang mngkrak krna cuma lhat di medsos..ga lhat scra lngsung,0,1,0
"Seru banget. Terima kasih Andy, dengan begini kita jadi tau kalo berita yg beredar di luar sana kalo IKN mangkrak adl hoax dan cuma kerjaan barisan sakit hati 😂",0,1,0
"Allhamdulillah..
Semoga Bang Andy ikut mamanya ke mekah.
jangan hanya berangkatin mamanya ke mekah.
hehehehe",0,1,0
"IKN itu untuk menghapus kesan Jawa Centris .Maka di bangunlah IKN.Ini posisi di tengah,tapi kalian jangan mempertanyakan kok lebih keutara ? Kenapa gak KalSel Palangkaraya.
Tunggu dulu.....kadang2 ada hal2 yg diluar prediksi kita.
Ini masalah waktu saja.Bila itu sudah datang dan terjadi IKN pas ada di tengah2 Indonesia,maka nanti di sebutnya :
INDONESIA SENTRIS.
Jika kita mencermati dan naluri kalian veka terhadap penomena dilingkungan sekitar kalian. Kalian akan faham ini.",0,1,0
Berapa semalam  si hotel nginep?,0,1,0
joss jebule ya,0,1,0
"Syukurlah.... selalu sampaikan informasi berimbang. Progres pembangunan dari waktu ke waktu, presentasi ketercapaian dan kendala yang dihadapi.",0,1,0
"Mangkrak tdk ,tapi melambat, pembangunan sekarang ini untuk menghabiskan anggaran thn 2024.yg belum selesai..thn mendatang anggarannya lebih kecil... itu untuk gedung pemerintahan dn fasilitasnya..diluar itu belum ada satupun investor asing yg masuk..setau saya sih..",0,1,0
Ngebayangin klo indonesia lolos piala dunia...bisa main dilapangan IKN..bisa tercengang seluruh dunia,1,0,0
😂😂😂😂😂😂😂,0,1,0
"Wajar klo desain fasilitas di ikn itu harus sesuai konsep kota modern apalagi ibu kota negara besar seperti Indonesia,,, walaupun untuk saat ini masih sepi tp tunggu 20 sampai 50 thn ke depan tdk dapat dibayangkan seperti apa wajah ikn ke depan",1,0,0
"kesini karena barusan liat indonesia lawyers club....sedih,,banyak kontraktor belum di bayar,,,termasuk bunga bunga yg di dapatkan dari kebun rakyat BELUM DIBAYAR,,,,,biaya nya membengkak,,,jangan salah ngerti kita gak berharap juga ikn mangkrak,,,tapi menambah beban itu sudah terbukti...",0,1,0
Dekornya ciri khas Kalimantan Banjarmasin,0,1,0
Mantaaaap pp Q udah kesana bang IKN emng joosss,0,1,0
Sukses terus mas.... Barakallah...,0,1,0
"Saya kerja dsana ko.. Karyawan banyak yg pulang dan resign. karna ga ada kehidupan!! Cuma ada kuli kuli proyek dan tukang pentol.. 
7 bulan saya disana bekerja.. Dan tempatnya sangat panas dan sangat berdebu.. 

ASN aj pada ogah pindah kesana.. Apalagi presiden",0,1,0
Mana orang2 nya g ad yg slawar sliwir.koyo kota mati bukan termasuk yang iku2 wong nge,0,1,0
Yg bilang mangkrak cuma katanya2 orang sirik yg pernah di resuffle krn gk becus kerja trus sakit hati...,0,1,0
ada ko andy  .... smangat ko,0,1,0
Calon proyek mangkrak.adili Jokowi,0,1,0
"Yg namanya mangkrak itu bangunan belum jadi dan ga ada sama sekali pekerja yg melakukan pekerjaan, nah ini masi banyak pekerja yg sedang bekerja ko di bilang mangkrak, namanya masi sedang proses ya sabar saja ga bisa juga bim salabim langsung jadi,, salam waras , berpikir dengan waras ,, 🤣🤣🤣🤣",0,1,0
Anak Abah dan pembenci Jokowi akan nangiss dan iri melihat ini😂😂,0,1,0
Buzzer,0,1,0
".alhamdulillah.perjalanan kita masih nomor3,menuju selanjutnya sampai nomor14,smoga syurga.aamiin.🙏.",0,1,0
Investor dari Singapura mana nih....?    spill dong total Investor dari luar negeri 😅😅😅,0,1,0
Yg bilang mangkrak paling pendukung yg kalah pilpres kemarin😂😂,0,1,0
melu......rek.....,0,1,0
Woooow,0,1,0
"Ah... jangan dengerin orang DENGKI bang..mungkin mereka antek ASING, Tetap semangat untuk Indonesia maju💪🇮🇩",0,1,0
IKN top markotop.. Bangga sebagai rakyat Indonesia memiliki Ibukota yg di bangun oleh putra putri terbaik bangsa sendiri .,1,0,0
sok tau kau!!!!!! gak ngerti schedule kau!!!,0,1,0
"IKN k'jauhan tdk mgkin warga DKI dtg k'Kalimantan,gak ape² tetep d'Jakarte aje...",0,1,0
"justru semakin membuktikan bahwa IKN bner"" mangkrak ini

orang yang bekerja tidak sebanding dgn apa yg akan dikerjakannya

pekerja"" proyek terlihat sangat sepi😂😂😂",0,1,0
"Saya hanya belum tau ne,admin sering ngomong jangan pakai kecap manis,?apa maknanya itu",0,1,0
Ikn dipersiapkan untuk kota terbaik tersehat di dunia sbg percontohan ibukota terbersih tersehat di dunia,0,1,0
"Yang iri pada IKN,perlu kalian tau,IKN menyelamatkan wajah indonesia suatu saat nanti,kalian ribut dana untuk IKN kenapa gak kalian ributkan dana puluhan triliun untuk nahan jakarta dari tenggelam,jakarta tidak ada kontribusi nya bagi kalimantan sedangkan kalimantan banyak kontribusinya untuk jakarta dan pulau jawa ,kenapa pula kalimantan mau membangun kalian protes,kalimantan membangun pakai duit nya sendiri yang telah lama di pakai untuk membangun jakarta atau membantu membangun pulau jawa",0,1,0
Kosong tanpa penghuni,0,1,0
kontraktor bnyak blm dibayar 😅,0,1,0
35jt\malem 😢,0,1,0
"😁😁😁😁😁 
Kalau IQ dibawah 100 (yang rata rata kepala batu alias keras kepala)
 ya bisa, di buat apa aja karena memang pikirannya hanya bisa terima. 
😁😁😁",0,1,0
"Asumsi saya, Sebenarnya para pejabat tidak pengen pindah dari Jawa",0,1,0
Wih rame pekerja konstruksinya... Hbis kelar sepi lagi guys 😂🎉🎉,0,1,0
Mantap koh.....salam kecap manis😂😂😂😂,0,1,0
"mereka yg bilang dan mengharapkan IKN mangkrak itu cuma segelintir manusia berjiwa kerdil,berjiwa khianat,otak kera seperti mereka2 itu mana mampu mahami gimana biar maju,mereka2 ini komplotan generasi cemas,pemalas,cemas liat keberhasilan orang lain,karena diri sendiri gak ada kemampuan,gak ada guna,dg kemampuan terbaiknya hanya mencela",0,1,0
"Yang mengatakan mangkrak itu orang malas pindah kantor.
Punya otak kotor gak bisa dugem disana.",0,1,0
Yang mangkrak itu *otaknya amin raisopopo*,0,1,0
"Kerja,,kerja,, tp kulinya g terbayar,,,",0,1,0
kenapa gak boleh makan kecap manis bang?serius nanya....,0,1,0
"Mantap Koh sinyo sukse selalu Yo koh,ojok lali lek ISO mamae di ajak jln ke IKN salam teko wong ibukota baru Kaltim 👍❤️",0,1,0
Ini namanya pemerataan...nice good job ❤,1,0,0
"Nasibnya seperti ibu kota malaysia, sepi",0,1,0
SAKAREPMU😝😝😝,0,1,0
"Yg bilng menjilat,, dia tuh sirik  lo yg kerja di sana saya,, ntr akhir bulan februari ,, bkln mulai rame lgi,,,",0,1,0
"Saya juga ingin tidak mangkrak, tapi yg pasti tidak seperti keinginan BAPAKNYA FUFUFAFA SICABUL. bikin ikn seperti tukang sulap bimsalabim. 
MIKEERRRRR..pake otak.",0,1,0
"borang orang yang senengnya bikin adu domba ,bikin meresahkan bangsa indonesia  yang menyebarkan gosif ĥoàx ÿnĝtidak bermutu bukannya bangga  dengan negaranya sendiri berbuat sesuatu yang bermanfaat untuk negara tercinta ini BUKTINYA IKN TETAP PEMERINTAH MEMBANGUN  BERTAHAP MARI DUKUNG KINERJA EMERINTA YANG DIPIMPIN  PAK PRESIDEN PRABOWO  sambil memberantas perusak negara dengan tegas",0,1,0
35jt/malam pakai uang rakyat mah ga masalah cokkk....😅😅😅😅,0,1,0
Ko .... Mbok q diajak to,0,1,0
Arek kupang jalan² di IKN mantap,0,1,0
"Salut dengan kontenmu yang mencerahkan.
Tapi...
Aku mangan soto ya campur kecap manis, Ko.",0,1,0
Betul kah ibu kota negara pindah ke sini ?,0,1,0
@andy sugar emane gak mampir nk training center pssi,0,1,0
"BUZZER BUZZER BUZZER,, CUAN CUAN CUAN",0,1,0
Mangkrak kata masyarakat 16% & 24%😂,0,1,0
Ahh...gak Bangga saya dengan IKN Wong dana pembangunan utama nya aja dari pinjam  kenegara lain apa bangga nya...😊 Terlalu di paksakan dimana kedaulatan Indonesia kalau bangun IKN aja boleh minjem...,0,1,0
Ahy bilang ikn bukan prioritas lagi terlihat sepi yang juga sedikit,0,1,0
betul klu mangkrak itu wisma atlet hambalang,0,1,0
Salam santun bang.. terimakasih bang Sudah menyuguhkan vidio yg begitu sangat HEBAT untuk pengetahuan... semoga sEhat selalu bang...,0,1,0
"omongan org yg tdk tgg jawab ko, semoga negara ini makin maju sukses dan lebih perhatian ke pelayanan masyarakat",0,1,0
"Kok Sepi bgt cranenya gak ada yg gerak, seperti gak ada progress",0,1,0
Salam buat mbk.Laila,0,1,0
Ngerusak alam,0,1,0
"Buang2 duit negara, yg uang nya di pungut dari rakyat dan di nikmati pejabat, dan orang2 tajir",0,1,0
Nama nya juga pembenci bang,0,1,0
Gedung besar yg nginep mn,0,1,0
GASKEUN,0,1,0
"Jiwa miskinku meronta ronta...melihat se hedon itu negaraku, tapi rakyatnya.....😢",0,1,0
Yg bilang mangkrak mungkin anak Abah🫢,0,1,0
IKN ITU PROYEK KORUPSI DAN PROYEK GAK JELAS,0,1,0
mantap.................,0,1,0
Masjid ikn e ndie,0,1,0
"Negara kita mau maju itu proses, karna banyak mafia nya, dan rakyat nya mudah di adu",0,1,0
di suruh bikin konten sama pak mulyono buat ngiklanin😂😂😂😂,0,1,0
ini udah di setting untuk pengiklanan😂😂😂😂,0,1,0
Nih manusia tembolokx ndol,0,1,0
😂😂😂😂,0,1,0
Seng ngomong mangkrak kuwi wong sing mabok urine onta😂😂😂,0,1,0
"Lebih butuh gas boos, kusus rakyat  kecil.",0,1,0
Uenak ruenyah tenan bahasa mu cak... 👍👍 Lanjutkan...!!! Gassss 💪💪💪,0,1,0
semoga kantornya segera jadi dan beroperasi biar ASN nya segera dipindah dan turut menghidupkan perekonomian IKN,0,1,0
Kren IKN maju trus & semangat 💪,0,1,0
"Tidak akan bisa berkembamg... Siapa yg tinggak disana? Hantu?😅 Sy sendiri orang penajam, sangat kenal wilayah itu di kec. Sepaku",0,1,0
Pagar laut dong d bahas tuntas sampai k izin y,0,1,0
"IKN akan terus berdiri dn terselesaikan, memang tidak ada investor, tpi IKN di bangun dri program lain, di luar APBN dn Dana ini di sebut DANA AMANAH para sesepuh dan leluhur, karena Indonesia punya Koleteral luar negeri. Yg sebentar lagi akan CAIR seluruh rakyat akan merasakan Kesejahteraan. Tinggal tunggu sja Detik detik pencairan ya ❤❤❤",0,1,0
Mantappp...proyek yang benar2 josss...nyata dan jelas...👍👍👍👍👍,0,1,0
"mantep sih IKN
nantinya para koruptor bakal ngumpul di IKN semua 🤭 sikaattt",0,1,0
"Kita lihat sj seterusnya krn waktu yg menjawab..
Bagi yg bilang IKN jalan terus..g mangkrak..silahkan lanjutkan dukungannya..
Tp ingat.. kasusnya bisa jd sama dl waktu mobil Esemka, bagi pendukung Mulyono waktu itu ngeyel bukan main..bahkan sampe menunjukkan pabriknya d solo..tp nyatanya skrg apa..? Kicep semua..
Masalah pembangunan di IKN yg masih berjalan, ya mungkin kontrak yg belum selesai..
Utk yg lainnya bisa jd g berjalan lg..krn suami dr sepupu istri yg sempet jd mandor d proyek Ikn ini skrg sdh berhenti..g lanjut lg..",0,1,0
"Semoga ibu kota negara kita,lebih baik lagi.pembangunan masih terus berlanjut untuk lebih baik  lagi",0,1,0
Jan**** 😄👍,0,1,0
Mantap IKN.nyo josss mudah mudahan cepat selesai.bang.salam dr Jambi.,0,1,0
kadrun kena mental drama mangkrak hoax,0,1,0
Pendukung resim ijasah palsu kepanasan..,0,1,0
Kalau begitu cepatlah semua pejabat dan aparatur negara termasuk anggota DPR pindah ke IKN..biar Jakarta adem...pindahkan semua ke IKN segera...,0,1,0
"Kemajuan indonesia harus merata. 
Mantap ikn",0,1,0
Alhamdulillah kalau proyek nya di lanjut oleh bpk presiden Prabowo,0,1,0
"Mewah, indonesia bisa dan mampu...",0,1,0
cair...cair...cair...,0,1,0
"ga minat, enak jawa semua ada",0,1,0
Mknya dtng lsng liat pk mata kpala sndri jgn asal mangab ...mknya liatnya pk hati yg luas,0,1,0
"Woooh keren IKN, Buser 2 pada panas nik bos",0,1,0
"Smg negarsku smkin maju, Berfikir hanya sampai,  tenggorokan perut. Malu sama nenek moyang  yg sdh membangun negara. Ini cucunya bangga kalau pembangunan  negaranya hancur.",0,1,0
Cuma anak abah yg goblok aja bilang ikn mangkrak,0,1,0
"Apapun pembangunannya,sebagus apapun programnya,tp klu rakyat susah cari kerja setelah lulus sekolah tidak akan bs sejahtera,IKN d  bangun bukan untuk rakyat kecil,tp untuk d nikmati para pejabat d yg berduit saja,rakyat biasa tdk akan mampu beli disana, terus yg mau d banggakan apa?  Yg miskin akan tergusur ke pinggiran dengan sendirinya krnae pajak pasti mahal.program yg bagus itu gimana anak setelah lulus skolah mudah cari kerja itu baru pemimpin yg sesungguhnya.",0,1,0
35.000.000 stu mlama😂😂😂😂🤣,0,1,0
"PERTANYAANNYA..SIAPA YANG MAU KE SANA. ?

😂😂😂😂😂😂😂😂
😂😂😂😂😂😂
😂😂😂😂",0,1,0
ko orang china yang bisa masuk?,0,1,0
Dudu Sumbo.. Sumbo la Yo Wantek(pewarna)😂😂😂,0,1,0
IKN tuk siapa?? Utk kamu? Kita?? 😂😂,0,1,0
Jilat terosssss,0,1,0
"Saya dukung penuh pembangun IKN, agar Indonesia semakin maju 🔥",0,1,0
Masih sepiiii,0,1,0
IKN banjir To le,0,1,0
kocak om sayang kerja di bumn aja masih kerjain ikn hoak bertebaran dimana mana hadeh,0,1,0
"Bang ikn tetep dilanjutkan tapi bukan prioritas pak prabowo 😂
Ternyat bener Indonesia belum benar benar membutuhkan IKN tapi ekonomi dan pembangunan merata buat kesejahteraan rakyat",0,1,0
mantap bang anda sudah membuktikan pembangunan IKN yg sebenarnya,0,1,0
Seminggu yg lalu jg dari IKN bang..Asli keren,0,1,0
Tinggal kapan beroperasinya,0,1,0
"@AndySugar .  Jika aja punya bekal tak temenin om ,,, 😢 pingin tau keindahan indonesia q😊",0,1,0
"Sayangnya di IKN daerah yang suhunya panas, bukan didaerah yang yang suhunya dingin, apa2 harus pakai ac, sebetulnya Indonesia banyak daerah yang suhunya sedang sampai dingin",0,1,0
"ya mangkrak orang lihatnya di foto gak ada orang kerja.
yg biasa menghujat itulah orang yg hidupnya mangkrak kali ya.",0,1,0
Jangan cuma selfie tetapi tinggal saja kau disana,0,1,0
"Yg ngmng mangktrak itu biasa lah,yg sakit hati kmrn😂😂😂",0,1,0
Ini nyta.beda dgn bacotny amin rais.yg kata kata jelikin ikn,0,1,0
Garudanya mirip kelelawar alias Batman,0,1,0
"Kereenn bang, Terima kasih Pak Jokowi lanjut kan Pak Prabowo. Salam dari Bojonegoro 😊",0,1,0
Ko istri tlp suruh pulang😂,0,1,0
"sepi,kaya kota hantu",0,1,0
Gawe LAS VEGAS e versi INDO  aj lah 😂,0,1,0
Salam dari aguan,0,1,0
"cangkem'e para buzzer penak'e ditungkak karo sikil, ben ora sakpenak'e bacot....",0,1,0
Otaknya Rocky Gerung yg MANGKRAK 😅😅😅😅😅😅,0,1,0
"Presiden, para menteri dan DPR RI harus sekarang juga kerja disini biar fokus ngurusi semua masalah masyarakat atau semua permasalahan negara kita ini. Harus tinggal selama 5 tahun disini biar fokus kerjanya alias amanah. Jangan para ASN kerja disini karena terlalu jauh meninggalkan keluarganya. Biaya perawatan IKN ini mahal jadi jangan disia-siakan. Cita2 nya kan mau jadi pejabat, ayo ngurusi seluruh permasalahan rakyatnya dan terima pertanggungjawaban nya nanti diakhirat.",0,1,0
Jawir2 ..,0,1,0
"kadrun, anak abah dan anak banteng dilarang ke IKN 🤣🤣🤣🤣",0,1,0
Duh uang pajakku😢,0,0,1
Sudah kuduga sebelum pembangunan,0,1,0
yang pasti org miskin gk masuk di ikn..ikn untuk kaum elit,0,1,0
SUDAH PASTI BAKAL MANGKRAKK 😂,0,1,0
Bahasa Indonesia woiii....!,0,1,0
Iki hotel e gendut yo crazy rich suroboyo tek koncomu paleng🤣🤣🤣,0,0,1
"Satu kata, BANGGAAAA….. 🇮🇩 🔥",0,1,0
Enak soto pake kecap manis,0,1,0
Agus sekarang jadi youtuber🎉🎉🎉,0,1,0
Saya ikut mengerjakan istana pak adanya ikn tambah  peluang kerja ...mengurangi pengangguran,0,1,0
"Sabodo amat, rakyat belom makmur utang numpuk malah ibu kota pindah pindah,  ngurusin gas LPG dulu gak usah ngurusin ibukota,",0,1,0
Wis wis bablas medhoke rek ….Aku nganthek keseleg ngrungokno…😂,0,1,0
Terus dibuat apa ?,0,1,0
Mantap ko andi ikn semakin maju,0,1,0
"Jangan dilanjut bowo,
Ngabisin uang negara,
Mending dimanfaatkan buat bantu rakuat miskin,
Bowo hebat gak lanjutin proyek jokodog ini.",0,1,0
"Yang Bilang Mangkrak Paling yo Anak Buahe Anis Baswedan.. Karo Cangkeme Roky Gerung.
👍😁🔥🇮🇩",0,1,0
Swiss hotelnya mantap❤,0,1,0
lahan korupsi,0,1,0
"Alhamdulilahirobilalamin, trimakasih videonya juga inpo inpo nya., semoga sukses di konten selanjutnya.... Terus berkarya tanpa harus mencela dan menghina., Jadilah legenda",0,1,0
Saya kasih tau kamu yang pasang marmer di gedung Garuda itu saya dan temen2 saya,0,1,0
Ibu kota itu tetap jakarta kalau ikn cuma ibu kota mimpi di siang bolong semua anggaran dana pembangunan di panen ramai2 oleh para koruptor jadi sampai kapan pun mana bisa ikn terealisasi menjadi ibu kota sungguhan.,0,1,0
"Awas d tombak wong Sampit ndik 🤣🤣
Koncomu meduro tok ngunu 🤭🤭🤭",0,1,0
YG BILANG IKN MANGKRAK ITU...ORANGYA ANIS GANJAR🤣🤣🤣🤣,0,1,0
"Gabisin uang rakyat aja ,pemrintah kita aja terkenal korup",0,1,0
"aneh emang ya yang bilang ikn mangkrak. Ikn menang ngk di prioritaskan bgt pembagunan nya seperti pas Jokowi masih presiden tapi pembangunan masih terus di lanjutkan walaupun dana diberikan ke ikn tidak sebesar pas pemenuhan Jokowi, tapi tetap lanjut pembangunan nya",0,1,0
"Kereen tenan, ben ae yg suka nyinyir tinggal saja... nanti juga ikut, kayak jalan tol dulu nyinyir sekarang rajin make 😂😂😂",0,1,0
"Perekonomian rakyat masih menderita pak tolong di perhatihan jangan hura hura Uang karena masih banyak pengangguran rakyat indonesia dari lulusan SD Dan SMP, SMA dan kuliah di perhatikan lagi dia juga manusia pak ,jangan hanya memperhatikan orang yang di atas terus 😢😢😢",0,1,0
"Om rocky gerung ajak jalan"" dong biar wawasanya luas , supaya tdk cuma dengar cerita dr orang lain .....kasian lo dia , mainya cuman seputar halaman rumah tetangga ....",0,1,0
Asal jeplak bahaya,0,1,0
"Iki konten terlucu mu cak...😂😂.
Ketok pak Prabowo dikuaplok sampean😂😂😂",0,1,0
Makin menjamur aja ternak mulyono,0,1,0
Yg ngomong coro2 barisan sakit hati itu.,0,1,0
🎉🎉,0,1,0
buat apa bangun ribuan T kalo ujung2 jadi tempat wisata😂😂😂,0,1,0
Video lama,0,1,0
Bro spill dong bandara IKN yg lagi kebanjiran 😂,0,1,0
ibu kota kok sepi gays,0,1,0
Sepi aja karena pengurangan pekerja sebab zaman prabowo IKN bukan prioritas utama.,0,1,0
Lahhh apa yg di banggakan.,0,1,0
Kereeenn ternyata IKN. Semoga berhasil semuanya.,0,1,0
"Emang skenarionya PSN seolah-olah mangkrak, karena taipun mau bikin negara di dalam negara..",0,1,0
Negara tolong Bank Andi diangkat jadi Marketing Freelance IKN,0,1,0
Utusan cina😂😂😂,0,1,0
Mangkrak adlah kata yg tepat buat jualan kontennya laris 😛,0,1,0
"R nya betagar,,,Ikam kada bepada 😂😂😂",0,1,0
WAAAAAH MEWAH BANGET  HOTELNYA SEPERTI APARTEMEN,0,1,0
"Pengen koment tentang keluhan para pekerja disana ,,tapi takut dosa😂😂",0,1,0
Kata orang iri dan deng Ki ..I K N  GK d lanjud . Suon p Jokowi ....Indonesia sekarang punya  istana ... GK numpang bekas penjajah ..bangga saya .sebagai warga negara Indonesia .bangga sekali ..gimana menurut teman 2 .yg lain ..,0,1,0
Mas videomu kirim ke WA ne mbah smin ya😂😂😂,0,1,0
Anak u cewek . Pak masih kerja di sini  sini d proyek IKN  Saya senang sama presiden  p.Jokowi .bisa  bisa buat Istana negara sendiri  dia malu Indonesia negara kaya GK bisa buat .masak istana negara  itu dapat rampasan dari penjajah dulu . Sebenarnya  istana rampasan dari penjajah itu d Buat Mosum .yang Betol,0,1,0
Tinggal nunggu kedepanya sperti apa bisa dipercaya gak ucapan ni org 😂😂,0,1,0
"HAHAHA BAHASA NE JOWONE MEDOK BANGET KANG, MANTUL BANGET WAOOOOOOOWWW",1,0,0
"Asline sampean wong endi cak andi, boso jowone kok kasar😀",0,1,0
"mantaap ko , bangga poll aku karo kue kooo !! cinta tanah air !!",0,1,0
Mantep koh kami bangga dengan kemajuan ikn yg nyiyir itu SDM rendah tak ingin Indonesia maju dan hanya untuk kepentingan pribadi,0,1,0
model gedungx kayak intiland sby 😂😂😂,0,1,0
"Nanti paling jadi ibu kota yang terbengkalai wkwkwk, habis itu para investor minta ganti rugi+bunga nominalnya, maka jadilah Indonesia paling berhutang didunia",0,1,0
"Hotel 35jt / malam Tempat nginap saat kunjungan para mentri dan pejabat, Gimana gak habis uang pajak dari rakyat kalo hotelnya aja harga segitu permalam...Yg bayar pajak aja   bertahun-tahun blm tentu bisa ngumpulin duit 35 jt 😂",0,1,0
"Mantap bang
Ink harus terus berlanjut",0,1,0
"bisa aja nih buzzer
padahal prabowo sendiri bilang ikn bukan fokus utama lagi wkwkw",0,1,0
"Mantap korupsinya. Tambah utang lagi lalu korupsi lagi. Mantap, mantap, mantap. Keluarga besarmu diberi jatah korupsi juga, tak lupa gerombolanmu, sampai generasi cicitmu. Mantap, mantap, mantap.",0,1,0
"hebat nya JOKOWI & PRABOWO MERANCANG IKN.  BELUM 2045. PEMBANGUNAN SUDAH LUARBIASA. GIMANA KLO SUDAH 2045 NANTI. PASTI SUDAH SPECTAKULER IKN.  Untk bangsa kadrun dan bangsa sumbu pendek. mudahan dgn ada video ini, Kalian sudah sadar yahh..

GOOD JOB JOKOWI & PRABOWO.",1,0,0
Gasssssssssssssssss,0,1,0
KLO sudah di buatin bangunan baru dan mewah dari  hasil nekik rakyat DG pajak yg makin naik ..KALO TIDAK DI BARENGI DENGAN PRESTASI WAKIL RAKYAT DAN PELAYANAN WAKIL RAKYAT UNTUK MENSEJAHTERAKAN RAKYAT LEBIH BAIK LAGI MENDING DI BAKAR AJA IKN...,0,1,0
Pemborosan uang rakyat,0,1,0
"Nambah utang,bikin sengsara rakyt😂😂",0,1,0
Namanya BuzzerRp & InfluencerRp... Tugasnya ya bgini lah..,0,1,0
Yang bikin konten beda beda cuma muter muter daerah sini sini saja😅...,0,1,0
1:59,0,1,0
Kayeknya salah urat …,0,1,0
"kek bangun komplek atau tempat wisata atau peristirahatan ya, setelah liat video ini gw jadi yakin memang tidak mangkrang tp sepertinya akan mangkrang wanna be. btw gw jg pernah kesana langsung koq",0,1,0
IKN belum mangkrak tapi tersendat karena perlu dana yang besar...! Semoga tetap berjalan walau agak tersendat karena dananya memang dipangkas...!,0,1,0
"Swiss hotel nya sperti apa? 
Ada penghuni nya?",0,1,0
Yg mangkrak koruptornya.,0,1,0
"Tapi miris pak, sekarang untuk pembangunan jalan di close pak, saya jadi korban pak, karena anggaran katanya minim",0,1,0
Keren terus tingkatkan!,0,1,0
securitynya asli  kalimantan...mantapssssss...putra daerah....keliatan dari logatnya,0,1,0
"Saya berharap ikn berjalan, dan sudah ada penghuninya, kalaupun ikn mangkrak, maka Prabowo harus terapkan hukuman yang lebih ketat kepada para koruptor, kalau perlu UU perampasan aset",0,1,0
😂,0,1,0
Smg Indonesia emas tercapai dan operasional ikn sdh berjalan,0,1,0
"Kemarin aja orang sana bikin vidionya ikn,banjir sana banjjr sini,,,",0,1,0
Norak Wakanda Pembangunan Gini aja Gak Memajukan SDM sama sekali Noh Elpiji Gas ⛽ 02 otak kosong⬜,0,1,0
Yg bilang ikn mangkrak adalah orang2 penghianat bangsa.. Gak mau negri ini maju,0,1,0
Klaw bangun selat Malaka lebih menguntungkan broo.,0,1,0
Sing ngomong IKN mangkrak...kuwi cangkemme gak waraass....,0,1,0
EMANG PEDE MAMPUS🤣🤣🤣,0,1,0
"Tuh lihat gaesss...
Terbukti kan...

Seepiiiiii 🤣🤣🤣",0,1,0
Wooooww....👍👍👍,0,1,0
Onok spot mancing'e gak cak? 😁,0,1,0
Percayalah.. nanti kalimantan akan jadi milik singapura.. percayalah,0,1,0
"Anak Abah melek,o motomu Iki IKN SG jare mangkrak.",0,1,0
Mana ada mangkrak ..temen saya 1 PT ada 80 orang disana😂😂❤,0,1,0
Ga onok wong e,0,1,0
1 malam 35jt😂,0,1,0
8:30,0,1,0
"AMBISI Radja Jawa yang Sangat Merepotkan dan DIPAKSAKAN... Jadi SEPERTI KOTA MATI YA??? MANA PEMBANGUNANYA, MANA PEKERJANYA?",0,1,0
Wkwkkw orang2 bayaran semua,0,1,0
"Yg mangkrak itu korban politik , dan yg gak trima ibu kota pindah . Mintanya yg maju propinsi dia selalu",0,1,0
Jalan nya lebar jugak ya,0,1,0
Mantap betul IKN ya Boos,0,1,0
Ada masalah apa lu bang sama kecap manis wkwk😂,0,1,0
Nama roki kok sudah dirubah,0,1,0
"Terima kasih informasinya mas broo, tak ngumpulin sangu dulu (pensiunan guru jadi pingin ke IKN.)",0,1,0
𝕐𝕘 𝕓𝕚𝕝𝕒𝕟𝕜 𝕞𝕒𝕟𝕘𝕜𝕣𝕒𝕜 𝕠𝕥𝕒𝕜𝕩 𝕕𝕚𝕡𝕒𝕟𝕥𝕒𝕥 𝕜𝕖𝕣𝕒,0,1,0
"Contoh : 
Anda sdh punya rumah yg sederhana,utk makan sehari"" aja kadang belepotan ngurusnya, belum lagi ngurus kebutuhan anak, istri, misalnya biaya sekolah, iuran kesehatan, blm lagi anak ada yg kuliah, kemudian hutang anda banyak sana-sini, yg bahkan anak"" anda 7turunanpun ga mampu utkembayarnya, tiba"" anda dgn niat yg gigih ingin punya rumah yg mewah meskipun membangunya dgn hutang, krn penghasilan anda tdk mencukupi utk hal itu.!!! Logikanya sederhana dan sangat"" sederhana, kira"" klo anda emang punya otak, mana yg lebih anda prioritaskan.??? Tinggal di rmh sederhana yg serba kecukupan, biaya hidup anak dan istri anda masih bisa di atasi, bahkan hutang"" andapun bisa anda bayar meskipun cicil dari penghasilan anda /blnnya, ataukan opsi ke 2, yg dgn ego dan tolonya anda abikan opsi pertama hanya demi membangun sebuah rumah yg mewah sementara makanpun anda kesusahan.???!!! Cobalah jadi manusia itu lebih bijak dalam berpikir, gunakan logika, gunakan OTAK utk berfikir yg sehat.",0,1,0
Lebih mewah timbang jakarta nantinya,0,1,0
"Masyaallah tabarakkallah IKN mantap ibu kota baru Indonesia, terus maju Dan tetap semangat",0,1,0
"Penyebar fitnah itu akan menanggung akibatnya...kalau mau melek, datang langsung ke ikn, saya sudah ke sana, sebelum pakdhe Jokowi habis masa jabatannya..",0,1,0
Bukan hitam bang tp ijo lumut.. Atau bisa disebut Navy,0,1,0
"Terimakasih mas.... serasa ikut jalan-jalan di IKN. 
👍👍💪💪🙏🙏",0,1,0
Nnti klau udah jadi plng yg nyinyir plng blngnya ya itu emang tugas pmerintah roki gerung cs,0,1,0
Sg ngomong manGkrak matane picek...,0,1,0
INDONESIA MAJU TRUS MENUJU NEGARA MODERN,1,0,0
adiku lgek seminggu cuti ko ikn marai 2thn gak leren,0,1,0
"Yang bilang mangkrak itu, orang yang tidak suka pembangunan IKN..",0,1,0
"Akhirnya koo Andy upload lgi YouTube nya. kangen prank"" lagi koo",0,1,0
mantab om....,0,1,0
"*_Wow mantap!!!_*
*_NUSANTARA BARU_*
*_INDONESIA MAJU_*
🇮🇩❤️🇮🇩",1,0,0
"Maaf nanya bang, untuk rakyat umum boleh kesitu g si?",0,1,0
Yg mangkrak tu otak para penikmat air kencing onta yg GK mampu berfikir positif,0,1,0
"beneran gak ada laut kah bang IKN? pernah denger katanya mau bangun pelabuhan, berarti bukan di IKN nya dong pelabuhannya.",0,1,0
ada warung mkn ga d situ,0,1,0
"Hati2 mas, takutnya sampean jd target operasi",0,1,0
Th 2126 selesai,0,1,0
"IKN the best,Awannya keren juga ya",0,1,0
mantap 👍,0,1,0
Satu sisi sy lbh bangga jika ekonomi bangsa ini kuat dan rakyat bs mmikmatin kemakmuran,0,1,0
Yang bilang mangkrak itu penghianat bangsa. Andai kata q yang jadi presiden akan q tanam hidup²,0,1,0
"3:37 kalo nganu ada nggak ko ??


Open open an ..",0,1,0
Cengooh,0,1,0
Ikn untuk cina yg lebih maju😂😂😂,0,1,0
Biasa ko.. pasukan sorban anak abah kang rusuh keutuhan NKRI yang goreng IKN mangkrak,0,1,0
"Mgkin saat ini masih yakin, tapi keyakinan ku beda 2045, akan jadi apa, tapi ku tetep yg trbaik walau aq masih punya keyakinan akan banyak mudarat nya di banding fungsi nya",0,1,0
Proyek korporat,0,1,0
Nih pak amien rais suruh datang ke IKN biar ga bikin HOAX mulu .. WE❤INDONESIA,0,1,0
alpart nobil ev??? gagal green emisi nih,0,0,1
kota hantu,0,1,0
IKN pasti bisa selesai,0,1,0
"Tinggal di Kalimantan timur tp belum pernah ke IKN,terimakasih sudah biat video ini😊😊😊",0,1,0
Yg mangkrak adalah mulut amin rais si gelandangan politik yg didukung oleh kaum2 pecatan yg menjadi sampah negara yg tergabung dalam gerombolan 16% pasukan sakit hati 😂😂😂,0,1,0
Saya dulu waktu hutan tahun 2011 bekerja di sana.,0,1,0
GEDUNG TEMPAT JOKOWI NGEPET YG MANA BRO BAZER😂😂,0,1,0
"Kepingiiin....anakku bekerja disini jd ank buah pak Prabowo , Aamiiin....❤❤❤",0,1,0
"Kereeeen......yo ngono bro,  cek wero wong sing akeh mencela,
Mugo mugo IKN makin jaya indah lambang keagungan Indonesia tercinta
Bangga banget dg pejuang IKN
Pak Jokowi pak Prabowo, mas Gibran, smg Alloh SWT sll melindungi & merahmati stiap langka penjenengan ❤❤❤
Terusno berjuang bela kebenaran bro",0,1,0
Tunjukin ke amin rais,0,1,0
Ndasku muncul😊,0,1,0
"Masuk bro..joss
Sing ngomong ikn mangkrak ikulak cuman golongan wakanda..warisan luka gagal putaran kedua..lanjutken bro ❤❤❤❤",0,1,0
Jng teriak teriak bang tar bnr klu mangkrak gmn ..mangkrar si ngak krn pak.prabowo sdh menganggarkan hnya perawatan saja...,0,1,0
Ooopo lagi ini,0,1,0
Oh ini duit rakyat yah ... Pantesan semua serba naik buat bangun ini toh,0,1,0
"Sumbu apa sumbo..
Btw ikut jalan jalan loh ini. Makasih travelingnya..",0,1,0
Hadirr bang.... Widihh.. Hotelnya bagus.... Mantaapp... Pemandanganya... Pokoke josss..... 👍👍👍,0,1,0
"Min.....kong Amin!?, matamu belalakno min....., cangkemmu ojok asal mengap, bilang Ikn mangkrak, memang susah sih, dgn tabiatnya orang seperti amin rais, orang yg otaknya jongkok alias otak tay.",0,1,0
Saya rekam video ini di kominfo tower 2 tempat saya keja,0,1,0
Cocotte masyarakat sing ngomong2 mangkrak jejelono lambene karo videomu ko,0,1,0
"Saya orang jawa timur juga kang, asli orang tulungagung. Yang paling saya harapkan dari kemenangan prabowo - gibran ya hanya kepastian keberlanjutan perpindahan ibu kota ke IKN Nusantara. Smoga pembangunan IKN bener2 lancar, sukses",0,1,0
"Mungkin bisa direvisi, IKN bukan proyek mangkrak, tapi beresiko mangkrak...😅 Kita buktikan saja, waktu yg akan menjawab....",0,1,0
Tapi hotelnya sepi banget.occ nya kecil kasian dia beban oprasionalnya besar,0,1,0
"Pakai hp itel ya mas, bagus kameranya stabil.",0,1,0
Inti nya saya pgn pulang..!!,0,1,0
"Saya pengen pulang, tapi gaji nya belum di bayar2. Saya sudah 2 kali minggu dan kontrak sudah habis tiket dab bayaran gk keluar2",0,1,0
Di bangun dengan uang hutangan yg nanti membayar rakyat,0,1,0
mantaf IKN josh.🤩,0,1,0
"Percuma mewah hasil dri utang yg nyusahin rakyat.
Mikir lu bego",0,1,0
"Mangkrak sih engga , cuma bukan program prioritas di pemerintahan presiden prabowo.. ada tuh britanya.. mas ahy yg bilang",0,1,0
Ituu punya cina 9 naga...ora punyanya  kita.. ngapain bikin Mulyo wong cina,0,1,0
Karepmu penghuninya sepii...ruangan kl Ndak di huni manusia lama2 banyak makluk halus/ qhoib...lebih2 bekas  hutan,0,1,0
❤,0,1,0
Cocok bgt buat tujuan wisata utk sementara ini,0,1,0
Kayaknya rakyat biasa nggak boleh masuk ya,0,1,0
"Biarin pindah IKN, kasian orang Jawa jadi kambing hitam suku lain. Nyatanya orang Jawa juga terzolimi pemerintah. Desa desanya banyak yg masih keterbelakangan. Tapi diluar selalu bilang Jawa Sentris. Padahal kena sentrifugal",0,1,0
wuihhhhhh....keren gaesss...kapan aku iso mrono❤❤❤❤😂😂😂,0,1,0
Pekerja ya banyak bro...masih jalan Lo...suamiku aja masih disana,0,1,0
"selalu untuk diingat bahwa di era kepemimpinan pak jokowi tidak ada yang nama nya proyek mangkrak, dan IKN adalah terobosan dari kepemimpinan di jaman nya  beliau, dan kita yakin bahwa pembangunan ini akan terus berlanjut sampe ketahap yang diiginkan seluruh masyarakat Indonesia. #OPTIMISIKNJADI",0,1,0
mantpa dukung trys ikn biarin kaum gurun dan anak banteng yg nyiyir nnti kita lihat klo daj jadia awas aja mreka main ke ikn kita tandai mreka😅,1,0,0
Tolong dong ngomong R nya yang jelass,0,1,0
"Yang blg IKN mangkrak adalah katak dalam tempurung. Taunkan katak mulutnya sebesar apa? Suaranya jg kenceng. Tapi dalam tempurung, gak tau apa2.😂",0,1,0
Mantaaaaaaaaap pol lkn,0,1,0
"😂 OMONG KOSONGNYA 
AMIN RAIS DKK
NCEN RAISO DIPERCOYO TO.. MIN??",0,1,0
"Bng, kpn bikin konten prenk lgi kya dulu",0,1,0
Mantap cakk,0,1,0
Jos.. Pokok. E,0,1,0
Sudah biasalah pembenci pemerintah manusia2 sampah penghianat kemajuan bangsa sendiri....pasti akan menebar fitnah dan provokasi dengan berita2 buruk yg justru malah makin mnguatkan topeng2 mereka sebagai penghianat bangsa☝️,0,1,0
udah di stop kata AHY 😂,0,1,0
"Mangkrak apanya , Yang tugas disana teman saya kok",0,1,0
"𝚂𝚎𝚑𝚊𝚛𝚞𝚜 𝚗𝚢𝚊 𝚋𝚒𝙻𝚊𝚗𝚐 𝚊𝚓𝚊 𝚋𝚊𝚗𝚐 𝙸𝙺𝙽 𝙼𝚊𝚗𝚐𝚔𝚛𝚊𝚔,𝚝𝚛𝚜 𝚟𝚒𝚍𝚎𝚘 𝚒𝚗 𝚢𝚐 𝚜𝚎𝚖𝚊𝚔 𝚋𝚎𝙻𝚞𝚔𝚊𝚛 𝚗 𝚑𝚞𝚝𝚊𝚗² 𝚗𝚢𝚊,𝚋𝚒𝚊𝚛 𝚔𝚊𝚞𝚖² 𝙳𝚊𝚍𝚓𝚊𝙻 𝙿𝚎𝚖𝚋𝚎𝚗𝚌𝚒 𝚖𝚊𝚔𝚒𝚗 𝚜𝚎𝚗𝚊𝚗𝚐,𝚋𝚒𝚊𝚛 𝚖𝚎𝚛𝚎𝚔𝚊 𝚜𝚎𝚋𝚊𝚛𝚒𝚗 𝙻𝚐 𝚏𝚒𝚝𝚗𝚊𝚑² 𝚋𝚊𝚑𝚠𝚊 𝙸𝙺𝙽 𝚖𝚊𝚗𝚐𝚔𝚛𝚊𝚔,𝚋𝚒𝚊𝚛 𝚖𝚎𝚛𝚎𝚔𝚊 𝚓𝚍 𝚔𝚊𝚗 𝚟𝚒𝚍𝚎𝚘 𝚜𝚎𝚖𝚊𝚔 𝚋𝚎𝙻𝚞𝚔𝚊𝚛 𝚗 𝚑𝚞𝚝𝚊𝚗 𝚋𝚎𝙻𝚊𝚗𝚝𝚊𝚛𝚊 𝚜𝚎𝚋𝚊𝚐𝚊𝚒 𝚋𝚊𝚑𝚊𝚗 𝚖𝚎𝚛𝚎𝚔𝚊 𝚗𝚢𝚎𝚋𝚊𝚛𝚒𝚗 𝚏𝚒𝚝𝚗𝚊𝚑 𝚔𝚢𝚊 𝚢𝚐 𝚞𝚍𝚊𝚑²,𝚝𝚊𝚗𝚊𝚖𝚊𝚗 𝚖𝚎𝚛𝚊𝚖𝚋𝚊𝚝 𝚖𝚎𝚛𝚎𝚔𝚊 𝚊𝚗𝚐𝚐𝚊𝚙 𝚜𝚎𝚖𝚊𝚔 𝚋𝚎𝙻𝚞𝚔𝚊𝚛,𝙻𝚊𝙻𝚞 𝚖𝚎𝚛𝚎𝚔𝚊 𝙵𝚛𝚊𝚖𝚒𝚗𝚐 𝚔𝙻𝚘 𝙸𝙺𝙽 𝙼𝚊𝚗𝚐𝚔𝚛𝚊𝚔 𝚐𝚊 𝚋𝚎𝚛𝙻𝚊𝚗𝚓𝚞𝚝 𝚜𝚖𝚙𝚎 𝚓𝚍 𝚜𝚎𝚖𝚊𝚔 𝚋𝚎𝙻𝚞𝚔𝚊𝚛",0,1,0
Hp OPO sampean gawe cak....resolusinya kurang gede...gambare kurang jelas😂😂😂,0,1,0
Kalau IKN sukses anak abah kejang2😅,0,1,0
"Calon mangkrak, hasil tukar guling sama biju ekor 9...!! 
Kontraktor2 saja sdh banyak yg mengalamai kerugian krn pekerjaan yg harus mereka kerjakan belum siap, sementara para pekerja sdh didatangkan...!! Kalau katanya pemancing, BONCOS...!! 💩",0,1,0
15:53 😂,0,1,0
ah biasa aje ntuh hotel😂,0,1,0
Itu kanan kiri gedung kemenko dan kementerian semua bro bukan pupr doang,0,1,0
andi koncone wong njero ngeri geiss,0,1,0
"IKN ga mangkrak sob,makanya sekali2 kesana liat sendiri dan nilai sendiri biar yg bilang mangkrak itu paham.Jngn cuma penyakit hati dipelihara",0,1,0
Mas Andy next ibundanya di ajak ke IKN dan sambil ngobrol2 pakai bahasa surabaya ditunggu ya❤❤❤,0,1,0
"Definisi mangkrak itu menurut para pengkritik apa sih? Setau saya mangkrak itu berhenti pekerjaan, di tinggal tanpa di terus kan pekerjaan nya, bener gak? 
Apa mungkin ada kamus bahasa Indonesia yg baru terkait kata ""Mangkrak """,0,1,0
"IKN jangan sampe jatuh ke yahudi baalwi, bisa rusak",0,1,0
"Luar biasa' mas bro aku pengen kesana gak duwe duit, tetep semangat yo bro buat konten IKN",0,1,0
"Capek kau promosikan ikn ..malahan kata Tito Mendagri , ahy menteri infrastruktur,,. Ikn bakal ditunda  pembiayaan pembangunan,.. hehehe kau ajalah yang ke ikn wkwkwkw..... Saya asn yang sudah kei ikn malah pengen balik ke Jawa, karena sepi semua gedung kantor kementrian semua berhantu..... Sory bro saya harus buka kebenaran,,,  emg kamu dibayar berapa buat promosikan ke ikn",0,1,0
kelak bila Perang biar fokus ke IKN😂😂😂.. jgn ke masyarakat😂😂😂😂,0,1,0
"Tak perlu banyak bacot😂
Ditunggu selesainya saja tahun kapan.",0,1,0
Owhyaya ternyata ga mangkrak,0,1,0
"Aneh jika ada org yg merasa lebih senang kalau pembangunan dinegara nya sendiri mandek dan semrawut .. 

Semoga indonesia semakin maju . ❤❤❤",0,1,0
"Gak Mangkrak sich, tapi serasa jalan di tempat karena gak ada dananya....",0,1,0
"Yang bilang makrak GK diurus itu orang GK pernah kesana,,,,,,dan yg Posting dan pembuat konten ini juga baru kesana ,,,wk,,,,wk,,,maLu ,,,malu ,,,",0,1,0
Efisiensi anggaran.. bro 😅,0,1,0
"Saya yakin IKN nanti akan jadi ibukota yg bagus. Cuma pertanyaannya bagaimana dengan perekonomian, pendidikan, lapangan kerja, korupsi, dll. Percuma ibukota jadi bagus tapi penghuninya masih sama. Sama2 gabisa kerja.",0,1,0
Ini ulah pejabat PDIP yg buang buang duit rakyat di ikn ini,0,1,0
Q seneng liat IKN. Smga ank cucuku bisa menikmatinya. Smga q d kasih panjg umur agar bisa menyaksikan ibukota pindah kesana.  Sekarang q dh umur 50. Smga msh d beri kesempatan menyaksikan menyaksikan perwsmian pemindahan ibukota dr jakarta ke IKN. AAMIIN.,0,1,0
Walah biaya hidup di sana mahal pastinya,0,1,0
Itu Lo uang rakyat pdhl rakyat bnyk yg kelaparan oooh negaraku mengapa engkau jadi begini terkhianati hidupmu menderita Krn ulah pejabat yg rakus,0,1,0
Betul msh lanjut progress nya. Akhir januari kmrn dr sna jg. dan masih bnyak pekerjanya,0,1,0
bang berapa kali kamu ke IKN??,0,1,0
Kok ga mangkrak juga.,0,1,0
Korporasi,0,1,0
Pasti wong mbanjar pak hasan konco sampeyan iku,0,1,0
GANTILAH  warna GARUDA DENGAN WARNA KUNING EMAS YA.....bro.,0,1,0
Buzzer Mulyono Lo Cuk,0,1,0
Tetep jadi kebanggaan saya IKN,0,1,0
tempat yg bagus. moga2 nggak ada gempa,0,1,0
"Pindahkan ke IKN aja warga sipil Gaza Palestina..
Supaya semakin Ramai dengan kembang api di Kalimantan 😂",0,1,0
*Dalamnya patung dibikin konsep seperti bandara singapura mantap tuh*,0,1,0
Kenceng bahasanya sekenceng anu ....,0,1,0
Mangkrak gak mangkrak gak urus cok...,0,1,0
Suka gaya ngomong apa adanya. 😄 Sukses channel youtube nya. 💪 Sukses IKN nya,0,1,0
"Ini fix dan sangat jelas nyata satpam nya asli urang banjar, hapuk punk bepander nya",0,1,0
Yg mangkrak itu otaknya pembenci IKN😂😂😂,0,1,0
"Alah sampahh, liat dari hotel dan rumahnya ini mah cuma buat pejabat” korup",0,1,0
Hasil karya Jokowi yg pemberani,0,1,0
"Jadi tempat wisata ya peninggalan jokowi, pejabat2 pemerintah nya ga ada..mash dijakarta  😅😅😅",0,1,0
Sebentar lgi saya diwajibkan pindah ke kantor IKN. Tapi anak2 pada ngk mau pindah. Alasannya adaptasi warga baru lgi. Udah nyaman dijkt.,0,1,0
Jakarta lahannya perlahan lahan dikuasai oleh golongan tertentu....makin berasa....karena mereka target,0,1,0
"waduh, ini mah masih lama, mungkin 10 tahun lagi juga ngga tahu selesai atau ngga ya",0,1,0
Meskipun pak jokowi pensiun jadi presiden. tapi jasa nya selalu di kenang oleh warga kaltim dan se indonesia raya,0,1,0
"Amin Rais, Rocky Gerung lihat ke IKN sana jangan pinternya ngoceh terus, saya sarankan kalau merasa pinter omongannya dijaga jangan hanya buat pandangan negatif terus.",0,1,0
"MEMANG DI CIPTAKAN BUAT PARA CUKONG HARGA HOTEL MURAH 35 JUTA BUAT PARA CUKONG, RAKYAT BIASA CUMA BISA NGELUS DADA. 😅😅🇮🇩🔥🔥",0,1,0
Gila...gak merakyat para pejabat...pantasan negara banyak utang....bengkak....klo bikin rugi negara jadi rakyat aja cari pekerjaan lain agar negara di kelola oleh orang orang yang nasionalismenya lahir batin amanah,0,1,0
mantap l keluar lagi duit buat bayar youtuber... rakyat sudah muak dengan pencitraan.,0,1,0
"salfok sama bajumu bang, kalau bosan bisa lah di pinjem 😊😊😊",0,1,0
Ha ... Haa ... Haaa .... Kelihatan sekali klo yg komen pada blom pernah ke IKN tapi sok tahu IKN ....,0,1,0
IKN lambang kesejahteraan pejabat.. sementara di pelosok masyarakat masih banyak yang melarat..  hebat,0,1,0
"Bangga punya IKN
.... Mantap mas Andi. 
Kaltara hadir mas Andi...",0,1,0
Koplak kalo mangkrak ya di tinggalkan gw paling se7 cepat pindah ribet jakarta,0,1,0
"Yg bilang IkN mangkrak pasti anak abah😅 soal y hati mereja slalu di liputi kedengkian dan kebencian akut😅😅 dipkir pak jokowi mirip anis kali ya, yg bukanya ngebangun tapi ngerusak bisanya .",0,1,0
"Silahkan anda bahagia tapi ingat ya bayarnya kalian donk para pendukung nya kaum 58 ok bos silahkan....oya vendor "" Yg membangun coba di wawancara juga bagaiaman ada kendala di pembayaran ok bos",1,0,0
Sing ngoceh mangkrak Mbah Amin wong gendeng wes gak usah direken reken,0,1,0
"MULYONO EONG JOWO ILANG JOWONE, KARENA HAMBURKAN UANG APBN UTK GIBRAN.. DULU DIBELA2IN, MALAH BERTEMAN DGN ""MUSUH""..
MULYONO TELAH MERUSAK LOGIKA SAYA..",0,1,0
Mantep cak...terus no,0,1,0
Mas lucu aku seneng logatmu iku lho ....Ibu mana?,0,1,0
Bismillah stafsus,0,1,0
"AWALNYA GW SALUT DGN MULYONO, SETELAH USUNG ANAKNYA.. LOGIKA GW JADI ""MUNTAH""..",0,1,0
Pak jokowi emang luar biasa..❤,0,1,0
para investor lokal para oligarki yg dipaksa investasi buat nyelamatin muka mulyonh timbal balik proyeknya dijadikan PSN sperti pik2 dan pagar laut ternak Mulyono mana sampe otaknya😅😅😂,0,1,0
Indonesia berhak mendapat yg tebaik rakyatnya utk dibanggakan,0,1,0
"Terkesan di paksakan ,, pdhal ada hal yg lebih penting dari pada ikn ,, harga kebutuhan pokok seluruh Indonesia terjangkau,, ini mlah menghabiskan duit utk hal yg blm semestinya",0,1,0
"udah jelas""  ga ada investor dpt duit dari mana mau bangunya logika""😂",0,1,0
"kalian ternak"" Mulyono sekalian kamu yang buat video mari pindah kesana mau ga ge challenge??😅",0,1,0
Bakalan mangkrak lihat aj.para ternak Mulyono mana paham dalemnya😂,0,1,0
"IKN tempat influinser,dan bazer,",0,1,0
Jalan menuju ikn apakah sudah ada di google map,0,1,0
"Gerombolan Anak WABAH memang nggak suka Indonesia Maju

Semua yg dibangun Pak Jokowi pasti dibully habis-habisan, jadi ga perlu kaget kalo pembangunan IBukota Nusantara ada yg bully. Contoh pertama pembangunan MRT & LRT, banyak sekali yg bully, tapi lihat hasilnya, sekarang menjadi transportasi andalan. Lalu pembangunan jalan tol, ini juga banyak yg buly, tapi lihat hasilnya sekarang, tiap ada yg mudik selalu komentar ''Sekarang kalo mudik cepet banget sampainya''. Lalu pembangunan desa lewat dana desa, jalan desa semakin cantik, bisa kita lihat hasinya, misalnya ada desa jalannya jelek itu artinya kades/lurahnya ga beres/bermasalah. Lalu kereta api cepat whoos, ini yg paling sering kena bully, tapi lihat sekarang menjadi transportasi pilihan dan menjadi kebanggaan. Dan masih banyak lagi yg dibangun beliau, mulai dari bendungan, listrik tenaga surya, listrik tenaga bayu, pelabuhan, rumah rakyat, Stadion megah Indonesian Arena, dan masih banyak lagi, capek nulisnya krn saking banyaknya. 

Dan 1 lagi, kita sekarang punya sirkuit Mandalika, awal dibikin juga dibully, tapi lihat sekarang? Dulu kita Cuma bisa bermimpi dan iri sama Malaysia krn mereka punya sirkuit sepang bahkan sering banget kita dibully sama mereka. Masih pada inget kan, beberapa bulan yang lalu Indonesia menjadi tuan Rumah MotoGP Mandalika. 


Eh tiba-tiba anak-anak WABAH yg ngaku paling cinta NKRI terang-terangan njelek-njelekin Lombok dan malah mbanggain dan bilang kalo punya duit lebih milih nonton di Sepang Malaysia. Pendukungnya rame banget di pesbuk sama Twitter, pada kompak ngata-ngatain motogp, Ngomporin orang-orang biar ga pergi ke Lombok, ngata-ngapain pak Jokowi, nyumpain biar hujan badai, ngatain tempatnya jelek gersang, panas, dan masih banyak lagi, bangsat ga tuh! Njelek-njelekin Lombok sama artinya merendahkan orang Lombok. Teriaknya selalu NKRI NKRI, NKRI itu bukan cuma di Jawa bro. Yang di luar Jawa juga berhak menikmati pembangunan.

Jadi orang TOLOL mana yg ga mau mendukung Kemajuan negara ini?",0,1,0
Rambut msh keren kok 🤣👍🏻👍🏻,0,1,0
kok gk ajak2 koh andi..??😅,0,1,0
sudah lumayan ya progres pembangunan ikn dengan anggaran 0 Rupiah APBN. Banyak investor kakap disini. 😋,0,1,0
Pak Jokowi presiden is the best,1,0,0
Kira kira rocy Gerung dan amin Rais lihat video ini malu Ndak ya...yang selalu bilang ikn mangkrak,0,1,0
Semoga ikn menjadi bangunan yang membanggakan bangss indonesia,0,1,0
Markaz ane dmn utk mangkal sdh dibikinin kantor blm?,0,1,0
SUMPAL Mulut para penghasut yg anti NKRI..sprti harun..geron..amin..asegap..ikrar..salam NKRI..IKN JAYA..,0,1,0
Gak ngurus...😂,0,1,0
"Bang andy kok itu security bilang KONTOL PUPR, bukan kantor PUPR",0,1,0
gua mau jadi security di ikn,0,1,0
"Alhamdulillah bukan abah onta yang jadi presiden 😂 .... coba aja jadi presiden, IKN akan hancur lebur banyak proyek lobang lobang di mana mana 🤣🤣🤣 alasan untuk sumur coberan",0,1,0
Mosok si....,0,1,0
Kpn selesai dan di gunakan .... Mungkin mangkrak gk ??,0,1,0
Yang bilang mangkak paling cucunya amin Rais munafik pecundang dan ternak kadalnya sianis juga ternak sapi mata merah😂😂😂😂,0,1,0
semoga ikn opening supaya bisa ngerantau disana di jakarta capek gaji ump gak ngikutin UMR jakarta,0,1,0
"IKN ITU , I dan K ny itu Ibu kota bukan Isatana kota ,",0,1,0
Mantap memang ikn,0,1,0
😄😄,0,1,0
Ikn isinya rumah pejabat doang. 😅,0,1,0
Mantap… suka lihatnya,0,1,0
Masya Allah.. semoga suatu saat bisa ke IKN,0,1,0
"NKRI HARGA MATI !!!!!! MERDEKA ,,,IKN TAMBAH JAYA ....",0,1,0
"Dan rakyat yg menanggung biaya pembangunannya melalui pajak naik, harga sembako naik... Serba naik dee Pokoke 😅",0,1,0
suru liat orang2 yg ngomong mangkrak..melek dulu.,0,1,0
"Suwon Masbro, wis ngunjungi IKN bantu beritakan dulur2 se indonesia. nek IKN terus berlanjut. aq wong suroboyo tinggal nok Belikpapan wis 8th. mugo ono e IKN iki iso ngewei keadilan gae dulur2 sing nok luar jawa khususe Kalimantan, sing wis bertahun tahun nanggung biaya hidup mahal n kurang pembangunan (seng jowo pembangunane pesat). ayo support IKN minimal komen sing apik n optimis. wayahe jowo legowo pembangunan pindah nok luar jowo. IndONEsia Bhineka Tunggal Ika",0,1,0
Yang bilang mangkrak pengennya sehari langsung jadi mungkin,0,1,0
Mantaaap Pak Jokowi...,0,1,0
ulang tahun ibu kota jakarta 497 di tahun 2024  jadi logikanya IKN unjuk menjadi selevel jakarta ya minimal butuh 200 tahun jadi harap sabar semoga ada percepatan pembangunan,0,1,0
Mantap Bang 👍,0,1,0
Desember tahun lalu saya juga ke ikn dan gratis ya ges. Ada bis anter jemput tiap 5 menit. Yg penting pake topi atau bawa payung dan kacamata item. Soalnya panas hehee,0,1,0
Dijajah oligarkhi kok bangga rek,0,1,0
Nunggu mie gacoan bukak. Lsg budal aku,0,1,0
"IKN ada laut min..
Itu kan cuma KIPP.

IKN luasnya sampai laut jawa gak sih? Koreksi kalai salah",0,1,0
"😂😂😂Prabowo SDH menghentikan tuk memproritaskan melanjutkan pembangunan ikn,,,pemindahan asn di tunda sampai batas TDK di tentukan,,,ada apa itu yaaa,, 😂",0,1,0
Yang bilang mangkerak itu orang yang suka fitnah pak jokowi. Itu orang yang tidak punya otak dan hati. Orang yang bilang mangkrak itu bukan manusia tapi hewan yang tidak punya otak.,0,1,0
IKN seperti sarang drakula 😂,0,1,0
Semangat bang andy salam dari Jatim semoga cenel nya lebih tambah maju lagi amiiiiiin 🤲🤲,0,1,0
Jakarta mmg sdh g layak jd ibukota,0,1,0
Makasi sudah liput IKN krna ternak2 JANGKAR ma ternak ABAH sukanya koar koar dan bikin hoax,0,1,0
Keren pencerahannya mas,0,1,0
Fix ini dibayar,0,1,0
Yg berhati panas semakin panas,0,1,0
"Positif cak👍
ASN yang nggak mau pindah ke IKN, cuman ada 2 type:
1. Type ASN yang tidak bisa kerja nyata, mental kota.
2. Type ASN yang punya koneksi klien pungutan gelap.",0,1,0
Jgn sampe dibuat pagar bambu lagi ya di ikn,0,1,0
ndy ndasmu kok?,0,1,0
"Program dan proyek Nasional kalau sampai mangkrak, dan berniat memangkrakkan IKN jangan dipilih untuk menjadi kepemimpinan berikutnya. Hanya pikiran kerdil saja yang seneng IKN mangkrak.
Kalau mangkrak orang Kaltim akan merawatnyam",0,1,0
Mksh mas ulasanya..  markotop kokoke..😊,0,1,0
"Jalan-jalan ke wisata goa tapak raja bang di wilayah IKN,  sore enjoy pantai nipah-nipah di penajam paser utara",1,0,0
Yg mangkrak anak abah sama anak banteng,0,1,0
kerenn broo 😮😮😮,0,1,0
Keren masseh 😍 salam dari kota Manado 🙏🏼🔥,0,1,0
Maju terus Mas... Kita sebagai Warga Indonesia yang waras selalu positif thinking ke pemerintahan gak perlu ladenin para cecunguk pembenci pemerintahan sendiri.. Gak sadar mereka2 pembenci hidupnya dimana. . Mending pada pergi dari Indonesia daripada banyak bacotan buat para pembenci Woeyyy Rene Tak culek matamu 😂,0,1,0
Ngabisin uang negara aja,0,1,0
Mantab kooo muahhh pokok e ❤😅,0,1,0
ajk pk amin rais yg sll nyinyir ttg IKN,0,1,0
Netizen mikirnya bkin kota kek bikin miniatur kali 😂😂😂 biasa anak abah,0,1,0
Percuma ikn bakal mangkrak ga ada investor asing yg mau dateng 😂😂😂,0,1,0
Garuda hitam melindungi pejabat biar hidup enak.. Memberatkan hidup rakyat sampe gosong hitam & hujan demi 1piring nasi,0,1,0
"La wong setiap hari saya melihat perkembangan ikn dichanel nya dian rana, setiap jamnya ada...yg bilang mangkrak mungkin yg g suka, biarin aja to...yg penting Indonesia semakin dihati",0,1,0
Dana APBN di alokasikan ke INFLUENCER,0,1,0
Ya nanti tak usulin jadi saspam dul...bahlul,0,1,0
Roki Gerung bisa smaput mendengar berita ini..,0,1,0
Umuk bangun sakgedung,0,1,0
"Memang mangkrak, gak guna, buang buang anggaran, bagus buat bangun yg laen",0,1,0
Mampir ke Balikpapan cak,0,1,0
jadi pengen tinggal di IKN 😊,0,1,0
"Ubur-ubur ikan lele..terheran-heran lee 😂
Semoga tidak jadi bangunan mangkrak..aamiin",0,1,0
"Mana mungkin udah dibangun gak lanjut, rugi dong, nah ini buktinya masih lanjutin. Yang penting rakyat Indonesia hidup rukun dan makmur, aman damai tentram serta penuh prestasi.",0,1,0
Yang bilang mangkrak otaknya pembenci yg negara ini tak ingin maju,0,1,0
Yg bilang IKN mangkrak yg tidak suka indonesia maju.... Maju terus indonesiaku lanjutkn IKN,0,1,0
IKN uapik tenan rek.. Selamat atas prestasi Presiden RI Pak Prabowo.. Terimakasih Pak Jokowi..,0,1,0
Mana Amin Rais...dan Rafli Harun...,0,1,0
josh gandos sekali,0,1,0
"BARISAN SAKIT SDH PASTI SAKIT HATINYA ABADI KALAU TIDAK SADAR SADAR JUGA,.😆",0,1,0
"bang sorry, gerakan kameranya bikin pusing....",0,0,1
PGN banget ke ikn udh open launching blm sih tp keliatan nya blm ada kehidupan kesibukan,0,1,0
"ASN  kapan ya pindah ke IKN, bangun aja habis2an kayanya tetap ngga ada orang tuh...?...😂",0,1,0
IKN harusnya dilanjutkan sampai berhasil karena sudah banyak pengorbanan disitu tapi dengan jangka waktu yg lebih panjang agar tidak terlalu banyak makan porsi yg harusnya untuk rakyat,0,1,0
Dengar amin rakus tu,0,1,0
Yg bilang mangkrak orang yg dak suka negri ini maju kaya amin rakus sak konco konconya😅😅😅,0,1,0
Nusantara kbgaan bgsa Indonesia.smgga jaya maju.,0,1,0
Smgga IKN  kaya slmnya kebanggaan bgsa Indonesia,0,1,0
Duhh sepi monyhet 😊,0,1,0
"Liat dongo mobil cuman mobil dongo  sama yang bangun doang 
Kosong tanpa penghuni 
Bentar lagi di pake sama kecamatan balik papan 😂",0,1,0
Info Kren lanjutan Indonesia super,1,0,0
banyak pemuja koruptor. yg komen,0,1,0
❤,0,1,0
Vlog yg positif....dgn begini secara tidak lgsg mempromosikan ikn dan swiss hotel itu sendiri...hebat mas andi...salam buat ibu'e....kangen vlog ke sampeyan sm ibu,0,1,0
"Yang mangkrak itu hidupnya, hatinya dan pikirannya para pembenci Pak Jokowi saja!!😂😂",0,1,0
"RT 16 RW 24 memang suka nyebar hoak..
IKN Mntap...",0,1,0
IKN emang mantap,0,1,0
Logat kelimantan security nya nampak bat 😂,0,1,0
Udah dehh suruh cepetan ibu kota pindah... Jakarta udah sempittt,0,1,0
"Mantap bang Andy...lanjut terus tegak kan kebenaran....bungkam mereka yg nyinyir gk jelas...
Salam sukses bang Andy",0,1,0
ko sebenernya bukan mau liat ikn kan tapi promosi hotel nya 🤣🤣,0,1,0
alhamdulillah sudah selesai juga ikut mudah mudahan suatu saat nanti saya bisa berkunjung,0,1,0
"Uwis?
Gur sak mono? Wakakak 
Tapi aku doakan tetap bisa jd destinasi wisata yg sukses.
Buat ibukota? Nggak cocok, terlalu dipaksakan",0,1,0
"Tujuan utamanya buat menggeser pusat ekonomi, tau sendiri lah di mana2 pusat suatu negara pasti rame, mungkin jika 100 taun nanti kalimantan padat penduduknya, ibu kota negara geser lagi ke papua, rata2 penduduk pulau jawa dan sumatera  paling gampang cari kerjaan apa aja asal gk milih2. Saya modal bensin bisa sampe jakarta buat cari kerjaan. Kalo di desa ya adanya cuma kuli di sawah. Mungkin biar kaya Amerika hampir setiap kota banyak peluang kerjaan.",0,1,0
Dipakainya juga masih lama 2028. aku mah lebih senang di Jakarta ibukotanya. IKN di tengah hutan masih banyak jin berkeliaran.,0,1,0
"Uda di setting, bandara banjir lumpur di umpetin, ga kaget uda biasa bohong! !!!!(mangkrak!!!!bukti asn ga jadi pindah! !!!!😂😂😂😂😂😂😂😂😂😂😂😂😂😂",0,1,0
Kereeen,0,1,0
tayangan buzzer,0,1,0
Sdhlah bg. Lo seneng pindah aja kesana gk usah ke java😂,0,1,0
mene mene tak nginep ndok kono....ono sing paling larang opo gk ko ?,0,1,0
"Yang bilang mangkrak Fix, mental komunis",0,1,0
Mantap cak,0,1,0
HANYA ORANG PEAK DIBAWAH RATA RATA YANG BILANG IKN MANGKRAK😂😂😂.. entah bagaimana model model titisan roki gerung dkk itu. Konyol sekebon,0,1,0
Hotelnya mantap sekali,0,1,0
799 mantap sukses selalu bang salam ngapak 😂,0,1,0
"Melu  kang, ben q reti ikn",0,1,0
"yang bilang mangkrak g ada otaknya ,..",0,1,0
Bener mas buktikan,0,1,0
"Walau sekarang bukan jadi prioritas lagi, setidaknya masih tetep berjalan dan gak jadi candi wkwk",0,1,0
yang mangkrak itu nyapres tapi keok,0,1,0
MAU KETAWA TAPI INI FIKTIF.. WKWKWKWK 😂😅😂,0,1,0
Para pejabat dgn fasilitas semewah ini klau msh gk becus kerja mnding lgsg pecat saja !! Daripada buang2 uang negara buat byar mereka,0,1,0
guk guk mulyono 😂,0,1,0
Yaa jls jln teruss pk de?? Gelontor puluhan trilyun!!; Tapi lihat rakyat ngantri LPJ berjam jam blm tentu dapat!!!sebandingkah!!! Itu masih jauh pk de??😅😅😅,0,1,0
Sok asik banget banggg😂😂😂😂,0,1,0
"1 KONTEN PRODUK BUZER  OKNUM , DITANGGAPI  199  BUZER  OKNUM YG LAIN 
WAJAT  1  LINK KOMENNYA 😂😂😂",0,1,0
"Prabowo begitu dilantik langsung pergi ke cina , ada indikasi melanjutkan program jkw,  mungkin  gak keduanya 
11 - 12  ???",0,1,0
Proyek mulyono emang kopong berkaleng kaleng bang😘,0,1,0
"Buat video yg full om ,dr tempat bandar yg kTanya banjir tempat jalan kecil  yg katanya bNyak ilalang",1,0,0
Muantaaap IKN ❤,0,1,0
"Sbnrnya bangga ya kl mmg ikn ini bnr2 bs cpt selesai, mgknya lah kalo ada yg ketahuan korupsi segera sita hartanya seluruhnya jgn d serahin hkm yg gmpng d sumpal uang, biar tuh uang bs d bwt bangun ikn",0,1,0
Ikn mantap saya selalu mendukung😊,0,1,0
"Jalan"" Neng stadion palaran bang tiap dino minggu rame ojo lali mampir neng KEBAB QU cak",0,1,0
Kalau yang jadi presidenya Anis mungkin IKN mangkrak,0,1,0
Mantull qiieyyuuuuu,0,1,0
Monitor bah amin rais ya noh liat sendiri.,0,1,0
"IKN dibanggakan pada hal Kita Rakyat Indonesia kena tipu oleh Pengusaha..yg sdh siap PIK 1 , PIK 2 pagar laut dibongkar habis..Bekasi, serang dll.. yang belum dibongkar oleh Presiden Prabowo Subianto Nantinya..",0,1,0
KITA TUNGGU SJ,0,1,0
"Wes nang budal rono,pejabat pemerintah dll. Cek gak nyrimpeti nang jowo.",0,1,0
IKN kepanjangan dari..... ⁉️,0,1,0
"Mau ada ikn mau tdk, gk ngaruh ekonomi rakyat , ekonomi ttp hancur😂😂😂😂😂",0,1,0
Kita semua mengucapkan  Terimaksih banyak kepada Bapak Jokowi nyali luar biasa dan rekan pekerja di IKN,0,1,0
Asik banget obrolan skuritinya cak😂,0,1,0
Ramai juga ya penghuninya luar biasa,0,1,0
Bagaimana caranya agar PNS segera dipindahkan ke sana karena sudah keren tempat nya,0,1,0
Lanjutkan jalan jalannya agar bisa memberikan informasi terbaru,0,1,0
Grombolan khabib baalwi bajingang itu.perusak generasi nusantara,0,1,0
Keren keren,0,1,0
Penjilat mulyono,0,1,0
"Rata rata yg bilang mangkrak itu..
Grombolan baalwi bajingang celeng dan mukhibin nya",0,1,0
Proyek mangkrak,0,1,0
Suwon nyo… semoga thn depan kami sekeluarga bisa ke IKN🙏,0,1,0
Yg bilang mangkrak rocky gerung sm amin rias,0,1,0
Srmangat ❤❤❤❤,0,1,0
"Lu aja yang modalin.
Ntar buat lu, bebas disono.",0,1,0
mantap.. sukses,0,1,0
Mantap hadir dari lombok Tengah,0,1,0
35 jt permalam kerenn,0,1,0
Ya udah lu tinggal disitu saja,0,1,0
Setiap bln saya ke iKN jln2 ikn semakin maju tdk ada istilah mangkrak itu cerita bohong kalau ikn dia kata mangkrak,0,1,0
Kwal mas bro jangan ksh kendor,0,1,0
Kwal mas bro jangan ksh kendor,0,1,0
Sayang banget ibu ely nya ga di ajak padahal kl ada bu eli nambah seru ❤❤❤,0,1,0
Tanda2 kiamat sdah dekat bgtu aja bngga .istighfar mas klak jg akan kt tinggalkan ...,0,1,0
Ada Accor hotel di IKN keren banget ❤🙏,0,1,0
Yg menyebarkan isu mangkrak kan buzzer yg kemarin kalah pilpres. Yg menang prabowo yg di salahkan jokowi😂,0,1,0
"pancen yo joss tenan,,,, semoga sukses,,,,",0,1,0
Ternyata punya youtube dikira cuma tiktok doang❤❤❤,0,1,0
Ohh..Massee..itu gak ada lautnya ya..berarti anti gak ada pelabuhan dong....,0,1,0
Kemana aja bang andy lama gk bikin konten 😂,0,1,0
Nyatanya bagus mau jelekin ya jngan dek ya jngan😂,0,1,0
Istana betmen.....,0,1,0
Para sakit hati pasti gak kuat lihat vidio ini...,0,1,0
"Ko carane sugeh pie,aku wes siap 😅",0,1,0
Bang andi piye kabare mama eli...kangen kalian semua,0,1,0
Cuma dsna sering sulit air😂,0,1,0
Ga ada orang ya,0,1,0
"Ini Baru Rill yang review IKN..jgn Org Kalimantan trs..karena kalo org kalimantan pasti selalu bagus karena berharap Pulaunya jadi IBU kota..sekali2 dong dari pulau jawa..ntah kah itu org Jakarta, bandung, Semarang atau surabaya, itu persepssi kita..nah ternyata org dari jawa pun bilang akan berhasil..jadi kayaknya IKN gak mangkrak neh...",0,1,0
Uang yg di korup 271T bisa buat bangun IKN👍🏻,0,1,0
Kaum sakit hati yang kalah pilpres yang bilang mangkrak 😂,0,1,0
Mantap keren....jadi pengen mampir❤. . terus lanjutkan pembangunannya,0,1,0
Selamat IKN maju terus.lihat para penyiyir.para sakit hati.para pembenci.ternak onta.ternak banteng.coba sekali kali pergi ke Ikn.,0,1,0
Yg bilang mangkrak itukan orang yg mangkrak sendiri..jiwanya..,0,1,0
saya mampir ke chanel ini gara gara vidio kolab dengan fitra eri youtuber otomotif,0,1,0
10 presiden terburuk bagi saya.... Ketimbang bngun itu... Lebih baik buat rakyat... Logika bro,0,1,0
"Seandai nya IKN sudah 100%. Lalu memisahkan diri dan membentuk Negara baru!, bagi mana ya dengan jakarta???
Sumber pendapatan pasti jauh kurang. Sedang kan kalimantan masih mampu berkembang dengan hasil alam, tambang dan perkebunan kelapa sawit.",0,1,0
Ini bukan mirip burung garuda tapi mirip kelelawar 😂😂,0,1,0
ada logo naga kuning ndaa..?!,0,1,0
Ini si gampang di serang negara lain ini bahaya,0,1,0
Sengkuni amin rais dan gerombolannya yang bilang IKN manngkrak udah ngga heran lagi manusia berhati busuk,0,1,0
"Youtuber cari sensi coba kasih gw satu saja manfaat IKN bagi rakyat kecil? Sini debat sama gw 24jam gw layanin, ibukota iblis hasil kezoliman jokowi kok dibanggain? Anda sehat? , elu pamer kemegahan disaat 59% rakyat indo berada dalam kemiskinan, mikir pake otak bukan cuma bisa mangap",0,1,0
Ini EMG kata Roky Gerung kaya gorong2 ini nanti yg nginep setan2 Melu kayanya,0,1,0
Udah lh mangkrak mangkrak ja lh wkwkwk gk ada org lewat,0,1,0
kene seng kerjo wong lio seng menikmati kok di omong mangkrak matane cok,0,1,0
Pengunjungnya mana koko,0,1,0
akhir nya tetap mangkrak..krna suatu wilayah itu maju d tentukan oleh SDM nya yg sangat berminat...ni kan ikn macam makan buah simalakama.😁..jauh..taraf tarif kehidupan kedepan nya..krna jauh transportas.nilaii yg mahal..budaya hidup yg membosankan..itu sdh trjadi di ibukota napydaw nyanmar..dan putra jaya malaysia yg kemblikan ibukota ke KL..pa lg skrg jaman di gital dgn hidup hedon dr praktisnya sgala activitas..siapa yg ingin jlni kehidupan ke ikn.berpiikiran 10x lah..😁,0,1,0
Omon opo to mul,0,1,0
Cocok untuk konplek pecinan,0,1,0
"Ubur-ubur ikan lele 
XIN EN KUALE dapat angpao Main di RINA4D 💰",1,0,0
Bosen gak ngapa2in Coba main Di RINA4D GACHOR BANGET,1,0,0
"Ubur-ubur ikan lele 
XIN EN KUALE dapat angpao Main di RINA4D 💰",1,0,0
Jepe hanya main di RINA4D jangan salah pilih guys,1,0,0
Hari yang cerah main di RINA4D bawa berkah dan Gachor parah 💰,1,0,0
Yang mangkrak itu proyeknya para pembenci kaliii,0,1,0
"Kenyataane ikn lo iki wuapik,luas jiossss gandos pokok,e,sebg ngomong mangkrak hanya pembenci pak de",0,1,0
hahaha... mosok tinggi tiangnya 79 cm... 🤣🤣🤣🤣 lucu... petugas e.. lanjutkan pembangunan IKN,1,0,0
Mf sablum ya..IKN Ituh untuk siapa sih asli nya...siapa ajah yg blh tinggl disana...,0,1,0
"Mengakui IKN berarti mengakui suksesor .BP.jokowi yg fenomenal, kasihan para pembencinya, yg cuma bisa menghujat dan memfitnah tapi prestasi nol!...",0,1,0
mantap bos....,0,1,0
"Biar mba Amin liahat baik"" Jangan bilang mangrak.",0,1,0
Lek presiden e wan Abud yo auto mangkrak koh😅,0,0,1
B aza  ... Semoga terselesaikan dengan baik dan lancar,0,1,0
Ojo lali tanahe rakyat kalimantan banyak yg blm di bayar 🤣,0,1,0
"Keuntungan besar bikin hari ini makin ceria, makasih (𝗖𝗡𝗗88)",0,1,0
"SOTO ENAK PAKAI KECAP MANIS !!
WANI GELOT SERLOK AE !!",0,1,0
Mantab luar biasa,0,1,0
Mantap. Bro,0,1,0
"bangkrut , lol",1,0,0
"mantap koh, udah dapet transfer berapa?",0,1,0
Aku suka konten mu kali ini bang . Mantab .lanjutkan bang ...tunjuk kan pada netizen nyinyir biar bungkam dan gak kakaen cocot,0,1,0
the real saranjana,1,0,0
"Rakyat byr uang pajak ke negara, ngga tahunya buat kota ikn, mengenakan para pejabat, pdhal rakyat susah krj disawah, ada rakyat nggak punya rumah, kena banjir, bencana, dsb, enak betul para pejabat, krjnya apa, para pejabat, cuma 2 omon 2 ,perintah 2,kesana kemari naik mobil, itu jual itu laut tangerang, banten, jual itu tanah adat sumatera, tanah adat dayak, papua, ke oligarki cina, aguan, dst....",0,1,0
"Mantap IKN, Moga cepat pindah kesana pemerintahan Indonesia.",0,1,0
Pembangunan terus dijalankan tapi ga jor2an seperti sebelum jokowi turun jabatan. Hihihi,0,1,0
Mantap ⭐⭐⭐👍,0,1,0
Wah baguss banget!! Salam dari Semarang Jawa Tengah ❤🎉,0,1,0
Angota mulyono gacor,0,1,0
"Coba Ko Andy datang ke IKN nya malam, lebih bagus lagi pemandangannya dgn lampu"" IKN nya,,,",0,1,0
Kerennn abiiiss👍👍👍,0,1,0
"Mooon ma'ap ni yee.. 
Orang-orang yang menginginkan IKN mangkrak adalah orang-orang yang sama yang dulu mendoakan tol Sumatra, MRT Jakarta, LRT jabodetabek, Kereta Cepat JKT-BDG, dll mangkrak juga. Dan percayalah..sekarang mereka adalah orang-orang yang komen paling overproud di video youtuber luar yg muji2.. 😂",0,1,0
Dibayar berapa bang?,0,1,0
"Melihat komposisi APBN, IKN akan jadi tapi tidak dalam waktu 5 tahun yad, selaw aja nek buru-buru wediku hutang iso nambah ribuan triliun, mesakno anak putu.
Paling di akhir pemerintahan pak Prabowo ya bisa dipaksakan ditempati, ndak enak wis kadung janji.
Sing penting mangan soto ojok nganggo kecap manis, pis.",0,1,0
"Padahal bang Andi udah semangat 45 menyampaikan kondisi IKN saat ini,sayangnya bang satpam memberikan informasinya kurang tepat dan lengkap....",0,1,0
Nanti dibilang setingan,0,1,0
Semoga bisa mengalahkan pik 2,0,1,0
"KAPAN YA BISA KESANA, APA MUNGKIN Saya kesana, soalnya jauh 😊",0,1,0
Kok ada ya yg punya cita cita supanya ikn mangkrak....otaknya itu sebenarnya isinya apa??,0,1,0
emang sih gak sepi tapi kok ada yg beda aja muka orang2nya kok bnyakan wajah perisai itu ibukota untuk pribumi ato untuk aseng 🫢🤔,0,1,0
Keren banget bang pasti orang  yoo,0,1,0
MANTAP KOH JOWONE MEDOK 😂😂😂,0,1,0
"Yg bilang mangkrak,sepi,ngga diurusya siapa lgi klo bukan anak abah beserta kroni2 nya",0,1,0
"Kaloo liat gedung kanto2r ini pasti rakyat nya sejahtra 
Karna biasanya org jujur itu bergaya sesuai kemampuan 
Jika tidak maka tidak seimbang pasti ada yg di korbakan",0,1,0
"Walah yow apik tenan IKN 
Aku Melu seneng pokoke 
Maju terus Indonesia.",0,1,0
Mntp klo tetep berlanjut,0,1,0
Nice,1,0,0
"Kasihan yg sakit hati ,malah IKN smakin cantik.",0,1,0
Omon2 ya jelas panas hutan lindung milik adat di tebas habis koar2 tanah rakya dah di bayar belum. Rakyat yg hidup di situ dah kerja belum n makan apa hidup sehari hari gak mikir pamer alpard.,0,1,0
Mantap,0,1,0
"Saya lebih bangga LPG 3kg mudah didapatkan oleh masyarakat daripada IKN, masyarakat kecil tidak mendapat manfaat dari adanya IKN . Uang yang buat bangun IKN yg nilainya ratusan trilyun lebih baik dipakai untuk subsidi LPG 3kg pertahun 87 trilyun , itu kalau penguasa  negara ini bisa mikir!",0,1,0
Mewah ya koh. Semoga bisa kesana,0,1,0
Yang bilang mangkrak itu pasti kaum omon2,0,1,0
"Ada 4 golongan yg tdk suka pembangunan Ikn berjalan lancar.
1 golongan anak Abah 

2 golongan FPI 

4 golongan HTI 

4 golongan sakit hati.",0,1,0
"Bukan..1 kata...😛😁😋 Tp Bnyak kata²..., Kyuuu...Kyuu...!!!!  bPk Jokowi skluarga.. Bpk brabowo Gibran 🙂👍💖💞💘🌹😍😘",0,1,0
Tetapi kenapa ya sekarang sekarang ini banyak orang orang yang mempercayai fitnah karena benci dan tidak senang terhadap seseorang padahal menurut kami walaupun kita benci dan tidak senang terhadap orang lain jangan memfitnah dan menjelek2 kalau tanpa bukti yang benar,0,1,0
Mantap kota hijau,0,1,0
Trending #4,0,1,0
"Saya kira yg bilang mangkrak itu bukan nasionalis,juga bukan patriot bukan orang Indonesia, seharusnya mendoakan agar Indonesia itu maju",0,1,0
Kalau lihat video itu ksmu pikir saya asil Kalimantan Timur Samarinda 1 sampai rebus jalan tol kecepatan 110 sering,0,1,0
Tuaaeeek...Ibu Kota Ngutang,0,1,0
Subhanallah sungguh indah dan bagus buat Indonesia❤❤❤❤,0,1,0
Harus Bersyukur dan kita Suport Pembangunan IKN...Semua butuh Proses tidak semudah membalekan Telapak Tangan....Kalau udah Slesai semua nya Baru Pindah Total IBUKOTA...Supaya Pembangunan Merata,0,1,0
😂😂😂.. . Awakmu ancek KopLak koh... Ehhh maksudku Kocak...,0,1,0
Yang bilang mangkrak itu moncongnya barisan kecewa dan sakit hati kepada pak jokowi dan kluarga iya kan..,0,1,0
Yang bilang mangkrak itu orang orang sakit hati anti kemajuan infrastruktur pembangunan😂,0,1,0
Ada apa dgn kecap manis..,0,1,0
gila sih kalau ada yang berpikir proyek ini bakalan mangkrak. investasi untuk kota ini gila-gilaan,0,1,0
"HeebaaT² HeebaaT.....!!!  😌☺️👍🎉❤🌹🌹 , 1 hari brapa yea nginep di hooteeL .. , duuh . Kirain 3 juta 😂😁 . Krn kalau di Jogja ..hoteL sederhana...sj Su 1 hari 500 ribu . Paling 3 hari sj. Jln2 bsm skluarga 😊 . Duuh gak jadi deh... Klau 30 juta ,1 hari 😩",0,1,0
"Ajak Youtuber yg lain vlog di IKN Bang... biar masyarakat gak mudah di bodohi, Para Mukhibin kadrun & gen Ba'alawi yg asal bacot gak ngecek di lapangan 👀👍🇲🇨",0,1,0
AIR BERSIH SEKITAR IKN YANG MANGKRAK ENGKOH,0,1,0
Ikn tidak mangkran cuman selesainya di tahun 2045 😂. Di saat ekonomi negri ini tdk baik2 saja mantan presiden ke 7 nafsu bikin ikn.,0,1,0
caiirr..caiiir😅,0,1,0
"Oh... Ternyata ini proyek yg g mangkrak... 
G sabar nunggu semua pejabat ring 1 pindah kesana....mg disegerakan pindahnya...",0,1,0
"Iyalah orang china komunis yg konten selalu  bagus-bagusin proyek,,,,",0,1,0
"Apapun ceeLaaN si pembenci...gak ngaRiiuuuh, pokoknya ciihaa...!!! 👍🎉❤",0,1,0
"Alhamdulillah, syukurlah",0,1,0
Masha Allah bagus banget pemandangannya,0,1,0
Mantap lanjutkan pak prabowo 2 priode,0,1,0
NDASKU MUNCUL 😂😂😂😂😂😂 JAWIRRRR CINO,0,1,0
Hidup engkohhh😂😂,0,1,0
Waw ....keren banget wajarlah pembangunannya lama banget. Org yg bilang mangkrak adalah org yg tdk menghargai karya bangsa sendiri,0,1,0
Alhamdulillah IKN sdh mau jadi. Banyak yg bilang mangkrak krn hatinya jahat dg Pak Jokowi. Keren bgt IKN❤,0,1,0
"Alhamdulillah, aktif lagi mas bro bikin kontennya, nonton sampean sambil ngopi 👍",0,1,0
Wah keren Cak Andy👍,0,1,0
"Vlog pas bengi, ditunggu yo nyo.",0,1,0
"Kereen IKN...semoga cepaat selesai

Luar biasa pak jokowi..dan dilanjutkan pak prabowo..smg indonesia semakin maju..damai sejahtera rakyatnya..Amiin",0,1,0
"itu hotel Swiss adakah tamunya tiap hari? 

Lalu penghuninya IKN saat ini siapa saja ya?",0,1,0
"coba kali aja gas subsidi 3kg di timbun di sana, langka soalnya sekarang",0,1,0
stop ikn tidak berguna,0,1,0
Wes iklannya gencar. Maju terus IKN,0,1,0
Masih lama perjalanan utk dihuni. Begitu dihuni 2028 jangan sampai rubuh yah. 😊😊😊😊😊😊,0,1,0
"Yg bilang mangkrak pada mgilang ke goa..... Padahal kelas jelas pembngunn ikn terus berlanjut, eh dibilanh mangkrak.. emangnya HAMBALANG😂😂Salam waras..",0,1,0
Tuuh Amin Rais ngomong apa ....ngomong sama berak tiada bedanya  mulut juga dubur hasem !!!,0,1,0
Memang berjalan terus pembangunan cuman ada yg dah selesai kontrak.... Jdi nnti tender lgi.. yg berjalan itu kontrak yg di perpanjang... Ngga mangkrak.. ko santuy,0,1,0
Kebanyakan omon omon...,0,1,0
"Yg bilang IKN mangkrak, mbok di tuntun ke IKN",0,1,0
Ibu kota kalimantan nusantara mantap,0,1,0
"kok sepi, gak ada penduduknya ya?",0,1,0
"Pembenci pak Jokowi emang slalu bgitu, apapun yg dibangun pemerintah slalu dibilang atau bahkan didoakan agar mangkrak, hal itu jga terjadi sewaktu awal pak Jokowi meresmikan pembangunan MRT, LRT dan kereta cepat, smua proyek itu tak luput dari nyinyiran dan doa2 mangkrak dari para pembenci 😄 tpi kita tau bahwa tuhan itu gak bakal mendengarkan doa2 yg buruk, itu sebabnya smua proyek yg dibangun bisa berjalan dngan lancar bahkan sampai jadi 👍🇮🇩",0,1,0
"Saya percaya, dibalik sebuah proyek pasti sudah ada planing dan perencanaan baik. Hanya saja karena orang indo memang suka kepo dan mudah sekali diadu domba, jadinya timbul ketidak percayaan terhadap pemerintah. Dan pemerintahpun seakan jenuh juga mau menanggapi semua keluhan dan cacian masyarakat. Akhirnya yang terjadi, ya semua tetap berjalan dengan mode senyap. 

Meskipun tidak semua seperti itu juga",0,1,0
"Assalamualaikum,  JOKOWI IS THE BEST  IKN semakin  maju  dan cemenlang.",1,0,0
Mantappp... IKN layak jadi ibukota negara 👍,0,1,0
"Jangan suka berburuk sangkalah, semua butuh proses, gak langsung selesai gak langsung jadi, butuh waktu yg tidak sebentar. Dengan filosofi itulah pak Jokowi mantap meniatkan membangun IKN, sudah benar itu pak maju terus walau mungkin seribu tahun. Tapi sayang filosopi seperti itu tidak diterapkan pak Jokowi dalam membentuk kualitas kepemimpinan anaknya. Anaknya yang masih bau tai langsung dikarbit utk masuk level wapres, mumpung pak Jokowi sedang di sukai rakyat, sudah pastilah anaknya disukai rakyat juga, begitu kira2 pemikiran pak Jokowi. Semasa anaknya masih menggeluti bisnis dulu, sy sempat ngefans sm gibran bahkan dengan jan etes. Tapi skrg entah mengapa sy sngt jijik dan mau muntah melihatnya. 
Semua butuh prosessssssss.... tapi tidak utk kekuasaan anak sayaaaaaaa.....itu harus terjadi instan. Mirissssss.",0,1,0
Istina negara ko ga diake???katanya Ibu kota???,0,1,0
Mas saya senang lihat IKN mentap itu baru lihat vidionya udah bagus. gimana mau kesana jakarta aja belum pernah lihat  lansung. Mata ini bisa lihat sawah sama Sungai.,0,1,0
"4:49 widihh hotel nya gede banget , semoga BERKAH 99 terus ya ka channel nya",0,1,0
"logo PP & WIKA di proyek2
😂😳koq sahamnya terseok... seok...",0,1,0
Ke training center bang,0,1,0
"mntap bang, yg bilang mangkrak itu para pembenci Jokowi, anak Abah, Sengkuni, maju terus bang,",0,1,0
"Sekarang ini Barisan Sakit Hati..selalu tebar isu ini itu..inti nya pengen balas dendam ke Jokowi , dan bentur kan Jokowi dengan  Prabowo sekarang ini....Jadi Buat Pak Prabowo bnyk sekali isu yg sedang di sebar di benturkan dengan rakyat ..jdi hati2 slesekan mslh yg ada tapi juga singkirkan benalu2 Politik yg akan mengganggu stabilitas Nasional",0,1,0
Potret Indonesia sekarang ... video ini pamer kemewahan yg dinyatakan dengan kemajuan pembangunan ... sangat banyak video2 yg lain meliput kemiskinan. Jaraknya antara langit dan bumi.,0,1,0
😂😂😂😂😂 35 juta satu malam wah wah lefel dewa ini hotel hanya pengusaha dan tamu negara nih yg sangup ampek 1 bulan😂,0,1,0
Itu kan yg bilang para kaum sakit hati min😂😂😂,0,1,0
Paling mangkrak,0,1,0
"Orang sakit hatimah tidak usah ada pembuktian kok sinyal otaknya udah lemah penuh kebencian tinggalkan aja biar selamanya primitif , NKRI semakin jaya",0,1,0
Tiang 79cm hahaha,1,0,0
Yg bilang mangkrak itu gerombolan manusiasakit hati,0,1,0
Honda blade orang dalam ko,0,1,0
"Katanya ratusan investor pd ngantri, eh ga taunya satupun investor gda yg masuk. Negara harus bayar bunga utang di tahun 2025 800 triliun. Gara² ambisi membangun IKN",0,1,0
Untuk orang-orang elit aja yg menikmati,0,1,0
Ha ha.. Para penyonyor  makin punying.. mikirin kalo demo / nyari nasi bungkus jadi jauh dong... Sepi dah orderan demo..,0,1,0
Bapak e Madeleine memang top 👍markotop wes. Pokok e topnya nomer siji ☝,1,0,0
Yang kerja proyeknya mana Pada kabur ya belum bayar upah kerjaya 😊😊,0,1,0
Haha ternak Mulyono mulay muncul udah cair bansosya ya,1,0,0
Kalau aku di suruh Kerja di IKN juga mau apalagi Tinggal di sana 😁😁😁,0,1,0
Mas tolong dong skali2 para  pembenci pak jokowi ajak main ke IKN biar mereka pada tau dan liat klu IKN itu tambah bagus,1,0,0
Menyala bos ku yg mengatakan mangkarak orang sirik hidup ikn❤❤❤,0,1,0
Pembenci jkw kepanasan bro!,0,1,0
Cie saless negara,0,1,0
"Buzer

Krik... Krikk.. krik..",0,1,0
Yang bilang mangrak hatinya sudah tertutup dengan kebencian,0,1,0
keren habis,0,1,0
"Orang yang bilang IKN mangkrak orang yang tidak pernah datang ke IKN, saya baru ke IKN  tanggal 26 - 12 - 2024 kemaren. Sangat ramai orang nya disana para pekerja dari seanteru wilayah Indonesia, armada hilir mudik mengkut matreal untuk membangun IKN  🙏",0,1,0
Kuline ra bisa balik meng kampunge.   Ra isa tuku tike pesawat😢,0,1,0
Enek bener gw liat gaya bibir mu cok 😅,0,1,0
Dijajah org jawachina,0,1,0
Kasian rakyat indo diadu domba didoktrin dgn kebencian...membuat otak mereka JD beku tolol bodoh Krn kebencian ....pantas negara tetangga kita bilang negara ini IQ 78....,0,1,0
Kami rakyat Indonesia bersatu mendukung pemerintah Indonesia pembangunan IKN Nusantara terwujud dengan kerja keras para rakyat Indonesia dimudahkan segala urusannya.,0,1,0
dari pada buat bansos yg sebagian penerimanya org mampu mending buat bangun IKN,0,1,0
Cak andy kapan kolab karo cak dave londo jowo. Pasti seruuu 😅 cak cok cak cok,0,1,0
Mantaaaap IKN,0,1,0
"Komen , I KA EN",0,1,0
Politisi2 sakit hati tuh suruh ke IKN jgn cuma nyinyir memberi berita hoax,0,1,0
Aku udah pernah ke sana tgl 3 nov 2024,0,1,0
KARYA ANAK BANGSA❤❤,0,1,0
Apakah udh ada jasa tour ke IKN...saya ingin sekali ke IKN...kereeen...,0,1,0
Moyang dan kakek nenek saya orang Jawa dan saya berdomisili dipulau Jawa tepatnya Dijateng.Ikut senang dan bangga selamat buat saudara2 dikalimantan provinsi anda terpilih utk menjadi ibukota Indonesia.Pembangunan jangan hanya berpusat dipulau Jawa saja.Jakarta sudah terlalu semrawut dg segala permasalahannya.Memang tepat harus pindah ibukota…👍🏻👍🏻👍🏻,0,1,0
Cindowo cindojowo 😂 boso e campuran,0,1,0
Mantaap Mas,0,1,0
"kemarin ada yg bilang, kalau warga palestina jadi pindah ke indo, ditempatkan di IKN aja kan butuh banyak orang.
IKN itu bakal jadi ibu kota negara kita, masa ditinggali warga palestina.. emangnya ini negaranya orang palestina apa ya ?",0,1,0
Asal lu tau buzzer bayaran Mak Lampir penjual Telkom pendukung pki dan onta yaman termiskin di dunia balawi Aidid dan moesa... Asal kalian tau yg pindah ke ikn itu hanya pns kementrian negara saja ..jadi jgn geer juga mo di ajak ke ikn 😅😅..kan kaum Minoritas nga dibutuhkan di pemerintahan pragib 😅,0,1,0
pantas aja si amien dan ternak yaman ngiri 😅😅,0,1,0
Jadi orang jangan dungu dungu amat yg namanya mangkrak itu dibuat tidak ditempati,0,1,0
MEMBANGUN HASIL NGUTANG KOK DIBANGGAKAN... 😂😂😂😂,0,1,0
ASN Dosen demo supaya prasasti Mulyono Jaya,0,1,0
Bagus sekali. Semoga lancar pembangunannya,0,1,0
coba securitynya ngomong “YA MAEN LAST WERGGGH LAH”,0,1,0
Itu Garuda bungkuk po mas..,0,1,0
😂😂😂😂😂 yg nikmatin IKN ujung2nya China cukkk... 😂😂 sebab dananya utang China ... Cukkk.. cukkkk😂😂😂 kapan bisa operasi ikn ?? 😂😂😂😂 Mimpiiii.... Gak bakalan berjalan normal... ( Saya tunggu infonya .. video ini jangan dihapus .. kita buktikan ok ),1,0,0
"Narasi IKN mangkrak terus di gaungkan oleh para pembenci PakJokowi yg masih kesal karena  kalah, mereka berharap Pak Prabowo tidak melanjutkan, lha gimana wong janji kapmanye berkelanjutan termasuk IKN kok berharap dan meminta Pak Prabowo tidak melanjutkan, otak nya bagaimana cara berpikir mereka, mereka tidak memilih Pak Prabowo Gibran tetapi setelah jagoanya kalah kok ikut cawe2 wkwkwkwkwkwk",0,1,0
Mantaaaaaaap jooooosss,0,1,0
Hutan Kalimantan jadi kota,0,1,0
"AMIN RAIS AJAK MERENE CAK,,,BEN GAK NYINYIR AE",0,1,0
Keren.. bangga euy jadi bangsa Indonesia.. asalkan pejabatnya nnti  ga korupsi yaa,0,1,0
Lah kok jd restoran 😂😂😂😂,0,1,0
"Kalau pemimpin1 membangun lalu ganti pemimpin2 dan membiarkan bangunan lama lalu membangun bangunan baru lalu berganti pemimpin lagi terus dan terus seperti itu ya kapan majunya negara ini kalo terus terusan muter di pembangunan doang,",0,1,0
Biasa aja.karna uang pajak ku pun ada untuk membangun IKN.,0,1,0
"Ati"" dengan org kulit putih bermata sipit",0,1,0
"halaaahhhh taiiii, pencitraan aja. iKN ga jelaaaassss",0,1,0
Mantap.....beritakan fakta yg sebenarnya biar yg nyinyir pada melek matanya...❤❤❤.,0,1,0
Lu aja tinggal di ikn berani gk jgn promosi gk jelas dasar buzeer,0,1,0
Ayoo berdoa supaya IKN cepat jadi seduai dengan target bahkan sebelum target sudah selesai dan indonesia semakin maju cuma otak barisan sakit hati yg inginkan IKN mangkrak,0,1,0
"Mengah tpi sepih,tdk ada yg nyewa",0,1,0
"keren bgt om, top pokoknya ❤❤❤❤",1,0,0
Aku di balikpapan aja blom pernah kesana koh😢😢😢,0,1,0
Moga IKN dapat disiapkan ikut kebijakannya ..Aamin.,0,1,0
Setiap ganti pemerintah yg harus nya jadi icone negara sendiri di jatuhan oleh pemerintah nya sendiri...jadinya Indonesia tidak pernah ada kemajuan...rakyat cm komen negatif tp tidak sadar kl itu semuanya hasil dr uang rakyat...jadi sia2...,0,1,0
mantappppppppu,0,1,0
"Silahkan baku hantam di kolom komentar.
Bagi yang ingin IKN berlanjut sampai berhasil VS bagi yang ingin IKN mangkrak 😂
""""Silahkan saling hujat 🤣🙏",0,1,0
Sengkuni mumet tapi ojo modar supaya melihat yan etes jadi presiden,0,1,0
"Alhamdulillah...
keren banget ya Allah
insya Allah saya bisa mengunjungi IKN",0,1,0
Saya ngefans ibu nya ko Andi...,0,1,0
Yg ngomong mangkrak pendukung sengkuni dan tidak ingin indonesia maju mereka ingin dananya mau di korupsi,0,1,0
Protein campur kecap bahaya untuk dimakan,0,1,0
"Yg bilang mangkrak cma orang2 iri... Lu lihat aja dr tahun 2024 kemarin CPNS udah dibuka sebanyak2nya formasi Otoritas IKN.😂 
Yg gk tau info ini pasti nyesel wkwkkw, bisanya cma nyalahin pemerintah tiap tahun krn hidupnya miskin wkwkwk",0,1,0
Ikn hebatttttt .,0,1,0
"@amienrais
@bangedy
@reflyharun",0,1,0
"Yg pengen ikn mangkrak itu gerombolan anak abah  penyembah baliho onta yaman 😂
IKN resmi jd ibukota fpi ga bakal berani demo di IKN",0,1,0
Hebatnya ikn.waaa..sengking huebatnya aguan infes 20.tw.buat nyelamakan muuuka jokowi. .haaadeeh,0,1,0
"Semoga segera jadi IKN. Pengen cepet2 buka lesehan lamongan disana, kasih harga 2x lipat lumayan untung😂",0,1,0
kita tunggu progres selanjutnya.,0,1,0
Itu itu aj yg dibanggakan.sekali kali jln tol lampu merah kek,0,1,0
Yo wes lah moga gak sepi .. Dan jadi metropolitan melebihi jkt.. aku juga gini2  bangga jdi indonesian. Moga segera pindah .  Dpr dan semua mentri,0,1,0
Yo wes lah moga gak sepi .. Dan jadi metropolitan melebihi jkt.. aku juga gini2  bangga jdi indonesian. Moga segera pindah .  Dpr dan semua mentri,0,1,0
"Kapan mau di tempati, katanya 2024 November, kok msh blm pindah.",0,1,0
Gila...gila...gilaa..gilaaa....😄😄😄,0,1,0
seneng aku ndengerke medoke cindo wkwkw..,0,1,0
Haha kocak Luh bang😂 seru seru,1,0,0
Bodo amat kami gak butuh yang ginian liat ekonomi di negara ini semenjak mulyono amburadul kayak anak SD mimpin,0,1,0
Rakyat dah tahu yg ngomong itu ya kelompok2 mereka yg ngga ingin pindah ke IKN....,0,1,0
"Yg bilang mangkrak itu bukan orang asli pribumi,para pendatang yang numpang hidup di Indonesia, keturunan PKI yg ingin balas dendam dengan cara mengadu domba anak bangsa",0,1,0
"mantap ker Ikn tambah keren maju mewah berkelas Sopasti Asyik ,Semoga membawa kemakmuran Sejaterah untuk Warga sekitar ikn .,Slm Sejahterah Sam 👍👍",0,1,0
"Kalau udah jadi pindah dong, pindah semua pejabat ke ikn",0,1,0
Pengen kaya cepet jadilah buzzer!!!,0,1,0
Masya Allah.... Indonesia hebat,0,1,0
trus pindahnya kapan??,0,1,0
Rumah Susun Untuk ASN tolong di video dong bangunan dalamnya...,0,1,0
Sepi banget tapi ya?,0,1,0
"Nyocot ae kon....
La kontribusimu kanggo negoro iki opo cok???
Muk nggolek keuntungan pribadi tok...
Matamu....",0,1,0
Nek diseriusi banget yo ora mangkrak. Tapi kalo dicueki yo mangkrak rek...,0,1,0
"Bp Jokowi visioner hebat , sehat selalu Bp,  Allah selalu melindungimu.💖🇮🇩",0,1,0
"Bukan penjilat cukkk, ANDY SUGAR INI GEROMBOLAN SEMBILAN NAGA YA WAJAR DIA KESANA MANTAU USAHA DIE, btw singapur jadi ga bang ?",0,1,0
Keren Mas Bro,0,1,0
Lapo adoh2 ....ndik2....,0,1,0
Sepi kayak kuburan,0,1,0
"Nanti jg mangkrak ko,,, semua influenser tuh terima duit buat bacot bacot.",0,1,0
"Ini Orang Baru Benar Buktikan Sendiri dengan Mata Kepalanya, jadi TDK Asal Komen Mangkraklah,",0,1,0
"Mengapa tidak ada pohon bambu , pohon kenari , pohon Ara , pohon jambu , pohon mangga artinya masih agak gundul",0,1,0
Halah ya masih sepi gitu ...,0,1,0
"Penghina IKN pasti sebagian besarnya org2 PNS yg gk mau dipindahkan ke IKN.
Mereka berupaya utk menggagalkan pembangunan spya gk jdi pindah danbbertugas disana. Bangsat mmg para ASN yg sprti itu.

No debat, buktikan sndiri.",0,1,0
Gas 3 kg langka gak bang ?,0,1,0
mana penjilat istana batman kumpul sini dong😂😂😂😂,0,1,0
Yang bilang mangkarak itu kan pendukungnya anis saja.,0,1,0
35 juta semalam ..... yakin gue klo bukan pengusaha kakap pasti ASN... berarti yg bayarin rakyat... pake duit rakyat. Semprul,0,1,0
"IKN mangkrak COCOTE AMIN RASIS KOK DI GUGU 
CANGKEME BOSOK MAMBU TAI",0,1,0
😢 gk jadi pindah boosku,0,1,0
79cm😅😂,0,1,0
GASS TERUSSS REKKK....OMONGANE NETIZEN SING SAKIT HATI BEN TAMBAH SAKIT HATI....GOOD JOB REEK❤❤❤,0,1,0
Wah dapat endors ikn,0,1,0
"Pelan2 muterin kamera nya om.
Wes pusing ndas ku 😂",0,1,0
"Ada baiknya guru sekolah di perhatikan pak. Gaji guru non pns  blm terbayar penuh sampai sekarang malah d tunda"" gaji guru 1 bulan telatnya 2 bulan ada yg sampai sekarang 2018-2019, 4-5 bulan blm d bayar sampai sekarang 2025. Itu bukan ratusan.tapi ribuan guru blm d bayar. Padahal guru mendidik generasi bangsa.. bagaimana itu ada di posisi anda. Sdangkan anda punya tanggung jawab pada keluarga. Jatim",0,1,0
Smartphone yang dipake apa bang?!,0,1,0
Andy sugar atau deny siregar?!,0,1,0
"Pekerjanya ko cuma 3 orang 😂😂😂😂
Drama?????",0,1,0
Donatur plus plus,0,1,0
"Mbak swisotel ramah bgt
Tapi emg org2 hotel itu ramah2 ya jarang ketemu yg jutek cuma kita aja gk enakan",0,1,0
😂😂😂,0,1,0
Mewah bgt,0,1,0
Investor mana investor?,0,1,0
Semoga cepat selesai. Soalnya kota impian bgt. Dan semoga emg rakyatnya dibatasi jadi gk over,0,1,0
"otw ikan lah kalua gini, WKWKWK suwun ketua",0,1,0
Rudy kok gak diajak???,0,1,0
Itu yg peles senterya itu sudara kita oke..😂😂😂,0,1,0
Jokower,0,1,0
yg bilang mangkrak tu penjilat pant*at abah Anus(ANIS)yg gk suka sama bpk jokowi dan penerusnya bang😅,0,1,0
Ada apa masalah apa soto sama kecap manis,0,1,0
Masyarakat keliling IKN kenapa dibiarkan tanpa kemudahan asas??,0,1,0
"Kalau gak diterusin, dijadikan kantor gubernur Kaltim",0,1,0
Beda lagi tanggapan para pembenci ,0,1,0
bangunan e pancet ae cak wkwkwkkw,0,1,0
Mmpiro nggonku balikpapan,0,1,0
Semoga cepat selesei dan segera di fungsikan dan menjadi kebanggaan nasional,0,1,0
IKN Josss..,0,1,0
"Bangga sy ud ke IKN, jaya Nusantara, ❤",0,1,0
Lu dibayar brp bro sama rezim?,0,1,0
"Buzzer IKN , Tunggu aja pasti mangkrak, NORAAAAAK",0,1,0
"Yang mangkrak itu proyeknya para koruptor dan partai2 yg menghembuskan isu ikn mangkrak karena gagal berkuasa, ternyata Langit mengabulkan doa rakyat indo yg memilih org2 tdk haus kekuasaan dan fanatik keluarga mantan penguasa besar 😂😂😂",0,1,0
Sudah liat di pov sctv. Nara sumbernya pak basuki. Keren,0,1,0
Pengen pindah ke IKN mari ngene wes,0,1,0
"Ini bagian ternak mulyono jadi wajar spil yang nampak depan,aslinya mangkrak",0,1,0
Yang bilang mangkrak ajak sesekali plesiran ke kalimantan 😂 habis itu lepas mereka di hutan borneo 😂,0,1,0
"pembangunannya melambat, anggaran disunat boskue....",0,1,0
kalo gak mngkrak yo ASN nya yo cpt kon pindah no.....ben indonesia due ibu kota,0,0,1
"Masya Allah banyak pekerja nya ada 200 investornya ada dari china, arab dan Singapore. 😅😅😅",0,1,0
Yang bilang mangkrak tentu ternak Abah & Banteng,0,1,0
"Saya baru 4 hari lalu ke IKN, dari sore jam 5 sore hingga jam 9 malam.... Pembangunan IKN dan fasilitas pendukungnya dikerjakan siang malan oleh para pekerja...alat berat, crane, dan kendaraan² proyek bekerja tiada henti.... Itu sih yang saya lihat",0,1,0
"Sayangnya patung burung Garuda IKN ngak dibikin macam Garuda Wisnu diBali yg lebih kokoh, kuat & lbh bagus tentunya 👍",0,1,0
Majulah Indonesia ku walaupun terlambat dengan pemikiran negara lain untuk memindahkan Ibukota,0,1,0
Harusnya kita bangga..kita support..kita doakan semoga lancar dan mmbawa kebaikan untuk bangsa indonesia..,0,1,0
"Kalo kurang pekerja, siap berangkat ke ikn..",0,1,0
"Roky gerung aja yg bilang begitu, karena dia ga diurus istri ga ada anak ga bertuhan ga ada Agama. Jadi semerauk hidupnya.hanya menunggu orderan orang membayar utk menghina, memaki2 presiden buat hoax cuci otak rakyat ,,,roky roky,,otak baby",0,1,0
Josh rek,0,1,0
"muantapppp, Ko
mugo ae oleh kesempatan dolen ng IKN kyok smpean

sehat n sukses selalu, Ko",0,1,0
oh.....kamu bikin konten khusus untuk orang Jawa ya maka nya kamu banyak berbahasa jawa.kami yang tidak Jawa tidak ngerti bahasa mu.kamu lupa ya.ikn itu tidak di pulau Jawa.,0,1,0
"Yg Bilang IKN Mangkrak ,Itu Dari Para Ternak Onta Yaman % Capres 16 %",0,1,0
hotelnya satu mlm 35 juta bisa buat beli pcx🤣,0,1,0
Logatmu Cak Andy jowone medok poooolllll😂😂😂,0,1,0
Lucu..lucu..👍👍👍keren,0,1,0
Kang! Mbok amin rais diajak!😂,0,1,0
Mantap ikn.... semoga pembangunanya di beri kelancaran oleh alloh swt.,0,1,0
"Bangsa indonesia saat ini sebenernya di didik untuk lebih rasional, dibuatin ibukota negara baru gak mendukung apalagi menghujat,,,,kok tolol banget yooo ,,,,",0,1,0
"*GALI TERUS KONTEN YG POSITIF DAN TRANSPARAN , LAWAN KONTEN HOAX*",0,1,0
Pingin datang ke IKN mantap 👍🏼,0,1,0
Konten buzzer,0,1,0
"Meski ditampol sama kenyataan mereka akan tetap menyangkal bhwa ikn itu mangkrak,,,mungkin akan beda cerita klo cocote di tabok anbe sayape garuda,utowo matane diculek ambe tiang bendera sing duwure 79 meter.😂",0,1,0
"Apik mas ,follo semua ikn nya ampek pojokkan ikn jadi yg suk nyiyir bisa lihat,dan aljhamdulillah indonesia punya ikn yg megah ini lur,maju terus bpk bpk pekerja yg pantang mundur yg bangun ikn sukses selalu semuanya tanpa terkecuali,semoga alloh swt senantiasa melimpahkan rahmat ,karunianya,rizki yg berkah barokah serta kesehatan salam nkri,dari kediri",0,1,0
"Faktanya IKN bgtu indah mempesona dn menjadi kebanggaan, bangsa negara indonesia. Hanya para pembenci yg hatinya pnuh dengki benci spt widia stress analisis odgj, yg menfitnah dgn berita hoax mulu. Mana mata tlingamu widia stress analisis murahan yg tak bermutu😂😂😂",0,1,0
"Ndasku muncul... Gaes... 
😊😊

Ndaas muu kui...",0,1,0
Bazer mana bazerr,0,1,0
"Pemerintahan sendiri dihujat, dinyinyiri, Indonesia ini negara besar, luas dan beragam. Siapapun yg jadi presiden tetap kerja keras didukung seluruh lapisan masyarakat. Ayo kita najukan indonesia, jika byk warga negara sendiri menghujat jangan marah jika negara tetangga dan negara2 lain meremehkan kita. Ayo jangan hanya momentar ........bangun juga keluarga dan bangsa kita 🇮🇩🇮🇩🇮🇩🇮🇩🇮🇩",0,1,0
"Enak banget ya buat pejabat aja😂😂😂, rakyat mah di gubuk aja",0,1,0
Buka salon di sana menjanjikan kali ya.....,0,1,0
Coba videonya di luar istana ada ga?,0,1,0
Tapi semalam 35j jeti? 😢,0,1,0
Keren bgt IKN,0,1,0
Mantap memang...,0,1,0
Yang bilang ikn mangkrak cuman orang ga punya mata dan telinga. Padahal banyak channel yg membahas pembangunan IKN tiap hari. Misalnya channel dian rana,0,1,0
pasukan presiden prabowo akan menghitung semua pihak² yg mempropagandakan barang yg JELAS² BAKAL MANGKRAKKK KARENA MEMBEBANI KEUANGAN NEGARA!!!  Termasuk congor² gigi bata di sini. bikin susah rakyat.,0,1,0
Saya yakin kalau harta para koruptor di ambil semua untuk membanggun bangsa apalagi sekelas IKN mah gampang apalagi yg 271T masih sisa kalau cuma sekls IKN,0,1,0
"Sumbu...bukan Sumbo...
Mosok wong $uroboyo gak ngerti artine SUMBUL",0,1,0
Mangkrak emang nggak tapi yang punya china dan pribumi jadi pelayan😂😂,0,1,0
"LAH, KOAR KOAR PINDAH KAGAK
😂😂😂😂😂😂😂",0,1,0
Ternak JOKODOK mulai keliaran...,0,1,0
GA RU DA ENAM SEMBILAN..Modal sedikit hasil maksimal💗,0,1,0
"Hanya manusia2 yang busuk hati dan manusia pembenci yang bilang IKN mangkrak, nyata nya ini salah satu video yang menunjukan IKN masih tetap berlanjut... Saya do'akan semoga ibukota indonesia cepat pindah...",0,1,0
"Beh...apiiiik e...,klo libur bnyk yg wisata liat"" IKN. Cita"" presiden"" sebelumnya untuk pindah ibukota, semoga terwujud.",0,1,0
"""Sumbu"" cuk duduk sumbo
""Sumbu"" artinya ""poros""
Jancuk bosomu jancuki",0,1,0
Kita tunggu tahun depan,0,1,0
Kita tunggu tahun depan,0,1,0
"Udah bukaa hotelnya, kan banyak Vendornya",0,1,0
Kenapa gak boleh pakai kecap manis?,0,1,0
"ya betul mas,, kami antri sampai 3 jam,,, naik bis nya,,, krn masyarakat antusias mau tau ikn,,, pas liburan kmrn, ,, 🤦‍♀️🏛

disarankan kalau mau jln2 ke ikn jgn pas liburan,,, penuh banget,,, 

tp happy,,, krn kami bangga tinggal di sini,,, 🙏👍👍🇮🇩🇮🇩",1,0,0
"Wah yg blng mangkrak itu orang yg tdk mau di ajak maju, biar aja nyinyir, penting kenyataan pembangunan IKN tetep lanjut... 🎉❤",0,1,0
Dapt kabar 60 investor asing sdh masuk ikn..???😮,0,1,0
memang luar biasa dah 👍,0,1,0
Udah hijau kalo lihat dekat garudanya. Tiidaak hitaam😅,0,1,0
Bazernya Mulyono andysugar,0,1,0
Terus kalu mangkrak ..pindah ibu kota negaranya kapan?...kata.mulyono Oktober 2024 sdh pindah ..kok gak jadi...😢,0,1,0
Cocote spo seng ngomng ikn mangkrak 😂😂😂,0,1,0
Mantap ini. Ikn harus didukung demi kemajuan Indonesia. Biar Indonesia lebih keren,0,1,0
Yg bilang IKN katanya mangkrak itu cm orang stres dan orang* yg g suka dengan pemerintah,0,1,0
Soto soto seger.. Info yg jual soto bos😂,0,1,0
IKN istananya raja koruptor Nusantara yg jelek katro licik pengo wkwkwk 😅hadiah buat orang Kalimantan gratis tissssss 😅,0,1,0
Yang bilang mangkrak orang pembenci Ikn bang😊😊😊,0,1,0
Yg gak suka pak jokowi tetep di bilang mangkrak....tapi nyatanya tetep berjalan pembangunanya.aku melu uuuuuuu,0,1,0
"hotel sdh dr awal mas, jadi,,, pas 17 agustus 2024,,era pak jokowi,,,kebanyakan pejabat nginep di situ,, 👍👍🏨",0,1,0
masa punya wajah cakep dan menarik ga mau sih??? ibukota adalah wajah negara dan ikn adalah wajah yang lebih cakep dan menarik dari pada Jakarta 😂😂😂,0,1,0
"Yg nmanya benci y gitulah smpai kpnpun jg akn ttep bnci, dan akn trs mnyudutkan yg dibenci,, tulah gol org² yg tk tau diuntung, pdhl merekapun menikmati hsil krjanya yg mereka benci..😅😅",0,1,0
Bagus bang andy terus spil.bktikan ...untuk para pembenci ....semangat bang Andy 👍👍👍👍🇮🇩,0,1,0
"Ya jalan broo

Duitnya dari APBN 

Rakyat harus patungan 😂",0,1,0
Emang sepi gitu lho..,0,1,0
Yg bilang koar2 Ikn mangkrak itu pasti anak buahe abah lan riziq yg di sebut2 pasukan nasi bungkus / gerombolan sakit hati🤣🤣🤣🤣🤣🤣mase,0,1,0
"kalian bangga akan IKN tapi kalian tidak tau penderitaan rakyat, minyak mahal, pupuk mahal, sembako mahal, rakyat miskin tambah banyak makan saja susah kalian utang demi bangunan",0,1,0
Cara tinggal disana gimana bang ?,0,1,0
"Mangkraklah, dulu udah diaebut ibu kota negara, PNS nya dipindahkan kesitu juga gak jalan2. Aduh, nanti maksa maksa dikucurkan apbn kesitu, bikin rempong ah mulyono.",0,1,0
"IKN,,, ga mangkrak,,, saya sdh 2x ,, ke IKN,,, 
jgn percaya org2 nyinyir,,, 👍👍🇮🇩🇮🇩",0,1,0
Mas cuma amin rais yg  jelekan 2 pak jakowi sampe sekarang  bilang nya mangkerak ikn  tolong  di gered atau di tarik  gulune  gawa maring  ikn  supaya  matane kon mendelik utowo melotot  mangkra apa ora,0,1,0
Yang mangkrak itu ocehan manusia  tukang nyocot.,0,1,0
Pancen akeh wong2 taek sing benci jokowi sampek saiki. Pancen taek temen wong2 kuwi senengane gawe hoax ae.,0,1,0
"MashaAllah 
Keren banget 👍👍👍",0,1,0
"videonya bagus cuma yappingnya agak ganggu, maap penonton baru",0,1,0
"Amin Rais. . , Rocky Gerung, refly harun, said Didu dimana kamu taruh matamu ? Atau jangan 2 matamu sudah buta ?",0,1,0
Semoga IKN menjadi kebanggaan Indonesia.,0,1,0
Thanks sdh bawa aku ke IKN,1,0,0
*_SEMOGA AMIN RAIS. ROKI GARONG. FAISOL ASEGAF. ORANG2 PEMBENCI P JOKOWI SISAKIT HATI BIAR TAU_*,0,1,0
"Anak abah meradang kejang kl liat konten kek gini, absen..",0,1,0
Prutttt,0,1,0
"Tangsel hadir sy org balikpapan asli diam di bdg udh 45 th, mdhn IKN selesai secptny amiin",0,1,0
"Dulu si joko bilang bakal ini dan itu untuk ikn...eh ternyata NGIBUL😂😂😂
AKHIRNYA di Kalimantan ada CANDI😅😅😅",0,1,0
Coba untuk orang orang tidak percaya tentang IkN cek sendiri,0,1,0
"Gk usah bnyak bacot, klu emang sesuai yg di video kenapa belum pindah ke sana semua ASN dan pemerintahan malah Prabowo bilang paling cepet pindah ke sana bulan agustus 2028, Sedangkan mulyono bilang july 2024 udah bisa pindah ke sana, ada yg bisa jawab atau pada mau kabur semua??? 🤣🤣",0,1,0
"kata orang2 sih begituh ktnya mangkrak , menurutku yg dri awal saya melihatnya ya biasa2 saja yg bilang mangkrak itu krna pembenci , 
klo seumpapanya mangkrak merdeka saja kalimatan sya mau pindah kesana sudah ada ibu kotanya 😂😂 , kalo negara sudah tidak bisa lagi mendanai , dengan sumber daya yg tinggi dan tanah makmur , kelapa sawit yg luas sumber daya manusia tinggi pasti bisa jadi negara yg maju ,",0,1,0
"Menurut Saya sih IKN gak mangkrak. 
Pemerintah Pak Prabowo kan baru 100 hari.  Sebelum jadi Presiden beliau mengatakan akan melanjutkan pembangunan IKN.
Minimal setahun atau dua taun atau Mpat tahun. Jangka Pendek menengah dan panjang.
Inikan gak semudah membalikkan telapak tangan mu butuh proses untuk sempurna",0,1,0
"Yakin mangkrak, aguan lg pusing mikirin proyek pagar lautnya yg di demo warga.",0,1,0
Keren banget dah gak sabar mau pindah kesana,0,1,0
Mantap ini baru....memang keren,0,1,0
jaraknya pusat pemerintahan apakah tidak terlalu dekat tuh klo misalnya di kirimin bom nuklir apakah nanti tidak langsung lumpuh pusat pemerintahan Indonesia dan jalan jalan di IKN kurang lebar untuk sebuah ibukota dan pusat pemerintahan Indonesia 😅😂😂,0,1,0
"Satu melem, n max satuuu😂",0,1,0
"Pengen keikn,SMG tahun ini terwujud.",0,1,0
"YG. NGOMONG. IKN. MANGKRAK. KAYA KATAK DLM. TEMPURUNG ,,,,,IKN. KEREN. BRO, ,,,,,,MONGGO KE IKN,,,,,",0,1,0
Kalo ada agresi militer hotel ini bisa jadi sasaran 😂,0,1,0
Terimakasih orang baik🙏semoga sehat selalu dan selalu jadi orang baik,0,1,0
"IKN yo adoh seko laut rek, nek katene nyang laut yo tekanono pantai manggar, Balikpapan, 😂, mreneo dulen nyang Tenggarong Kota Raja, duleno nyang Museum Mulawarman",0,1,0
Saya dulu sekitar th 1988 sering nyebrang naik kapal ferry ke penajam ada rumah makan sambal goreng hati uenak banget..masih ada gak ya? Skrg saya tinggal do bogor.,0,1,0
"ITU ISTANA DOANG!!!
MINDAHIN ISTANA DOANG KALI YE?",0,1,0
"Calon ibu kota baru kok sampai mangkrak, bikin malu semua orang",0,1,0
"Konten positif,melihat perkembangan pembangunan negri ini.pengetahuan bagi wong cilik.",0,1,0
YANG BIKIN HOAX IKN MANGKRAK elo B4NC1,0,1,0
Anak abah menangis melihat ini 😂😂😂,0,1,0
Gedung semegah itu mangkrak ya mustahil lah. Diketawain rakyat kalau mangkrak. 😅,0,1,0
2:58 ngakak😂😂😂😂😂😂,0,1,0
Pembencinya di dor saja,0,1,0
"Jngn heran ya ko andy dgn logat” ngmongnya org kalimatan ,rata” begitu ad yg R nya betagar rata” orang banjar 😅",0,1,0
"SEBELLL  BANGETTT Liat Berita HOAX, Mana yg BENAR Mana Yg HOAX Gak Ada PERTANGGUNGJAWABANNYA, Enakan Baca Koran...GAK BENER BREDELLL...Bikin Pusing Otak Ajaaa !!!",0,1,0
"keren mas andy, walaupun bahasanya masih medok jawatimuran. sehat slalu.......",0,1,0
"keren habis,semoga mantep",0,1,0
Rek coba tuku lpg 3kg onok ga nang kono?,0,1,0
Yg komen itu kan mony*t bang bukan manusia 😂,0,1,0
"Di luar negeri ada menara Eiffel, ada twins tower, ada Burj khalifah, pembangunan infrastruktur yang luar biasa... Jika di Indonesia ada IKN maka sudah sewajarnya Indonesia punya kebanggaan karena pembangunan infrastruktur murni tenaga kerja dari Indonesia... Walaupun sudah menelan anggaran yang banyak tetapi Indonesia semakin disegani oleh dunia... Yang menghancurkan ekonomi Indonesia bukan karena pembangunan infrastruktur IKN tetapi ulah koruptor dan pejabat yang tidak mampu berbuat adil terhadap rakyat sendiri... Dana IKN yang sudah terpakai kurang lebih 89 triliun... Masih 1/3 dana korupsi timah sebesar kurang lebih 300 triliun... Itu baru satu kasus... Jika semua kasus korupsi mampu diungkap dan disita oleh negara... Mau membangun 5 IKN pun Indonesia mampu... Boleh dikata korupsi di Indonesia sudah menjadi tradisi pejabat dan pengusaha sudah menjadi penyakit akut menahun turun temurun...",0,1,0
"Orang orang yg sakit hati saja, yng selalu mengatakan pembangunan yg diklola Negara slalu diberitakan tidak baik. Manggiring alibi masyarakat di adu..",0,1,0
"kiro2 isok daftar dodol sego pecel ng IkN ta? sing eruh carane ,spill en rek",0,1,0
Rusun pns ngeri juga tapi ya kalo para pns di jadikan satu tempat tinggal...klo seumpma ada bencana entah alam atau bencana bikinan ya habis satu rusuh giman dong urusan negara bisa kocar kacir...smoga aman jaya lah,0,1,0
Semoga kita bisa ambil hikmah dari kejadian-kejadian sekitar kita. Semoga pembangunan Indonesia dan IKN terus maju. Hambatan tantangan gangguan selalu ada di proyek manapun. Tetap semangat !,0,1,0
guwendeng keren cok,0,1,0
Harus di tangkap pelaku2nya kalo memang tidak ada study kelayakan yg maksimum kalo sampai mangkrak karena pemborosan anggaran yg boleh hutang pula,0,1,0
"Mantab IKN Nusantara.
Yang bilang mangkrak..yang IKN nggak ada air itu karena ada rasa iri dengki ,makanya selalu julit teruss...pastilah orang orang seperti itu hanya menjadi Manusia Pecundang saja !
IKN Nusantara hebat...IKN Nusantara menjadi kebanggaan Bangsa lndonesia 🇮🇩🇮🇩🇮🇩🇮🇩🇮🇩♥️♥️👍👍",0,1,0
Mbah Amien kok gak diajak ke IKN mas😂,0,1,0
Ngeriii,0,1,0
heleh taik.,0,1,0
Ikn is the best❤,0,1,0
Mantaap..ini baru bener..berkat pak jokowi..Ikn makin maju dan lanjut trs,0,1,0
"PIK 2...   jgn lupa..  .  Awas...
Pinter2 bgt ripu2 nya",0,1,0
"Di indonesia itu politiknya tidak sehat dan ga beda jauh kaya suporter bola sebagus2 nya pemimpin itu membangun ga bakal kelihatan krna mereka merasa sebagai musuh
Dan sedikit kejelakan akan terasa seperti pemimpin paling jahat paling2 melebihi dajal 
Ya moga aja masyarakat yg fanatik2 bisa nerima kekalahan yg didukung dan menerima kemenangan lawan",0,1,0
"Ternak mulyono... hahaaa
Hati2...
Ingat  jgn kejadian gorong2 lagi",0,1,0
"Saya sdh kesana dan menikmati indah dan megahnya IKN.
Minum kopi di exelco dan mampir makan ke hotel swissotel.
IKN mantap.
Thanks pak Jokowi...salam nkri makin maju",1,0,0
"Ngarai pengen..... Jangan di aplut. 
Ternak sebelah ben kaget. Nnti kl sudah jadi saja.",0,1,0
"Aku kerja di ikn bng, aku di ASN 2 dekat dengan istana negara, yg bilang ikn mangkrak hanya orang2 yg ingin memecah belah bangsa🙏",0,1,0
"Saran sya sih harus ada 7eleven
Di IKN
Kaya di Thailand Vietnam",0,1,0
Sembarangan singapura....,0,1,0
Cantik yah mau lah pindah sana,0,1,0
Mampir mas ke rumah ku,0,1,0
"Tarnak kadal auto micek(pura² buta), semoga buta beneran",0,1,0
Semoga proyek lanjut,0,1,0
Pemerintah harus tau rakyat kecil rakyat biasa jangan di persulit dan gratiskan kasih makan itu baru mem muliyakan rakyat,0,1,0
"Yg bilang ikn mangkrak itu cucunya si amin rasis cs. 
Pingin diundang melihat ikn ga kesampaian.",0,1,0
"YANG MANGKRAK ITU HIDUPNYA AMIN RAIS, ROKI GERUNG IKRAR SAID DIDU ABRAHAM SAMAD INI ORANG2 YANG HIDUPNYA MANGKRAK",0,1,0
Jangkrik 35jt suwengi tok. Wess ampuun deh,0,1,0
Sik ta lah ko.. aq nontok POV ne smpy ama mbak iku loh.. panfangan matane lek jauh gitu ko. Tuinggi banget smpy kooooo,0,1,0
Yg nginep disitu dengan harga 35jt hanya semalam kalau orang pemerintahan langsuh di pecat mending kasih rakyat yg ga mampu masih banyak orang2 kita kususnya saya mau makan mau beli beras aja sangat susah,0,1,0
Masyaallah....keren banget luar biasa🎉🎉,0,1,0
Apik ternyata. Kapan rek iso dolan mrono,0,1,0
Mungkin bgs lagi klau ad tanam buah khas nusantara jdinya lbh berguna jga untk anak cucu biar tau buah bauhan khas nusantara ad apa aja,0,1,0
"Yg bilang mangkrak itu kon ngespos, hanya dengki yg berkepanjangan gara gara jagonya kalah",0,1,0
Mantap infone lek✌️,0,1,0
"Dibayar berapa bang 😂
Sampai kepala pemerintahan ataupun jajarannya pun belum ada yg menetap disana",0,1,0
"35 juta semalam. 😂😂😂
Klu saya butuh kerja 10 tahun utk nginap 1 mlm  Co.... 🤣🤣🤣",0,1,0
🫰🫰🫰,0,1,0
"YA Alloh bagus bangeeet, semoga pak jokowi sabar, menerima hinaan dari segelintir  orang2  yg tidak suka dari sabang sampai merauke, terus semangat pak jokowi🙏🙏🙏",0,1,0
"Yang bilang mangkrak mungkin otaknya lagi selek,atw kebanyakan terhasut mulutnya rocky gorong2 si penghambat pembangunan,rocky gorong2 manusia yg jadi beban negara,suruh minggat dari indonesia rocky gorong2,pak jokowi memang president terbaik indonesia kerja nyata,hasilnya nyata,buktinya ada dan di rasakan manfaatnya oleh jutaan rakyat indonesia,sedangkan rocky gorong2 mulutnya bau comberan tidak punya prestasi apa2 jadi gelandangan politik",0,1,0
"Akeh wong indonesia iku yo ngunu iku...gampang percoyo karo "" Jarene "" timbang eruh dewe, titik2 nyalahno pemerintah, titik2 korupsi, padahal lek kerjo yo bolosan, ngaku sakit padahal yo aras2 en kerjo opo liburan...la iku lak podo ae korupsi 😂😂",0,1,0
Seketika para pembacot pada bobok,0,1,0
"Mantap bro , yg bilang mangkrak masih  iri dan dengki  .. Ini IKN semakin keren,dan sejuk.. Disana tempat nya tanah idaman Nusantara., bagi yg telah melihat bumi di IKN pasti bilang nya keren apalagi klw sudah selesai secara keseluruhan wow top markotop",1,0,0
Omon omon,0,1,0
Yg bilang IKN mangkrak adalah orang yg tdk mau liat indonesia maju,0,1,0
IKN mantap.Lanjutkan terus.👍👍👍,0,1,0
"Penghuni IKN adalah umumnya para jin ifrit, bukanmanusia. Whahahaha!!!",0,1,0
"Kecoak² Pembangunan masih banyak, tapi jangan pesimis ....

Sebentar lagi mereka akan tergusur Gerakan Perlawanan Rakyat !!!",0,1,0
Semoga cepat di pundah kan biar beroprasi sdh 2 x mndur,0,1,0
AKU SUKA YG INI MENYAMPEKAN KEBENARAN TERUSKAN MAS ANDI SUROBOYO  MAKASIH,0,1,0
"Yg jadi pertanyaan nya adalah, apa yg harus di banggakan dari ikn bro ? Kenapa negara bisa bisanya habiskan duit demi ikn? Sedangkan rakyat 80 persen masih hidup susah bro,,,pejabat sekarang pintar apa goblok sih😢",0,1,0
"Orang2 yg bilang IKN mangkrak, hanyalah orang2 yg tidak mau indonesia lebih maju😂😂😂",0,1,0
Aura mistis,0,1,0
"Semua butuh proses 
Rapi aman lancar dan kecerdasan, juga ketrampilan",0,1,0
"Nyacat
Bukti kurang punya jiwa nasionalis dan patriotis",0,1,0
Wong sirik tok sing bilang IKN mangkrak😂😂 padune ra iso mlaku² nek IKN 😂😂😂,0,1,0
Membangun kota sehebat IKN perlu waktu bertahun-tahun. Saya 100% yakin IKN akan terwujud sesuai jadwal.,0,1,0
😂😂Rakyat yang mageran itu cuma mau semua itu Instant dan nga mau tau proses.. makanya buat narasi2 gak berguna.. kalau IKN sudah selesai di bangun juga akan jadi destinasi mereka para pembenci😂😂..,0,1,0
Kok ngga ada orang dayaknya . Sepi banget,0,1,0
Mana sengkuni amein rais yg bilang ikn mangkrak di culek matanya biar buta biar ga melihat kehidupan yg nyata,0,1,0
"Pak andy suger bahwa vidio ini yang anda perlihatkan itu bangunan tahap pertama untuk IKN kaltim yang masih jauh dari sempurna brooo baik gedungnya, jalan rayanya, rumah mentrinya dan coba perlihatkan vidio area dari KODAM dan kesatuan prajurit, pasar, lokasi pedagang kaki lima, Ini ngomongnya ngawur tentang IKN. Pulau jawa dan pulau lainnya iri jika itu dilanjutkan menurut saya karena daerah lain juga punya lokasi seperti di kaltim.",0,1,0
"IKN JOOS
PUNYA KITA
KEBANGGAAN KITA
BANGGA INDONESIA JAYA",0,1,0
Saya sudah dua kali ke IKN pembangunan tetap tetap berjalan 👍👍👍👍,0,1,0
😂😂😂 IKN ibarat api sisa asapnya saja,0,1,0
Ga gini ga rame sakarepmu lah 😂,0,1,0
Manteb mas Andy👍🏻👍🏻👍🏻,0,1,0
Hanya waktu yg akan menjawab mangkrak apa.ngga nya,0,1,0
"Mantap rek, reportnya semangat juang '45!",0,1,0
Kawan sekampungku kerja di IKN bangun Bank Indonesia..hingga saat ini masih kerja ..yg bilang IKN mangkrak..Yuk ajak aku kesana tapi ongkosin yaa...nanti disana kita jzal durian..,0,1,0
Semoga seluruh pejabat dan asn secepat nya pindah ke IKN.,0,1,0
Coba shot atribut2 jalan2 jembatannya,0,1,0
Dialeknya kental Jawa Timur aku suka 😂😂😂,0,1,0
Alhamdulillah 👍💪,0,1,0
"lah morat marit semua gt, keliatan ga jalan wkwkwkwkw...ga ada indah indahnya keliatan ga di rawat sebentar lagi mangkrak",0,1,0
Top bang 👍🙏🙏🙏,1,0,0
LAPARRR... rakyat laparrr.. kalian dzolim kesejahteraan kami kalian kesampingkan,0,1,0
Ndase sopo mas,0,1,0
"borgol habisi org2 yg fitnah pemerintahan yg sah, ngritik gk pakai otak sok pinter , pengamat politik brengsek",0,1,0
Mangkrak pasti jadi sarang hantu😂😂😂😂,0,1,0
"Yang ngomong IKN mangkrak,rocky &amin itulah org iri/dengki,mabuk kecubung...😂😂😂",0,1,0
Memang mangkrak kok..apa untung nya buat rakyat,0,1,0
HOKI777 SELALU KASIH CUAN,0,1,0
Itukan katanya akun sebelah yg paling jago kalo buat Narasi soal project IKN yg mangkrak.,0,1,0
Oh ini yg bikin ppn naik tapi minim lapangan kerja 😢,0,1,0
Kalau sepi ya,0,1,0
"seng ngomong IKN mangkrak kebangeten utek.e seklek jalok di gedukno tembok di culek matane ben melek ombo 
isok isone komen ngono 
kudu di idone camkengme wong wongan seng komen ngono iku",0,1,0
Jakarta ibu kota Indonesia,0,1,0
Yg bilang ikn mangkrak  matanya buta,0,1,0
"Barisan sakit hati mah bilangnya mangkrak lah gak di urus lah bangkrut lah.. 
Hahahahahaha semoga barisan sakit hati pada stroke liat vidio ini

😂😂😂😂😂😂😂😂😂😂",0,1,0
sudah adakah warga yang tinggal disitu?,0,1,0
"pak jokowi bnr2 luar biasa ...bliau yg memulai membangun 
tapi bliau tdk mau di kasih rumah pensiun di ikn 😢😢😢 bliau hanya ingin membangun bangsa tanpa meminta bagian tersebut itu sangat luar biasa .",0,1,0
Semua butuh protes boss jangan proses mulu😂,0,1,0
Yang komen mangkrak IKN adalah manusia picik alias munafik yg tidak ingin Indonesia maju pinginnya jadi jongos bro😊,0,1,0
Yang penting kedepan dan seterusnya jangan pilih pemimpin dari kaum kadrun boolawi pengungsi Rohingya eh Yaman Indonesia pasti lambat maju pakta di jakarta kaum kadrun boolawi pengungsi Rohingya eh Yaman mereka tidak suka infrastruktur Indonesia maju seperti jalan tol kereta cepat apalagi ikn,0,1,0
"Hanya org bodoh yg percaya propaganda pki.
Jayalah nkri ku, ikn semakin maju",0,1,0
Sekarang artinya MANGKRAK itu...!! Ganti Nyong.. ?? Jadi LANCAR...Tuh? Buktinya yg di omongin berdua di Atas...!! Klo minat....silahkan ke SONO...😅😅,0,1,0
Ini ko g ada rncn buat transportasi umum kya kreta bgitu?😢,0,1,0
MANTAP BROOO SEMANGAT,0,1,0
Nunggu mangkrak cakkkkk,0,1,0
"Klw bukn mangkrak berarti kurang dana/cari inves asing dong ya, bukan y istilah y sama ja ya 🤔, sya dengar2 jga dana untk maintenance/perbaikan IKN itu butuh dana yg besar jga tidk sedikit dana y dan dana untk perbaikn/maintenance IKN tersebut dana y dri APBN kah/tetap optimis ja klw sudh seprti ini.🤔🙏",0,1,0
Ikn biatkan mangkrak kembalikan fungsi hutan buat ular phyton dan burung,0,1,0
Ayo ayo semangt. Bang.  Biar tau orang2. Yang pembenci bapk Joko wi. Lurt,0,1,0
Saya tinggal di balikpapan hampir seminggu sekali kesana😂. Yg bilang mangkrak suruh ke ikn lihat langsung,0,1,0
Mntap ko Andi keren 😅,0,1,0
"yg bilang dan mendoakan mangkrak itukan masyarakat 16%  dimaklumi saja bang, biar hari2 mereka sakit ati haaa",0,1,0
"Mantap bang, makin meriang tu yg bilang nanggkrak 😅😅",0,1,0
bang kalau jd bazer ada saratnya gak,0,1,0
Andai kata saya punya uang Amin Rais saya ajak ber keliling jalan jalan mengitari IKN yang katanya pembangunan nya mangkrak. Biar matanya tahu sendiri keadaan disana.,0,1,0
"Suruh Belajar Ngomong Huruf "" R "" Bg Security nya. 😂",0,1,0
"ikn milik semua,sdh seharusnya kita bangga dgn bangsa kita aapalagi ini ikn,mau maju utk masa depan yg lebih baiik,walau saat ini kita masih jalan tertatih tatih,",0,1,0
Semoga Negara Indonesia ku semakin Maju/Modern dan Rakyat makmur semuanya,0,1,0
"Yg mangkrak itu roky gerung,,tak laku mangkrak sampai lapuk...
IKN jos👍",0,1,0
"Mantap bang, thanks update terkininya",1,0,0
sprti di LA,0,1,0
Yg benci pak jokowi / pemerintah akan senang jika ikn mangkrak bahkan terbengkalai. Tapi bagi yg tdk benci pak jokowi juga pemerintah skarang khususnya pk prabowo' pasti akan mendoakan agar ikn bisa trus jalan hingga finis.,0,1,0
Wah...orang Dayak pada nginep di hotel b2😂😂😂eeeb5 maksudnya,0,1,0
siang aja sepi palagi malem,0,1,0
Mantap jiwa cak andy,0,1,0
Kok cipit semua....😂😂😂,0,1,0
Lu jilatin tuh ikn😂😂😂😂😂,0,1,0
hehehehehehehehe.....lucu,0,1,0
mantap cuk... sudah sampe IKN.. semoga pembanginannya tetep lancar dan selesai sesuai target... sukses terus kanggo sampeyan masee,0,1,0
Keren bg....,0,1,0
Exselso nusantara isine wong Chino 😂,0,1,0
"Konten yg obyektif kayak ginian yg gua suka apa adanya gak ngurangin ga Ng lebihin mantap mas,,, salam dr Sarawak Malaysia timur 🤲💯🇮🇩🦅👍",0,1,0
Kalau sdh benci walaupun keberhasilan dan kebaikan p.jokowi untuk ikn tetap aja benci seperti abu Jahal dan abu lahab tetap benci sama nabi Muhammad walaupun nabi baik dan gak balas di pembenci .jadi pembenci pembenci Jokowi itu seperti abu Jahal dan abu lahab,0,1,0
Terimakasih ko Andy akhirnya saya sebagai warga Indonesia senang liat IKN ini♥️♥️🥰,0,1,0
Hoax,0,1,0
Yang bilang mangkrak itu orang yang gak mau indonesia menjadi maju,0,1,0
"Bukan mangkrak, tapi APBN kita gak mampu untuk membiayai pembangunan IKN ini. Pernyataan tersebut keluar Dari mulut pak prabowo sendiri. Untuk investor asing juga itu hanya khayalan mulyono. Karena sudah di buka sendiri pernyataan nya oleh anguan, karena menjaga martabat dan muka president waktu itu. Itu semua nyata yaa bukan dongeng.",0,1,0
"Seng coment ikn sepi magkrak itu orang iriiii boss GK ada cerita.x ikn mangkrakkkk....!!!!! Seng ngomong mangkrakkk pongorrrrrr ndasss e,bogem cangkeme😂😂",0,1,0
"Yg punya yotub muka cina ya
Pantas...??😂😂",0,1,0
"Wehhhhh 1000%aq gelem tinggal neng ikn keren bngt mas,,terus mas Wei ngerti para pembenci pemerintah ilove ikn ❤❤❤",0,1,0
Luar biasa IKN  meski  aku  tidak bisa ke IKN tapi aku sangat bangga dengan perkembangan IKN . Tuhan memberkati IKN  kelak akan menjadi Ibu kota termegah di dunia ❤❤,0,1,0
Mahallllll,0,1,0
saking bnyknya poto ikn di fb bilang mangkarak.sekalinya cek vt2 nya yg lain ko berjengkot ada poto aniies😡,0,1,0
Barisan sakit hati MATANE PICEK ....😂😂😂😂,0,1,0
Semoga pembangunannya terus berjalan dan selesai sesuai target pemerintah. Aamiin,0,1,0
"itung "" sambil pamer Mobil ya brow",0,1,0
Jangan didenger bang di indonesia ini masih banyak tokoh ilmuwan yg. Dengki. Jadi dongo,0,1,0
"HNYA YG TDK SUKA PK JOKOWI YG KOAR""KTANYA IKN MANGKRAK BNYK ILALANG D HUNI HANTU
WONG NEGORONE DEWE D CACAT D ELEK""PDHL NEGARA LAIN PODO BANGGA KRO IKN DAN NEGARA KITA TP WARGA SNDRI MALAH JELEK""IN",0,1,0
"TOLONG YAH,,YANG KEMARIN PILIH ANIS DILARANG BICARA SELAMA 10 TAHUN KEDEPAN,,KARENA INI PROGRAM PRESIDEN YANG MENANG,,BUKAN YANG KALAH MASUK GOT KEK ANIS😂😂😂",0,1,0
Saya sih percaya sama Mase aja yg gak percaya kan orang2 yg sakit hati yg suka fitnah2 itu.makanya orang sakit hati bisa sakit jiwa😂😂 😂😂😂😂😂😂😂😂😂,0,1,0
"Bang megang HP nya jgn terlalu kasar, pusing nonton nya😅😅😅😅",0,1,0
Biasa aja dong mas ngomong nya😂 kaya orang blm makan😂,0,1,0
Ikn itu harus tampil beda,0,1,0
Logat jowone mueedok ....,0,1,0
Coba di rasain rasa  airnya mas indra❌❌❌❌❌❌❌,0,1,0
Weleh ketinggalan mas info dak jelas IKN jangan di ikuti orang benci tu tetap dak setuju apapun itu IKN🙏,0,1,0
Wah keren Indonesia🇮🇩 negara yg besar sudah waktu ibu kota atu  bangun gedung 2 yg bagus di luar Jawa  karena udah padat jugak udah  sering Banjar di Jawa,0,1,0
"Andi Sugar dan Ternak Mulyono jangan keseringan makan Kecap Manis yaaa😂😂
Saya juga berdomisili di Balikpapan sejak Tahun 1967 hingga sekarang dari Suku Asli Kalimantan etnik Banjar (Kalimantan Selatan) dan tidak semua orang Asli Kalimantan setuju dengan adanya IKN. 
Mungkin Andi Sugar ini datang sebelum/sesudah Perayaan HUT Kemerdekaan Indonesia di IKN karena Pembangunan IKN tsb sempat dikebut sebelum HUT Kemerdekaan termasuk ASN harus ada yang sdh berkantor di IKN realitanya mundur lagi dan mundur terus hingga 4 Februari 2024 hari ini pemindahan ASN ke IKN mundur lagi, coba Andi Sugar ke IKN di 4 Februari 2024 lalu bandingkan progress Pembangunan IKN ketika HUT Kemerdekaan VS saat ini (4 Februari 2024) tentu tidak ada bedanya. 
Yang perlu diketahui bahwa arti Mangrak bukan berarti Pembangunan IKN berhenti total tetapi dihentikan sementara sembari menunggu APBN Indonesia normal, apakah sekarang APBN Indonesia normal??? APBN lagi sekarat perlu diinpus dengan MENAIKKAN PAJAK Ujung²nya Rakyat juga yang MENDERITA yang begitu apa mau dipaksakan IKN dibangun??? Yang ada HENTIKAN SEMENTARA dan APBN dapat digunakan untuk kepentingan lainnya yang lebih prioritas karena IKN itu adalah Proyek Ambisius Keinginan dan Kebutuhan Mulyono dan rakyat 58℅ bukan seluruh Rakyat Indonesia yang lebih mengutamakan Pendidikan & kemakmuran dan Keadilan dan apa yang pernah disampaikan Rocky Gerung menjadi Kenyataan bahwa Pembangunan IKN akan mangkrak ditengah jalan, belum sampai ditengah jalan saja sudah terjadi, jadi Pembangunan IKN itu tidak boleh dibatalkan karena sudah terikat oleh UU tentang Pemindahan Ibukota yang pembangunannya sudah berjalan singkatnya pahami dulu Kata MANGKRAK jangan ditelan mentah²oleh Ternak² Mulyono🤣🤣 Pemagaran Laut saja belum clear biang keroknya saja masih berkeliaran dijalan🤣🤣🤣
Coba tonton link Pengakuan Aguan dalam podcast dibawah ini biar paham, dan dia ingin menjaga Mukanya Mulyono yang culun itu, Mobil ESEMKA apa kabarnya??? Yang ada juga Ghaib😂

https://youtu.be/DAHkUZ6pyMw?si=Xj4KaxS3qePdspVI

https://youtu.be/DAHkUZ6pyMw?si=Xj4KaxS3qePdspVI

https://youtu.be/DAHkUZ6pyMw?si=Xj4KaxS3qePdspVI",0,1,0
Kereeen bgtttz IKN ya...pengen bgt kesana Lo aku...kapan ya ..tq PK Jokowi udah bangun ikn dengan begitu megah dan elegan bgt .kemudian dilanjutkan dengan presiden Prabowo dan mas Gibran...sukses...mantab..,0,1,0
Aku terhibur sekali dgn penjelasan mas andi ini ..palagi pake logat suroboyoan ..😊❤..mantap mas ..lanjuttt mas,0,1,0
Siapa mau tinggal tempat jiin buang anak,0,1,0
Perlunya legowo supaya ga dimanfaatin org .. dan dibodohin org 😂,0,1,0
"Hanya para penyinyir, pendendam,dan manusia gardus saja yang mengharapkan proyek IKN ini gagal, kasian orang-orang itu, 😂",0,1,0
"Siapin mental anda mas,siapa yg terang terangan satu komando dengan pembangunan indonesia banyak cecurut cecurut yg ndak suka 😅😅",0,1,0
Keren ko andi.. Makasih sudah ditunjukin perkembangan IKN terkini. Bismillah mudah2an suatu saat nanti diberikan kesempatan berkunjung ke sana 🤲🏻,0,1,0
"Fret, 😂😂😂",0,1,0
Mau tanya dong om..  fungsinya IKN buat apa ya...??!,0,1,0
"Disebut juga Om biaya perawatan IKN yang belum dihuni itu tiap bulan berapa, dan biaya buat melanjutkan darimana?",0,1,0
Yg bilang mangkrak.bukan saja matanya sudah buta.hatinya busuk krn kebutaannya. Hotel Saja sdh buka.artinya investasi sangat menjanjikan laba. Mustahil membangun kalau dihitung rugi,0,1,0
Bagi pembenci yo gk kliatan IKN wong mata ne d tutup oleh setan😂🤣🤪,0,1,0
Buzernya Mulyono inimah buat nutupi boroknya si Mulyono pinokio,0,1,0
"Mantap ko pidio IKN nya 
Josh pokokna ma tanpa kecap😃👌👍👍👍",0,1,0
"IKN penyebab sengsara rakyat jangka panjang...
Mewajibkan rakyat bayar pajak yang amat berat...",0,1,0
"Semua rakyat tau cuma beberapa gelintir aja dan itu"" juga orangnya yg benci pemerintahan karna ga jadi apa"" malah pecatan.jadilah barisan sakit hati",0,1,0
"Yg bilang apbn belom siap .. duit negara belom ada utk ikn ..please jangan bego kl nga d mulai bangun dr skrg kapan ?? Tunggu jkt tenggelam .. yg bener itu d berantas yg korupsi bkn pembangunan yg benar2 d butuhkan utk anak cucu kt yg di hambat , msh ngoceh2 tdk setuju dan menghujat di ingat kan saja ya anak cucu kau jgn ke ikn , ke depan nya jgn kerja cari penghidupan di ikn ya 😅",0,1,0
"Itu, tuh jurakan nyinyir Indinesia profesor Amin rais yg nyinyor terus IKN mangkrak, kota hantu, kota nangkrak meleklah matamu, stop nyinyiranmu, biar kamu tidak dihina orang banyak, dan sudahilah iri denki hatimu, sadarlah biar anakcucumu menhormatikamu,krmbalilah kejalan yg benar.",0,1,0
"Jika iKN tujuan nya untuk kebaikan rakyat + negara Indonesia, maka insyaAllah Semesta akan mendukung.",0,1,0
IKN keren woii ❤,0,1,0
Kmungkinannya kecil sih mangkrak. Krn udh terlanjur dibangun. Swasta nasioanl jg udh ada yg bngun bisnis dsana. Cuma emang dananya gak segede yg dibayngkan jadi lebih lambat dari yg direncanakan. Maknya pemindahan asn aja mundur terus dari jadwal.,0,1,0
Sudah ga sabar niih indonesia punya ibu kota baru...KEREEEENNN ABIIZZZZ,0,1,0
"joooossss,,,,mas,,,,apik tenan kui,,,,kepingin aku,,,,masass,,,",0,1,0
Andy penjilat ulung Jokodok,0,1,0
tetap semangat positif saja bang... Gimana mau maju dah...,0,1,0
"Untuk semantara waktu IKN di jadikan tujuan wisata aja,sambil nunggu inprastruktur sudah lengkap",0,1,0
Ndk usah pencitraan bang malah malu nanti esok hari😅😅😅,0,1,0
Yang bilang IKN mangkrak cangkeme bosok,0,1,0
"Security nya orang banjar mantap , sidin grogi ja antara cm dan meter kalo wal😊",0,1,0
Tetap ganteng tetap keren rambut nya,0,1,0
MAAAANNTAAAPPPP IKNN.SUKSES TEERUUUSS IKN.JANGAAN BIARKAN ORAANG2 JAAHAATT2 TERUUS2AAN NYIINYIIIRRR .BUNGKAM SUMPEL MULUUTT2 NYINYIIRR.LAANJUUUTTKAAN TERUUUSS IKN.SUKSES IKN. . .KEEREEEEENN ABIIS IKN.,0,1,0
Alhamdulillah 🙏 keren banget 👍👍👍 Makasih bpk Jokowi dan lanjut bpk Prabowo penuh semangat bpk Presidenku 👍👍👍💪💪💪💪💪,0,1,0
Gini ini yg bikin anak abah jd ODGJ masal......,0,1,0
"Itu Bangunan BI isine opo, jangan jangan cuma berkas daftar utang, dan orang orang yg menghitung utang dan bunganya yg harus dibayar, sementara tdk tdk tau uangnya darimana, karena kenaikan pajak ditolak 😂😂😂",0,1,0
Bagus bangett cocok buat Movie Land Ent. cocok buat shoting2 para Pelaku bisnis film drama2 indo gtoh ..Mantrappp,0,1,0
buset suara goib nya ga ilang ilang,0,1,0
KATA BANTENG DAN ANAK WABAH MANGKRAK KAYA HAMBALANG JILID2,0,1,0
"y bilang IKN mangkrak,tolollnya k bangetan pdhal hampir tiap hari/malm y upload prkmbngn IKN",0,1,0
si gerung hrs liat ini,0,1,0
Manfaat nya apa.. bagi 80 % masarakat  Konoha.. yg beli beras aja susah..😅,0,1,0
"Kena mental GK tuh yg nyinyirin IKN,,Faktany IKN SDH terbangun indah❤❤❤❤😅😅😅😅",0,1,0
EIOO...TOO...LORO   TOO... EUASSS  TOOO...  (  RAKYAT  KALIMATAN   tauu  awal   IKN   HANYAA   PENCITERAN  REZIM  JOKOWI  )   SOROBOYO  mana  tau... tooo.... APBN  KN   PAKE  DUIT  RAKYAT...???  TOOO... KEDEPAN    RAKYAT  BAYAR   UTANGG..  JOKOWI   WENNAKKK  TIDURRRR  DI  SOLO,0,1,0
Kata Mbah Amin rais mangkrak krak😂,0,1,0
"Gw udah rasain, feel dilayar hp jauh beda dengan lihat langsung.. Keren banget.",0,1,0
Yg bilang mangkrak biarin aja senyumin aja yg penting faktanya 😅 lihat lah  mas Andy sudah membuktikan sendiri Oke 👍👍❤️❤️,0,1,0
Pak satpam nya mantap 😂,0,1,0
Pora demit isine kono kui,0,1,0
Jng di paksa ain ntar makan gratisnya bubar 😅,0,1,0
"Dana 80% di kurangi , jadi kapan jadinya ?",0,1,0
Di paksain rakyat menderita,0,1,0
"Logika gw simple, gak usah bermimpi jadi negara maju, klo buat IBUKOTA aja gak becus alias mangkrak.",0,1,0
"Info gas melon slor, diancuk",0,1,0
"Yang mengatakan proyek IKN itu mangkrak 1.orang2 israwel yang munapik 2. orang 2 yang sakit hati karena tidak dipercaya di pemerintahan ,tidak laku 3.orang yang punya mata tapi buta,yang punya hati tapi iri dan dengki,jadi",0,1,0
Wuihhh kerennn juga IKN skrg lengkap hotelnya mewah,0,1,0
Yg bilang mangkrak kan pdip yg cuma bikin gaduh,0,1,0
"Renc pindah ASN ke IKN aja di stop dulu, ini kan sinyal proyek sdg lampu merah ! Kalo cuma lihat satu dua bangunan dikerjakan yo engga lengkap. Periksa scr komprehensip dong. Mana RS, tempat hiburan, bengkel, sekolahan, servis AC, jualan sembako, kantor tni polri, kantor PLN,  ruko ruko, jajanan pujasera, dll mana ga terlihat sbg tanda tanda sebuah ibukota negara. Bahkan ged DPR MPR DPD aja masih blm slsai....😮😮😅😅
Kau ternak mulyono yg agak lupa minum obat",0,1,0
bacotmu cak dagelan :D,1,0,0
"mantab...keren poolll
👍👍👍",0,1,0
Yang nyinyir bilang mangkrak mungkin di pengaruhi oleh faktor psikologis atau segelintir orang yang ambisius kedudukan kalah bersaing sehingga menggiring opini negatif bertujuan menghambat pembangunan untuk menjadi pahlawan kesiangan,0,1,0
"Saya ingat dahulu ada seseorang anak muda lagi wawancara di tv, bahkan bpk Indra Syafri, Dedy combuser dll yg dah pernah podcast. Dia mengatakan kalau Indonesia mau maju nama indonesia harus diganti dengan nama Nusantara. Mungkin ini takdir sdh harus ke balik nama nusantara",0,1,0
"Yang mangkrak itu adalah otak para Gerombolan kadrun,yg selalu komenya bikin Gaduh negeri ini,tp bila mereka ini tdk ada maka tdk ramai NKRI,sayang ya kelompok mereka ini bnyak yg bergelar tp bukan membangun negeri nya malah sebaliknya ngajak masyarakat lg",0,1,0
"Apa kabar paru2 dunia, hutan diganti bangunan, eh bangunan nya malah blm bisa dipakai sampai skrg.",0,1,0
Barisan sakit hati smpe kiamat gakan trima..tandain aja orang penghianat bangsa,0,1,0
yg bilang mangkrak orang yg gak waras aja 😂,0,1,0
Sepi sekali hotelnya,0,1,0
hadirr,0,1,0
"pembangunan suatu daerah/ibukota memang memerlukan pengorbanan, baik itu waktu, tenaga dan biaya, dan itu tidak bisa dipungkiri, salam sehat buat abang @andySugar, ojo lali bang, mubeng2 maneh nang kalimantan.",0,1,0
"GROMBOLAN PEMBENCI,  SEMUA  PICEK MATA & HATINYA. BAHKAN OTAKNYA KOPLAK.",0,1,0
"tanggal 4 januari 2024 saya kesana, 121 KM dari samarinda , wisata sehat jalan kaki keliling IKN sambil foto2, sekedar saran , klo mau masuk ke IKN bawa makanan dan minuman sendiri dari luar, karena harga di dalam 2x lipat dari di luar meskipun sama2 ind*mart",0,1,0
IKN itu HARGA DIRI BANGSA..👍👍👍💪,0,1,0
"Seharusny kau malu bang,,, semua yg kau tontonkan bintang 5 buat pejabat😢😢😢 untuk rakyat apa kabar pajak 12℅.",0,1,0
Boso.mu nak endi2 pancet ae medok.e suroboyo gak ditinggalno 😂😂 ndasmu..🤘✌,0,1,0
Dasaaar..... Grup penjilat. Andi penjilat cungkring,0,1,0
Murah mas 35 juta,0,1,0
Mantap nih the next utusan presiden bidang apa Kon?,0,1,0
Bener mobil  listrik,0,1,0
"Sumpah saya sangat sangat menunggu para jawara jawara kalimantan melindungi orang2 yg akan memajukan kalimantan, ayolah kirimi si setan gerung seauatu, KUYANG ATAU MANDAU TERBANG UTK BONUS KE DEDY SITORUS, SETAN GERUNG DLL,,,,BISA KAN???",0,1,0
Bagaimana tentang  pagar Laut !!!,0,1,0
𝙆𝙚𝙧𝙚𝙣 👍🏼,0,1,0
Alhamdulillah ASN tdk jadi pindah.!!!,0,1,0
"KOK GAK SIDO PINDAH COX . . . JARE TAHUN WINGI PINDAH E . . . 
KOK GAK SIDO PINDAH COX . . . JARE TAHUN WINGI PINDAH E . . . 
KOK GAK SIDO PINDAH COX . . . JARE TAHUN WINGI PINDAH E . . . ",0,1,0
IKN gk mungkin mangkarak tiap tahun ada anggaran khusus dari APBN 😂,0,1,0
"Ciri² pembenci :
1 Asal nuduh/fitnah
2. Giliran di kasih bukti ngeyel dan malah bahas hal yg lain &                      ngga ada hubungannya dgn apa yg tuduhkan/di fitnah kan.
3. Jika gagal fitnah bikin lagi isu lain
4. Kembali ke no. 1 dan di ulang² terus",0,1,0
Bisa di pastikan cuma anak keturunan Yaman yg bilang ikn mangkrak🥱,0,1,0
Kapan aku bisa pindah  ngantor ke IKN. Koq di undur terus.,0,1,0
Amin Rais cuman membodohi masyarakat dan menghasut masyarakat ni bukti nya saya di ikn ibu kota idaman NKRI,0,1,0
"Yg bilang mangkrak pa ndak kroscek sendiri ke lokasi,saya logistik sering antar barang ke lokasi IKN",0,1,0
Yang sakit hati pasti akan trs bikin fitnah dan adu domba blng ini mangkrak itu mangkrak,0,1,0
Mas ngonten bareng londokampung yo,0,1,0
Bnr mas org sirik yg blg  mangrak,0,1,0
AMIN..RAIS...Penguasa..BUMI.LANGIT..DEWA.CLURUT....I...K...N....MANGKRAK..KRAK....NDASMU....PEOT..Min..min...,0,1,0
Jadi ngakak kalo inget rafly harun kemarin ke IKN bikin youtube tapi shoot kameranya dari jauh dibikin youtube dan bilang IKN mangkrak.. tapi gak berani masuk ke IKN nya takut ketauan kalo lagi ngebohong..😂😂.. anehnya banyak aja yg percaya omongan pemfitnah sejati itu 😂,0,1,0
"mbah Amin Rais, MARI mbah Amin lihat & dengarkan  ISI VIDIO ini dg cermat atau tolong Sahabat yg dekat dg mbah Amin Rais pinjamkan HP Anda pada mbah  AR agar lihat dan dengar kabar IKN masa kini, sehingga dpt koment dihadapan public  dg info yg benar tidak hanya ASAL NYONYOR & NYINYIR  merendahkan Bp. Joko Widodo.",0,1,0
AMIN..RAIS.....PENGUASA..BUMI....LANGIT.....DEWA.MABUK....I..K..N.....MANGKRAK..KRAK..KRAK....NDASMU..PEOT...,0,1,0
pembangunan lanjut dibilang mangkrak coba lolo kesana sakit hati apa lo ngak abis2 kalah junjuganya kalah dipilpres kalo ngak senang sama pemerintah pindah aja dari indonesia jangan menebar narasi2 yang ngak enak indonesia ini damai dipimpin pal prabowo,0,1,0
Untk wisata ok lah.cobak suruh tinggl beberapa hari.pasti nggak betah.bangunan2 memang megah2.tp percuma kalau ndak ada masykt.kalaupun jadi ibu kota maka butuh waktu yg agak lama.tdk bisa di paksakn.kota lihat aja,1,0,0
Mantab mas,0,1,0
Tdk makrak tapi belom,0,1,0
"IKN itu proyek jangka panjang ya....target 20 tahun an, jd kl IKN masih jln 3-4 tahun ya wajar kl belum jadi 😂, dg anggaran 400T ++ itu utk 20 tahn ..tp ya bs jd smpe 1000T selama 20thn 🔥🔥🔥🤣",0,1,0
"yg bilang mangkrak itu si amin rais, said dungu, refly harun, anis baswent0t, raky gemblung,karni ilyas, ganjar PORNOwo, hasto kresteian, megawati & antek2nya..",0,1,0
"Mbah Amin rais  tu lihat IKN sekarang ngakrak gak??? 
Jln2 k IKN dl mbah Amin br komen 
Blm lihat dah bilang ngakrak fitnah itu namanya mbah Amin 😅😅",0,1,0
"komplotan anak abah langsung kejang2 lihat ini,, mereka suka berita hoax soalnya,, 🤣🤣🤣",0,1,0
"Berapa tenaga kerja yg dibutuhkan untuk mengurus, merawat IKN sebelum ditempati? Dn berapa gaji ratusan karyawan yg mrwat IKB  sampai ditempti,?",0,1,0
"Waoowwww keren banget, pingin jga kesana",0,1,0
"Berita terbaru dari compass, dana pembangunan IKN tak jadi di pangkas, yang artinya percepatan pembangunan dan target jadi ibukota politik di 2028 optimistis terwujud tercapai  🤲",0,1,0
Ya Alloh Hotel bagus banget ..😱😱😱,0,1,0
"Bangun pake apbn kok bangga nya sampe gitu, apa gak malu. bangga itu kalo pake investor, miris bangun pake apbn tp rakyat nya masih banyak yg sengsara",0,1,0
Iki bapak e medelin itu ta😀😀😀😀😀,0,1,0
"Kata amin rais kota hantu, salah satunya hantunya amin rais sendiri",0,1,0
Waaahhh mewahhh,0,1,0
"Suruh lihat para penyinyir seperti Rocky Gerung amin Rais dan grombolan said dungu buka mata nya sebelum kalian buta dan dengar srbelum kslian pekak atau budek , IKN sangat indah karya anak bangsa Indonesia",0,1,0
"Ubur ubur ikan lele,
Yang suka nyinyir anggap aja ikan lele.
😂😂😂😂😂😂",0,1,0
Yg bilang kan RT16 sma RW24😂😂😂,0,1,0
Semangat.. Andi..,0,1,0
"Yang bilang IKN mangkrak 100% orang itu gak punya uang untuk jalan"" ke IKN makanya seperti katak dalam tempurung gak pernah keluar rumah menengok halamannya...",0,1,0
Pa ..Usul ..d bangun don Apartemen yg terjangkau buat wisatawan jkt..kan nfa mkn pulg pergi ..🙏,0,1,0
Cak pean nang IKN gak ngomong2 ngerti melu cak kepingin ngerti aku peninggalan p jokowi,0,1,0
Keren IKN ... Keren juga reportasenya mas Andy.... Ibu Kota Indonesia masa depan Keren .. ayo anak muda berinvestasi propery buat rumah masa depan  disana sebelum harga tanah belum terlalu mahal...,0,1,0
Klo gk ada pembangunan duite ra cair boss wes diangarne duite 😢😢,0,1,0
Kren y..nga ada kabel semerawut y..d jln lapu listrik nya ..👍,0,1,0
"Yg ngomong ngangkrak itu hanya orang orang yg mulutnya isinya sampah,dan kotoran mahluk,dan mereka itu tidak suka dg kemajuan Negara yg kita cintai ini,semoga cepat selesai IKN ini agar segera di pergunakan sesuai dg harapan bangsa Indonesia ❤❤❤❤❤",0,1,0
Semoga jd hutan kembali,0,1,0
"Tidak ada yang mangkrak saya dua bulan lalu kesana menyangsikan pembangunan IKN, orang bekerja 24 jam, tidak ada yang nganggur, yang nganggur itu dan mangkrak kerjaannya adalah orang-orang yang suka nyinyir, penista, iri dan dengki.",0,1,0
Yg bilang penjilat berati barisan sakit hati ...yg membela para koruptor ...melihara koruptor sama saja memilihari baby...,0,1,0
Satpamny lugat kalsel 🫡,0,1,0
😂😂😂😂 lucu bgt koko 👍👍,0,1,0
"Yang lagi kenyang tertawa dan bangganya, yang lagi lapar menangis, yakinlah dunia sementara, akhirat selama - lamanya, jadilah orang bijak, dengarkan dan renungkan, jika dibalik posisinya kita posisi lagi di bawah, apa yang bisa kita katakan, rakyat Indonesia ada yang lagi diposisi nyaman ada yang tidak, jadilah orang bijak.",0,1,0
Yang benar Adalah IKA bukan IKN . 😂 IKA  Ibu Kota Aguan . 😂,0,1,0
Banyak yang menginginkan IKN Mangkrak....terutama para pembenci Jokowi,0,1,0
Norak banget gayanya,0,1,0
Yang bilang IKN Mangkrak. Sepertinya tidak bisa bahasa Indonesia. Suruh belajar lagi bahasa Indonesia atau minimal buka kamus. Cek di KBBI (Kamus Besar Bahasa Indonesia). Cek definisi kata Mangkrak. Buka kamus saja malas.,0,1,0
Klo ke lkaen pake Mobil apa Pesawat y?,0,1,0
Kasih es teh manis lh bg ke pekerja proyek nya,0,1,0
Lanjutno wes sam konten e ... Ak percoyo ae.. Wes ojo rungokno bisikan2 org2/pihak yg selalu menebar kebencian dan berita negatif,0,1,0
Pokok e nak IKN ojok oleh onok Kecap.,0,1,0
Channel DIAN RANA adalah jendela IKN,0,1,0
"Yg menghujat ikn kan kelompok kadrun yg benci bnget sama jokowi 
Pdhal mereka cuma tau ikn dri grub washap mereka aja😂😂",0,1,0
"Iya bagus supaya ibukota cepat pindah, planing yg tertunda sejak zaman sukarno akhirnya terwujud",0,1,0
"Hotelnya sepi banget gak ada tamu makan,bisa gulung tikar yg bikin konten elu elu liat aja tahan sampai thn 2028 gak",0,1,0
Baru kali ini saya komentar di You Tube... IKN luar biasa semoga saya diberi kesempatan melihat IKN mulai resmi menjadi ibu kota beserta kegiatannya ❤,0,1,0
Yg bilang mangkrak yg ga mau infonesia maju titik,0,1,0
ASN ASN yang ahli korupsi dan pemalas kerjanya yang nanti akan pindah ke IKN.,0,1,0
Yang bilang mangkrak itu cocote Gerung,0,1,0
"Swon bro aku delok wis seneng ,,,arep nang ikn gak gablek duit pingin wis ngimpi2 ae👍👍👍👍",0,1,0
"Buat sang PEMBENCI....
Belum bisa menerima kenyataan,  kalo IKN progresnya dah luar biasa..",0,1,0
Masokkk,0,1,0
"IKN adalah ISTANA KELELAWAR NUSANTARA

Mirip sih 😁",0,1,0
"simpel aja kenapa sampai sekarang ASN belum pindah padahal Jokowi dari dulu mengatakan sebelum pensiun ASN sudah dipindahkan,, udah tiga kali perencanaan pemindahan ibu tapi gak jadi jadi bahkan UU sudah dibuat nah sekarang buzzer Mulyono ups ternak Mulyono mencari pembenaran kasihan kalian menceboki Junjungan sampai segitunya.",0,1,0
"Padahal proyek IKN bukan proyek pak Jokowi saja, tapi IKN proyek cita2 Para Presiden RI Terdahulu",0,1,0
Bagi rakyat kecil gmn? Elpiji Naik....bensin naik.,0,1,0
"Yang hatinya iri,dengki,zouzon,barisan sakit hati,anak abaah,16 %..kejang kejang liat ini😂😂😂 tolong larang mereka ke IKN nanti bila dah jadi ,biaarkan mereka ke yaman ikut perang lawan AS😂😂😂 nanti ikut jalan jalan foto foto selfi ke IKN

Kaya kompalin Jalan tol ujungnya naik jalan tol,komplain kreta cepat bandung jakarta ujungnya naik juga ,kompalin MART/LART ujung nya naik juga ha ha ha😂😂

Kompalin",0,1,0
Pakai kabel tanam Ok,1,0,0
"mau tanya, mas orng jawa?",0,1,0
Alhamdulillah.. Sehat selalu semua pekerja di ikn.... Dan untuk orang baik,0,1,0
Xeon GT125 boleh masuk ges 🤣🤣,0,1,0
Mau mangkrak mau ngk bodo amat ngk penting cuman bandit2 koruptor yg nempatin dan nikmati .yg penting sekarang gas kok s di persulit,0,1,0
"Jika IKN Mangkrak, Itu Merupakan Hukum Karma Ambisinya Jokowi, Terlalu Memaksakan Kehendak, 😂M3elas Tenan Bangaaku😂",0,1,0
Sing ngomong IKN mangkrak di benjet matane 👀,0,1,0
Maysa Allah luar biasa,0,1,0
Kamu bukan penjilat bang... Tapi orang dalam😂 karena hanya orang dalam yg bisa riview ikn 😂,0,1,0
KAPAN TERNAK MULYONO PINDAH KE IKN AGUAN SAJA TIDAK MAU LEBIH MEMILIH PIK1 PIK2😂,0,1,0
Hallo pok meng.. Slm dr samarinda😂,0,1,0
Ngak ush kuatir dgn IKN msl nya IKN ini adl proyrek Negara ya ngak mungkin nangkrak la jk ada yg ngomong nangkrak ngak nuduh mungkin klp org bongo Nekaro kok dilawn yo keleru.......bodoh.,0,1,0
"IKN BOLEH BERLANJUT,  TAPI JOKOWI HARUS DI JEBLOSKAN KE PENJARA SEUMUR HIFUP",0,1,0
akan menjadi amal ibadah bagi pak Jokowi selama IKN masih ada dimuka bumi ini dan akan menambah dosa bagi kelompok pembenci IKN selamanya.,0,1,0
"Nggak kebayang KLO yg jadi presiden p Ganjar,selalu akan diatur oleh ketum.apalagi KLO anes akan diatur oleh geng pertamburan.",0,1,0
Biasa sing ngomong njilat kui RT 16 RW 24,0,1,0
Lihat bro hotel di IKN kata para pembeci Jokowi & Prabowo katanya mangkrak  buka mata kalian biar melek terutama Mbah Sengkuni suruh lihat ini.,0,1,0
"Yg  bilang mangkrak,, ikn gagal itu hanya bagi rakyat 24 sama 16 %..
Kaum pembenci",0,1,0
IKN BIKIN HABIS UANG.,0,1,0
Semangat mas indonesa punya istana sendiri bukan lungsuran dari benlanda jalan terus pembangunan IKN indonesa cemerlang di mata dunia bangga rakyat indonesa / bang kasih tau amin rais biar melihat keindahan IKN NKRI HARGA MATI❤❤❤❤❤❤❤🤲🤲🤲🤲🤲🤲🤲👍👍👍👍👍,0,1,0
"Maaf cak , kenapa tidak boleh mkn kecap manis, apa efeknya makan kecap manis 😂 ?",0,1,0
NOH....NOH....GEROMBOLAN AMIN RAIS ....PECUNDANG PANCI....DAN GEROMBOLAN SAKIT HATI....MUDAH MUDAHAN KELAK JADI HANTU ....IKN.....SELALU. BETERBANGAN DARI POHON  KEPOHON....HEHEHE....ARWAH PENASARAN.,0,1,0
IKN nantinya akan jadi contoh kota termoderen di dunia yg asri dan indah canggih pintu gerbang NKRI kebanggaan bangsa Indonesia 👍👍❤️❤️🇮🇩🇮🇩🇮🇩🇮🇩🇮🇩,0,1,0
Mantap jokowi ...,0,1,0
"Pantasnya manusia manusia yang selalu mencemooh IKN, adalah manusia penghianat negara alias PKI, sebaiknya manusia manusia seperti ini,di deportasi kan saja ke Palestina atau yaman",0,1,0
Coba sesekali ajakin bang Rafly cs dan roki cs ke ikn biar mreka nda selalu bikin cerita dongeng di jakarta. Kesian mreka itu sudah tua tapi kerja nya bohong trus,0,1,0
Mangkrak broo....jdi..kota hantu,0,1,0
"smg mbh amin rais  rfly harun rini budoyo nonton vidio ini mereka ,bilang bpk Prabowo nolak ,prmntaan bpk Jokowi meruskan pmbngunan IKN .🤣🤣🤣🤣🤣👎👎👎👎👎",0,1,0
"Gak mangkrak.tqpi mubazir.wacana pindah jokowi,acara prbowo palsu...😅",0,1,0
"Sayang nya ini modal semua orang cina indonesi.
Ujung nya dia cari CUAN  yg banyak ( pribumi bisa nya hanya melihat) kaya perumahan Pik 1",0,1,0
"Mantap...pembangunan berlanjut, tapi lha ntar yg mau kesana siapaaaaa...
😀😀😀...mudah2an impian kita semua bisa terwujud... Aamiin...🙏",0,1,0
Sing ngomong IKN mangkrak jejek cangkeme….,0,1,0
Kake amin. Coba jalan 2 ke IKN. Jangan fitna terus,0,1,0
"Trima kasih bng vidionya srbya hadir !
ada yg bilang , IKN ,lama 2 jg bnjir sprti Jakrta, 
itu orng yg tidak melihat dari dekat, sy prnah dtng, saat masih ada ,krta listrik tnp rel, Istana Negara ,mngkin 2m dpl ,bbr pantai 1 mt dpl.
bpk Jokowi sangat tepat milih lokasi IKN❤❤❤❤❤🎉🎉🎉🎉🎉🇮🇩🇮🇩🇮🇩🇮🇩🇮🇩🔥🔥🔥🔥🔥🔥👍👍",0,1,0
Logat te rek asli wong Bonek Iki.. yg bilang mangkrak pling barisan  sakit hati bos ku,0,1,0
Joos.,0,1,0
"Kena banjir parah jugalah itu IKN,,, gak penting IKN sangat gak penting gak ada urgensinya bagi rakyat",0,1,0
Ini urng molyono..wkwkw😂,0,1,0
"Seneng sekali orang"" cina nanti nya yg menduduki nya.
Katena ini semua modal orang cina indonesia juga",0,1,0
"Jangan sampe mangkrak deh, sayang udah terlalu banyak APBN terbuang. Lanjutin aja sebisanya, ga usah mewah2, yg penting ada atap, air, listrik. Klo udah ada itu semua, buruan pindahin pejabat negara kesana, ntar biar pada bebenah sendiri, kan pada punya duit banyak.",0,1,0
CM AMIN CS YG BILANG MANGKRAK.,0,1,0
"koh, iku hotelnya sudah ada tamunya opo?",0,1,0
Yg kerja mana .?,0,1,0
Negeri dambaan ku,0,1,0
Buzerp mah enak dpat gajih negara ya kan nih lgi gas langka ma susah yg salah siapa sih....,0,1,0
"IKN mangkrak kata amin rais manusia udh linglung seperti grombolannya si asgap si harun , si amsari itu manusia sampah semua",0,1,0
"Jak en mbah amin CAK
Cek e weruh IKN",0,1,0
Hanya orang orang yang iri dan tidak suka dengan Pak Jokowi aja yang bilang IKN Mangkrak tidak berlanjut.,0,1,0
Yang mangkrak itu otak kalian pembenci pak jokowi😂,0,1,0
"Bawa pak amin  dn kawan nya ke situ kak , kasihan 😂😂😂",0,1,0
Congore amin rasis..suruh nonton..tuh..yg bilang mangkrak ..,0,1,0
"Itu 😂😂 cuma perawatan aja om

Kita lho tinggal di sekitarnya IKN hehehe 😅 tau lah yg aslinya sebenernya kek mana om om baru sekali kita kalo mau ke sana tiap-tiap hari ya bisa",0,1,0
"Bangga dgn IKN,sya berharap Putri ku bisa JD ASN di IKN,smoga pak presiden melihat cuitan saya ini, sy yg notabene babu di Jatim , sekarang putriku mau wisuda ilmu pemerintahan di Umm💪💪",0,1,0
"KASIHAN KELOMPOK PENDUKUNG ORANG-ORANG SAKIT HATI DIBUAT BODOH SAMA PROVOKATOR PENYEBAR FITNAH DARI KELOMPOKNYA SENDIRI. 

Anda kok tidak terasa dibuat bodoh dan dibodohi sama provokator sakit hati dari kelompok anda sendiri bro.?

Ingat bro rakyat Indonesia harus rukun, bersatu demi kemajuan negara kita sendiri, terutama kedepan demi untuk masa depan generasi penerus dan diantaranya anak-cucu kita rakyat Indonesia yang kita cintai ini.
JADI JANGAN MUDAH DIPROVOKASI DAN DIADU DOMBA..",0,1,0
Alhamdulillah  IKN ada kemajuan  🎉🎉🎉,0,1,0
Klw ibukota tuh hrus bnyak rakyat nya klw rakyat nya sedikit gmn roda ekonomi nya bergerak 😂,0,1,0
Kandang para GARONG di mewah mewahin 🤣,0,1,0
"Yg blg mangkrak orgnya nggak bisa di ajak maju,maunya jln ditempat bahkan turun kls",0,1,0
Semoga pak Amin Rais melihat vidio ini,0,1,0
Emang gak mangkrak lah....,0,1,0
"president paling korup didunia hrs diakui...
mangkrak...kerjaan busser emng hibur diri dan group",0,1,0
Tetap semangat bang untuk menunjukkan kebenaran 👍,0,1,0
Jalan trus IKN...💪💪💪,0,1,0
"Nanti di setiap jalan raya dan rambu lalu lintas seperti di lampu merah jgn sampai ada polantasnya yah...
Kata bapak presiden Prabowo waktu pidato kemarin yg bikin negara kita jelek yaitu para oknum"" petugas yg korup
🤣🤣🤣",0,1,0
Mantapppp..,0,1,0
"Program yg dirancang pak Jokowi sekarang menyiapkan tenaga ahli di segala bidang intuk mengolah hasil alam (hilirisasi), dan untuk kemajuan teknologi diberbagai bidang.",0,1,0
"Ternyata Jokowi hebat,dan Pembangunan IKN berlanjut dan dilanjutkan oleh Presiden Prabowo.",0,1,0
IKN itu tdk mangkrak cuma pembangunannya pelan krn terbentur pendanaannya. Prabowo alokasikan 48 Trilyun utk pembangunan IKN selama 5 tahun sampe thn 2029. Jadi utk IKN sampe dihuni oleh ASN maupun pemindahan ibukota kemungkinan ya di tahun 2029. Jokowi yg terlalu terburu2 ingin segera IKN dihuni dan pindah ibukota pdhal tdk segampang itu krn semua terbentur dg APBN. Prabowo yg sekarang kena dampak dari beban hutang yg terlalu banyak hampir 800Trilyun makanya ada pemangkasan disana sini krn program makan gratis jg harus jalan. Ide pemindahan ibukota bagus cuma memang tdk semudah itu krn semua terbentur dana karena investor dari luar negeri gak jadi masuk hanya 9 naga yg mau investasi dan itupun ditekan Jokowi seperti yg dikatakan pemimpin 9 naga yaitu Aguan di majalah tempo. Makanya sekarang lagi heboh kasus PSN PIK2 yg disinyalir adl sbg tukar tambah proyek IKN krn 9 naga sdh bangun IKN makanya mereka minta proyek PIK2 dijadikan PSN agar aman,0,1,0
Sudah percuma klo pun msh ada pekerjaan tp sumber daya ny tdk ada😂😂😂😂😂😂😂😂,0,1,0
Al munafiqun....ternakan,0,1,0
❤❤❤❤ pak presiden Prabowo dan mas wapres Gibran sehat selalu 🎉🎉🎉🎉🎉,0,1,0
ALHAMDULILLAH .,0,1,0
"Puluhan bahkan ratusan triliun, tentu akan menghasilkan kemewahan. Dan saat melihat itu anda lupa sama sekali dengan indonesia (rakyat) yang sesungguhnya",0,1,0
"Yang bilang IKN mangkrak kamu pernah dan sudah lihat IKN,jangan asbun lah",0,1,0
"Ibukota nya seperri kawasan bsd,,pik2 yakin ini ibukota negara??",0,1,0
"Pak Jokowi mmg punya pemikiran yang sangat besar dan maju, 6g bagi orang lain merasa berat atau tidak mungkin dilakukan",0,1,0
Udah bongkar ikn kasih koda rakyat,0,1,0
"Tinggi pohon tinggi berderet setia lindungi
Hijau rumput hijau tersebar indah sekali
Terasa damai kehidupan di kampungku
Kokok ayam bangunkan ku tidur setiap pagi

Tinggi gedung tinggi mewah angkuh bikin iri
Gubuk gubuk liar yang resah di pinggir kali
Terlihat jelas kepincangan kota ini
Tangis bocah lapar bangunkan ku dari mimpi malam

Lihat dan dengarlah riuh lagu dalam pesta
Diatas derita mereka masih bisa tertawa
Memang ku akui kejamnya ibu kota 
Namun yang kusaksikan lebih parah dari yang kusangka",0,1,0
Amin Rais lihat video ini pora kae,0,1,0
Ko bahas kecap manis barang to bolo🤣🤣🤣,0,1,0
😂😂😂😂 orang percya klau presiden sdh pindak ngantor d sana,0,1,0
"Krn jakarta sudah TDK menjadi DKI , y g mungkin IKN mangkrak pasti jln terus Krn untuk d jadikan ibukota Indonesia pengganti DKI yakni ikn(ibu kota Nusantara).",0,1,0
Meter lah pak😂,0,1,0
"Keren IKN, ❤❤❤❤❤",0,1,0
Musuh Jokowi adalah Kadrun Stress Kacung Mega Banteng sakit hati.....mampusss😂😂,0,1,0
"Bangunane memang iseh utuh, interiore yo memang iseh rapi terawat joss nek nggo foto2. Tapi Pak Prabowo mangkas anggaran IKN edan2 kui lho bos seng akhire diprediksine bakalan mangkrak. Dudu perkoro casinge, tapi di delok anggarane.",0,1,0
Mantap terimakasih pak Jokowi ❤❤❤❤❤❤❤,0,1,0
Masyaallah ucapan syukur alhamdulillah kpd Allah s.w.t  atas kelancaran pembangunan ikn .masyaallah alhamdulillah..atas kelancaran pembangunan ikn,0,1,0
Setelah suting video langsung pada pulang,0,1,0
Lah mang sepi. Gk da orang yg beraktivitas. Tukang doang. Siapa yg mau berkantor di sana. Itu fakta,0,1,0
Tetap mangkrak anggaran di potong,0,1,0
"Yg bilang mangkrak itu, orang sakit hati, telinganya tuli, matanya buta, pikiranya kotor, pikiranya selalu negatif",0,1,0
"Capek juga ya kalo jalan kaki...sangat luas kantorx,emang bagus juga untuk wisata...mantap👍👍👍",0,1,0
"SUMBU ...KO
dudu' SUMBO ....😅😅😅",0,1,0
Mas naik diatas melihat mba amin lagi nangis katanya ikn mangrak dan rocki gerung suruh buka matanya lebar lebar.mungkin waktu lihat ikn lagi merem motone sengkuni,0,1,0
IKN keren...,0,1,0
"Beritakan terus kebenaran kebenaran yg riil, jgn sampai para pembenci pemerintah merajalela dgn bombardir berita hoax 👍👍👍...best mas..semangaaat 💪💪💪",0,1,0
"Yg bilang IKN mangkrak , itu paling rombongan atau pasukan sakit hati",0,1,0
Mbah amin kalau tahu pingsan ini 😂😂😂,0,1,0
Proyek ngutang.pada belum di baysr itu proyek rsta2😂,0,1,0
"MULUTNYA Roky Gerung yang Busuk , yang ngomong IKN Mangkrak",0,1,0
IKN tambah JOS. Gitu aja kok repot.,0,1,0
pembangunan itu perlu proses.....wajar klo yg blm paham protes protes kritik kritik......tggu sj selesai proses pembangunan nya pasti nnti jg ikut menikmati..ky whoosh jg kn,0,1,0
buzzerRp,0,1,0
Gak ada orang jualan es dawet gado gado sego pecel di ikn tempatnya panas gersang nakudubillah...sebelum ada ikn uda segar sejuk adem sekarang panas banyak di huni oligarki😂😂😂,0,1,0
"Yg mangkrak otaknya Am*en Ra*s,.ngga ada mau mempedulikan",0,1,0
"Semua butuh proses,, di.tangan Pemmimpin.yg jujur dan amanah psti bisa maju.... Tdk ada kata mangkrak..💪💪🇲🇨❤🇦🇪",0,1,0
IKN Berasa PiK 2,0,1,0
Mantaappp ini baru namanya bukan omon omon kyk rocky gerung langsung datang cek dengan mata kepala sendiri baru bisa kasih bukti,0,1,0
Mantap bang,0,1,0
Yg gak setuju IKN itu SDM rendah...,0,1,0
"🔴 ORANG NEGATIF, WALAU DIKASIH MASUK SYURGA JUGA TETAP AKAN NEGATIF : “Ooh… syurga cuma begini doang ??”

Kalaupun nanti IKN jadi, orang negatif tetap akan nyinyir, karena otaknya emang udah korslet.😂",0,1,0
"Bangunan, gedung, istana, kantor, jalan raya ADA SEMUA. Yang gak ada adalah PENGHUNINYA. Semua bangunan dll tadi jadinya hanya PATUNG/BERHALA. Wahai PEMUJA BERHALA IKN, berhentilah bertindak manipulatif!",0,1,0
Yang bilang Ikn mangkrak itu kaum rebahan pendukung Abah yg pekerjaan nyinyir tapi sok paling..,0,1,0
"Alhamdulillah mantap n keren mendunia, ❤",0,1,0
Ternak nya mulyono tuh😂😂😂,0,1,0
Ibukota negara Indonesia sekarang di mana?.. Kebijakan Mulyono yang sangat grusa grusu 🤦,0,1,0
"Buat orang yg korupsi"" bisa tinggal di hotel ikn...gak ada orang yg mau infestasi kecuali oligarki",0,1,0
Terima kasih Bung Andy ...!...telah mengaplut tentang IKN...ini semoga amin rakus....eh salah amin rais menonton..... melek o matane amin rais ...,0,1,0
"IKN di masa Jokowi Mangkrak kalau tdk dilanjutkan p Prabowo yg bijak,,beda dg Mulyono terkait Hambalang 😂",0,1,0
IKN mangkrak itu kata Amin Rais. Amin Rais dipercaya tukang hoax,0,1,0
Hambalang jilid II 😂😂,0,1,0
"Yg huni gondoruwo dan pocong"" siapa mau tinggal di hutan bro bro",0,1,0
Duhh gaji 3 bln gor go turuuu 1 mlm  gak sidooo rono achhh,0,1,0
kasih bukti bang untuk buat orang2 yang sakit hati seperti rocky gerong gosong😂gw asli kalimantan bangga,0,1,0
"Para pembenci jkw sedang getol memframing ikn mangkrak, bagi mereka jadi hal yg menyenangkan klw mangkrak (gila 😠)",0,1,0
Suwun mas biar rakyat tahu,0,1,0
Logatmu ilo ko.....kok asi muedok ngono...😂😂😂😂,0,1,0
Smg pembangunan IKN lancar dan sukses serta dimudahkan oleh Allah,0,1,0
"Di Tangan Jokowi + Prabowo Gak Ada Tuuh Kata2 Proyek Mangkraak ... Gak Ada Sama Sekali , Semua Lancar2 Saja !
Barisan Sakit Hati Yang Kejang2 Sendiri Tuuh  ...!! 👍👈👎👎👎😩😉😩🤣🤣🤣",0,1,0
Yang paling murah per malam berapa bang?,0,1,0
Rocky Gerung marah nich LW ikn sekeren ini😅,0,1,0
"Mantap.ini sebuah kenyataan.trima kasih pada yg konten dan juga pihak hotel, yg membuka mata para penyinyir. Buka mata kalian.ikn tidak mangkrak,tapi justru gemerlap dan membangga kan.",0,1,0
Lah iki cindo nasionalis daripada balawi balawi yang ngaku keturunan Rosulullah SAW,0,1,0
Yaa segera saja pindahbiar tidak mangrak  cepet bermanfaat,0,1,0
"Di bangsa sendr bgini 
Udsh nyata jelas hidung belang ny yg suka pembenci pemerintahan sendr 
Mentang 2 kaya sesuka hati berbicara namun pemerintahan hnya dia bersbr yg orang miskin mlh jadi sasaran cari kesalahan kecil ajj 
Negara Konoha ini hanya pilih kasih doag sbner 👍🙄",0,1,0
Ikn👍👍👍👍 mantap,0,1,0
para pembenci nyatane smp mati baru hilang bencinya...... kesabaranmu pak Jokowi insyaallah berbuah layaknya buah yg bisa d nikmati bagi org yg SEHAT,0,1,0
Tempat wisata,0,1,0
TERBAIKKKKKKK❤,0,1,0
"Biarkan orang2 yg iri dengki selalu mencela pemerintah mereka itu tdk berguna untuk negara, jangan di dengar maju terus indonesisku,",0,1,0
Yg gk stuju IKN itu orng yg brfikir primitif,0,1,0
Tetep semangat Koko... Aku mendukungmu.. siap ngawal.. salam dari Lampung,0,1,0
"Jadi wapres GK perlu pintar cukup plonga plongo aja contohnya fufufafa, cukup bagi2 susu doang sama buku ke sekolah SD dah itu aja 🤣🤣🤣",0,1,0
"Bilang IKN Mangkrak, Jokowi didatangin terus Rakyatnya  mereka bilang pembohongan karena mereka direkrut pakai Bus... Kayaknya mereka berbagai cara ya halal haram hantam  pokoknya apapun demi Pembunuhan Karakter untuk Jokowi dan keluarga.... Yah mereka gak segen dan lantang apa saja salah Jokowi 
Maklum  mereka yg berasal dari partao yg kalah maupun partai yg pro sama FPi N HTI  juga  kaum Bayaran hrs selesaikan Target menghancurkan Jokowi karena Jokowi sudah ambil Aset aset mereka. 
Kayaknya  ada duri dalam daging juga ya karena Aset yg diambil juha dari anak anak Cendana yg akrab sama Roki gerung cs",0,1,0
Luar biasa ide produksi Pak Joko Widodo kota Negara Indonesia,0,1,0
"Tak dongakno rejekimu akeh cak cekno iso pindah nang IKN tak enteni kabar pindahanmu eman nek koen g melok pindah nang ibukota mumpung regone tanah sek promo sampe 190 th, aku ae pingin tp apalah daya aku duduk pejabat",0,1,0
Indonesia bukan jawa saja...!!,0,1,0
Si Rocky mah cuma omdo gk usah digubris.....dia melihara burungnya sendiri aj gk bsa nanggung....mlempem bhaaaaaa haaa haaa......memalukan,0,1,0
79 CM,0,1,0
"Beban negara yg benar2 tidak urgent & tidak penting sama sekali..
Hanya untuk memenuhi Napsu Mulyono agar dpt proyek & mengambil keuntungan untuk pribadi & kroni2nya...",0,1,0
"Enak di kelilingi hutan , pasti sejuk",0,1,0
PENJILAT LU,0,1,0
Anak abah jgn di dengerin bro. Emg susah mereka terima fakta 😂 dari waktu pemilu aja kita lebih baik diem dari pada ngeladen anak abah. Lama2 kita yg gila wkwk,0,1,0
Ini baru kota ga semarawut dengan kabel kabel listrk,0,1,0
Abu janda jilid 2,0,1,0
"Berasa kyk pembangunan waktu pertama kali PIK 2 mulai dibangun. Aura², konsep nya sama 😂😂😂😅😅",0,1,0
Nanti anak abah anak amien rais dll kalau demo jauh berat di ongkos 😂😂😂😂,0,1,0
Penghuni Kunti semua cok,0,1,0
"Nusantara Baru, Indonesia Maju.",0,1,0
Mantab 👍,0,1,0
"Kita org Indonesia ini memang paling banyak org yg pintar pintar namun punya hati yg tdk baik,tdk senang melihat negara ini bisa berkembang hobbinya cuman ingin memecah belah,",0,1,0
bismillah semoga ikn cepat selesai.kedepan ikn akan ramai penduduk dan maju.,0,1,0
Cina,0,1,0
Subhanalloh mantap indonesia ku dr sumsel selalu mendukung . Lanjut mas bro yg benci biar makin sakit,0,1,0
Maju terus pantang mundur. Terus berikan HGB atau hgu ke swasta bahkan asing 90 THN. Merdeka😢😢,0,1,0
Klo jadi IKN pindah aj ke sono bang...klo nyaman..,0,1,0
"IKN keran banget, terimakasih pak.Jokowi, terima kasih pak.Prabowo❤❤❤",0,1,0
Tempat ibadah tidak di review kah?,0,1,0
Yg perlu ditelusuri uang darimana? Utang atau tugar guling kepentingan asing,0,1,0
Cino semua,0,1,0
Speel airnya bang untuk mandi.,0,1,0
Ajiib ❤,0,1,0
Lucu om 😂😂,0,1,0
"Mangan soto + kecap iku yo enak, ndelok seng masak #cakAndy
Sesuai selera, penting kerupuk e😂",0,1,0
"Yg bilang IKN mangkrak hanya org""  yg SAKIT HATI 😅😅😅",0,1,0
"Iya ya.. dimana-mana ketemu orang sedang membangun, saya hitung ada 10 ribu orang...😅",0,1,0
"Ketika perang nuklir, BOOOOOMMM Langsung sekejap pemerintahan lenyap... Iki sebenere konsep memudahkan musuh..",0,1,0
JARENE AMIN RAKUSSS MANGKRAK BANG KOK SWMAKIN BAGUSSS,0,1,0
Coba bang yg nyiyir ajak ngopi di ikn seru hee,0,1,0
Yg bilang mangkrak itu orang asli betawi  supaya nggk ada yg mau pindah dri jakarta ke ikn biar  mau jdi ibu kota seterusnya,0,1,0
"Yg bilang mangkrak itu orang asli betawi  supaya nggk ada yg mau pindah dri jakarta ke ikn biar sama"" Tenggelam sampai mampus",0,1,0
"Yg bilang mangkrak itu orang asli betawi  supaya nggk ada yg mau pindah dri jakarta ke ikn biar sama"" Tenggelam sampai mampus",0,1,0
"Yg kerjanya mana mas, yg ada cuma security aja. Kalo namanya proyek berlanjut harus ada tenaga kerjanya dong bukan cuma security.",0,1,0
Sono kalau gak mangkrak ... Ya jdi penduduk di ikn sono .... 😅😅😅😅😅😅,0,1,0
"tapi kok pengiriman asn kok mencla mencle, tunda tunda trs, sampai di tunda dgn waktu yg blm di tentukan.. njur piye kuwi mas ternak? eeeeh mas ternak salah ya sy nyebutnya?",0,1,0
alah pretttt..Ibu Kota sampai kiamat tetap Jakarta...nggk ada ikn....yg bikin susah rakyat,0,1,0
KAYAK KANDANG BEBEK MANGKRAK. COCOK UNTUK  BUDI DAYA KODOK IJO.,0,1,0
Kepala garudanya gk keliatan. Aneh. Maunya kepalanya nongol nengok ke kanan,0,1,0
"Kita hidup di negara di mana ketika menjadi nasionalis akan di sebut buzzer, dan ketika menjadi oposisi akan di sebut anak abah",0,1,0
Cocote Roki garong yg bilang mngkrak .. benalu 1 itu hrs di musnahkan . Bisa nya cm bikin kebencian da adu domba donk,0,1,0
"Ini baru benar, ada uang cek langsung ke IKN, ga ada uang cek konten2 yg tayangin IKN terkini, bukan lihat konten  Hoax dari pemuja abah dan mega😂😂😂😂",0,1,0
Ajak dong si roki yg suka gerung gerung seperti kucing garong tapi kucing garong ga doyan wadon tapi ni kucing nya  homo dan ga doyan wadon di ajak dong si gerung biar melek matanya bener mangkrak pa ga yg kata si roki mangkrak proyek ambisius jokowi,0,1,0
Mantap lah indonesia.mempunyai.k istimewaan top.kalimantan 😅,0,1,0
"Untuk berubah itu perlu kerja keras, modal dan kesabaran. Saya ingin punya istri yang baik 5 tahun, punya rumah 10 tahun, punya motor, 3 tahun dan punya mobil 5 tahun. Itu fakta tak terbantahkan karena saya pelakunya. Begitupun negara ada tahapannya kalau mau maju.",0,1,0
Kenapa banyak netizen yang  tolol ya nggak seneng indonesia maju orang mah harusnya optimis bukan nyinyir tok cangkemu lol tolol netizen harus cerdas dong,1,0,0
"Mantap IKN,,, yg bilamg ngankrak jalan jalan pergi survei, biar bisa liat gak ada proyek ngankrak",0,1,0
"Wahh awakmu saiki bolo molyonno ndik....gk masokkkkkk blass, mari cairr kyoke 🤦🏻‍♀️",0,1,0
Indonesia mau makmur dan tenang....?? TUMPAS BAALWI.. mreka perongrong dan pemberontak negara,0,1,0
koh..angpo e ndi koh..😂,0,1,0
Dibayar berapa bang bikin konten kaya gini..,0,1,0
Kueren cax... salam teko arek Jombang,0,1,0
"Wonokromo..hadir cuk"" 😅🤪👌👍🙏",0,1,0
"Tunjukkan ke AMIN RAIS video mu mas ...biar ngerti,ben cangkeme gk asal jeplak si RAIS iku ..",0,1,0
"Yang ngomong mangkrak2 itu berasal dari orang yang sakit hati karna junjungannya kalah pemilu, misal dri buzzer anak abah yamani, dan juga berasal dari negara lain yang ga suka negara ini semakin maju.",0,1,0
"Bagus, ikn 10 tahun kedepan pasti keren",0,1,0
"Mungkin klo yg membangun IKN ini gerombolan rizieq 212 sableng mereka pasti mendukung mas hahahhaa .yg selalu ngotot bilang mangkrak itu kan karena mereka masih dendam sama pak jokowi yg dulu pernah bubarin ormas fpi wkwkkwkw ,,",0,1,0
"Langsung saya subreek bang..😅
Ngakak security nya ikut²n sebut 79 cm tinggi tiang bendera..",0,1,0
"IKN calon Mercusuar Dunia.... Butuh Proses dn Perjuangan....  dn dukungan...
Bukan dilemahkan.....  BRAV0 IKN ❤❤❤",0,1,0
Untuk apa dan siapa..!? 😮 kemajuan infrastruktur bukan bentuk kesejahteraan... Pakek otak  tidak cukup bro.. Pakai hati dan nuranimu..!!,0,1,0
Cuma gara2 jembatan kena rumput liar sedikit aja di bilang mangkrak oleh orang2 pembenci 🤣,0,1,0
Yang bilang mangkrak pasti para pembenci pemerintah seperti anak abah dan antek2nya,0,1,0
"Kalau nti IKN benar² MANGKRAKKK, elu pertanggungjawabkan bacot lu nti ya!",0,1,0
Seperti Istana di atas awan Mase Jos Gandos Top Markotop NUSANTARA EMANG OYE,1,0,0
Video yg aku tunggu2 terimakasih ko Andy uda jln2 di ikn ❤ ditunggu part2 nya ko❤,0,1,0
"Pemerja ikn pada nyumpet giliran ada mandor pura"" kerja makan gaji buta😂",0,1,0
Mantab Mase terus beri edukasi biar masarakat mudeng Oke trms,0,1,0
Itu yg bilang otak nya kotor dan matanya buta gak bisa liat kenyataan 😊😊😊,0,1,0
"itu yg garuda hitam besar nanti jdi hijau om, kayak patung liberty om...cuman butuh waktu nanti oksidasi sendiri",0,1,0
Trus Kalimantan byk banjir blok goblok😁😝,0,1,0
"Emang apa yang bisa dilakukan di IKN tengah hutan? Yang dikerjakan apa? Yang diawasi apa? Secara fasilitas publik, dinas, investasi, industri, dll banyak beroprasi di jawa.",0,1,0
"Mudahan indonesia makin maju dengan adanya ini,bukan hanya elit negra yg menikmati tpi rakyat masih susah  dan tidak semakin bnyk kasus korupsi setelah selesai nya pembangunan.",0,1,0
IKN ya seperti Hambalang jilid 2,0,1,0
💩💩💩,0,1,0
Saran coba ddi review keadaan masyarakat di sekeling daerah ikn sehingga terlihat lebih lengkap,0,1,0
Hendri satrio buka mata lihat itu IKN.,0,1,0
Buzer Si Raja Koruptor,0,1,0
Itu yg nyi2r ikn mangkrak silakan plototin konten ini. Terutama utuk si amin coba liat ini. Mampus lu,0,1,0
"Yang bilang mangkrak itu orang yang tidak ingin melihat Indonesia Maju...contoh seperti kakek Amin Rais,rocki Gerung, Adian,dan banyak gerombolan manusia zalim...kita jogetin saja",0,1,0
"Yg bilang mangrak itu kelompok Amin Rais dan segerombolan Sengkuni yg hidupnya TDK  ada manpaatnya di Indonesia,,
Maju terus pak Prabowo demi kelanjutan pembangunan di IKN,,",0,1,0
Suka sama Chanel Abang ❤❤,0,1,0
"Mantap bg,,, dukung karya dalam negeri,, bukan peninggalan asing,,,, 👍👍👍",0,1,0
"Ko, aku tadi siang ketemu loh ndek sukomanunggal jaya, pas mau masuk perumahan ketemu mobil palisad putih 😀 mau nyapa tapi kacanya tutupan",0,1,0
"Bnyak orang yg menjadi sok tau dan sok benar,karena hatinya sudah tertutup dengan kebencian,bukan karena kemajuan suatu bangsa....
Mau ngomong apa,saya setuju indonesia semakin maju 👍🏼",0,1,0
Biasa lah hanya orang orang bodoh dan bego mas yg bilang IKN mangkrak maju terus mas beri perkembangan tentang IKN jgn mundur sikat terus para pemitnah penyinyir🎉❤,0,1,0
Konten tidak penting dari konten ga penting,0,1,0
itu ibu kota China tepat nya,0,1,0
Bangunan bagus2 n mewah tp buat pejabat2 aja..klo warga biasa hanya melihat dari yutup,0,1,0
Suruh amin rais molotot tuh matanya 😂😂😂si rais bilang Ikaen mangkrak mangkrak ndasmu 😂😂😂,0,1,0
"Hanya manusia-manusia mampet otaknya bilang IKN mangkrak, proses pembangunan masih berjalan  bisa- bisanya bilang mangkrak ,isi kepalanya apa ya kaum pembenci IKN itu,Semoga sukses ❤ karya anak bangsa.",0,1,0
Memang selalu ada yg seneng KL Indonesia tidak ada kemajuan dan selalu ada yg iri KLO Indonesia ada kemajuan.itulah pandangan manusia tidak ada yg sama,0,1,0
Yg bilang IKN Mangkrak itu kubu iri dan sakit hati akut gak sembuh2 Rt 16  Rw 24 .😂😂😂😂😂😂😂😂,0,1,0
Apapun yg sudah diputuskan negara kita rakyat indonesia wajib mendukungnya,0,1,0
TERIMAKASIH BPK JOKOWIDODO JASA BPK UNTUK NKRI DN IKN AKAN SELALU HARUM DI NKRI ❤❤ BAGI YG NYIYIR BIARKAN SJ NANTI JG MATA NY AKAN.LIHAT KENYATAAN IKN  SEBENTAR  LAGI JUGA DI TEMPATI YG NYIYIR2 PAST NY AKAM MEMPERMALUKAN DIRI NY MRK2 SENDIRI😂😂😂 BERLIAN AKAN SELALU BERSINAR YAITU BPK JOKOWIDODO DAN PRAGIB LV LOVE ❤❤❤❤,1,0,0
Burung garuda bukan kalong dan bukan burung real tapi lambang negara jadi maaf jangan di sama samakan ya guys,1,0,0
Mas ajak dong Pak.Amin.R. dan Pak.Dedy Sitorus.liat IKN yg sebenarnya.,0,1,0
Orang yang bilang IKN mangkrak itu orang yang ingin negara Indonesia itu tidak ada kemajuan... orang tersebut termasuk orang yang paling bodoh yang ada di Indonesia... ini IKN sudah wujud dan nyata....,0,1,0
"Ingat ya, jangan terlalu meremehkan kan pak jokowi, buat roti gulung, repli kadrun cs",0,1,0
Cuman Amin Rais cs aja... yang mangkrak otaknya.,0,1,0
Pasti Rocky Gerung tidak mau lihat konten ini....😂😂,0,1,0
di IKN banyak Sub Kontraktor yg belum di bayar..huhuhu,0,1,0
"IKN harus terus di bangun..
Harga mati sebelum DKI tenggelam 😊",0,1,0
Alhamdulillah...semoga Allah SWT memudahkan segala urusan bangsa dan negara Indonesia ❤❤,0,1,0
"Alhamdulillah IKN sdh bisa di nikmati untuk pariwisata, sdh harus di cetak in karcis itu kayaknya , hasil tiketnya lumayan untuk bayar tukang kebun dan tamannya saja",0,1,0
Josssss,0,1,0
Yg bilang mangkrak anak abah,0,1,0
Mantap ibu kota karya mandiri bangsa indonesia,0,1,0
"Mau jalan terus Pembangunannya atau tidak yg penting ada dampak gak tuk kesejahteraan Masyarakat/rakyat Indonesia ?  Lah sekarang mau beli LPG 3 kg aja antri ...berjubel, blm lagi harga² sembako terus naik, Program MBG jg blm maksimal ( belalang dll jadi artenatif ) mana yg lebih prioritas Rakyat apa Gedung ?",0,1,0
"Sudah banyak wilayah ikn yg menjadi semak belukar.
😂😂",0,1,0
"AJAK BANG KE IKN ITU
AMIN RAIS
SAID DIDU
REFLY HARUN
DEDY MULYADI
DAN KELOMPOK MEREKA",0,1,0
"Gad yg mangkrak alhamdulilah 
Product ku ikutan di beli sama IKN 
Alhamdulilah",0,1,0
😊,0,1,0
Hanya Amien Rais Profesor Sempel bilang mangkrak . Manusia sampah !! Negara .,0,1,0
Pembenci jokowi mulai sakit asam lambung karna telat makan mikirin pak jokowi,0,1,0
"Semoga IKN cepet selesai, dan orang-orang di Pulau Jawa pada pindah....., biar ngapa-ngapa kebanyakan orang di sini",0,1,0
"coba aku blom pensiun, lsg daftar duluan pindah ke IKN",0,1,0
"MATUR MUWUN CAK , TERIMA KASIH BOSS ATAS PEMCERAHANNYA 
    LUAR BIASA JOKOWI TERIMA KASIH PAK JOKOWI , TERIMA KASIH JUGA PAK PRABOWO DAN MAS GIBRAN , MAU MELANJUTKAN IKN 
    TERIMA KASIH YG BIKIN KONTEN
👍👍👍",0,1,0
Kirim k Amin Rais ini Vd‘Ini obat buat otaknya! supaya ngak jadi hantu! Juga k Roky garong si mulut jeber !,0,1,0
"Lah kamu ini apa pendidiKannya iKN sudah dirancang dengan matang sebagai sebuah ibu kota dengan melibatkan banyak ahli,klo jakarta kan tidak dirancang sebagai ibu kota dari awalnya apalagi cuma pik 2 hutan beton beda dengan konsep ikn forest city",0,1,0
Semua perlu proses org cm bisa protease y,0,1,0
"LEBIH NGERI LAGI IKN DI ANGGAP KOTA HANTU OLEH PROFESOR PENIPU ITU ITU KAN SAMA ANGGAP PEKERJA DAN WARGA SEKITAR ITU HANTU DAN ANEH NYA MASIH BANYAK YG PERCAYA DGN PROFESOR PENIPU , AHLI PEROVOKATOR DI NKRI HINGGA ROKY GERUNG YG KINI UDAH DON DEAL DGN UTK JADI TERNAK BANTENG",0,1,0
"saya yakin IKN mangkrak, IKN emang mangkrak.
,
,
,
,
,
,
,
,
,
,
,





,

,
,

,
,
,
,

 *IKN itu mangkrak di mulut para follower RG*
Rock Kiger Rung
😂",0,1,0
Kapan ya para pejabat nya pindah kesana,0,1,0
"Keren ini mah, indah bgt dan rapi tidak ada pemandangan kabel listrik bergelantungan semrawut seperti di jakarta, mantap",0,1,0
Wuah ikn apik banget,0,1,0
satpam logat banjarnya kental ,0,1,0
Wuah ikn begitu mewah,0,1,0
Ternak mul semua😅😂,0,1,0
"Bagaimana pun pejelasannya, kalau orang mmbela yg salah, namanya penjilat, gak tau yg benar san salah...",0,1,0
Harap klo lagi masa pembangunan begini pajak untuk pihak swasta dibebaskan dulu.. atau dikasih insentif keringanan pajak. Setuju like,0,1,0
Yang mangkrak itu otaknya yg nyinyir,0,1,0
"Luarrrr biasa IKN, amin rais di ajak jalan2 ke sini aja,, ternyata IKN megah dan mewah,, katanya amin rais IKN kota hantu,, ternyata kota mewah dan megah..",0,1,0
Waaaaw tiba tiba ada undangan untuk meliput IKN 😅,0,1,0
ingat dulu saat pembangunan MRT jakarta juga dinyinyir tapi sekarang sudah jadi gaya hidup orang jakarta 😂 carut marut hoax pembangunan kereta cepat tapi whoosh sekarang sudah jadi kebutuhan masyarakat 😂 IKN diserang sepi mangkrak eh belum jadi saja sudah jadi tempat wisata 😂,0,1,0
Iya sm spt org yg ngatain jln tol gak bs dimakan😂😂😂,0,1,0
😂😂😂😂 mana para wisatanya.hotelnya kosong ngak ada tamunya...😂😂😂,0,1,0
Masokkkkk,0,1,0
Buatan anak negri insinyur nya orang Indonesia..pematungnya orang Indonesia..dan ikn ini awal kebangkitan dan kejayaan negri ini.,0,1,0
Yg bilang mangkrak kin si roti gulung itu toh😂😂,0,1,0
cak Andy... aq yo puingin nak IKN... suatu kebanggaan tersendiri... luar biasa😊,0,1,0
"Lah itu alat pada nongkrong aja kaga kerja coy..wkwkwkwk,,gw ada beberapa kenalan yg rentalin alat di sana,,emang udh ga ada kerjaan baru,,cuma nerusin aja yg blm kelar,,itu hotel tamunya paling cuma 3 org aja isinya,,malah kemungkinan bakalan jdi Hambalang 4.0 itu..😂😂😂😂",0,1,0
Tidak sia sia pemerintah merekrut buzzer jadi pegawai di kementerian info😂😂😂,0,1,0
Ikn buat siapa dibikin kalo bukan buat rakyat jangan bangga,0,1,0
Cok... iki ta chanelmu ndik. Langsung sukrib dan lek.,0,1,0
Indonesia insyaallah semakin mju ditangan presiden prabowo dan mas gibran semoga para mentrinya juga amanah dan bekerja sebaik baiknya untuk rakyat indonesia,0,1,0
"Yg bilang IKN mangkrak adalah Kake Sengkuni, 24% dan 16%, para pecundang yg tidak tahu diri dan berpikir sehat, bikin dosa terus sampai mati",0,1,0
"Masya Allah pak jokowi, al fatihah",0,1,0
"Keren pencerahannya mas, semoga segera selesai IKN dan menjadi kebanggaan Indonesia, untuk pak Prabowo dan mas wapres sehat selalu meneruskan PR pak Jokowi..🤲🤲♥️♥️🇮🇩🇮🇩",0,1,0
"Proyek ambisius mulyono yg bikin megap2, dan gk ada manfaatnya***",0,1,0
"Yang membenci pak Jokowi antek2 America ..yg bayar oleh agen2 cia .seperti Rizik ,amin Rais dan para gerombolan manusia2 sakit hati . Freeport sudah di pegang indonesia 52 persen .hanya Jokowi yg bisa ambil alih freefort",0,1,0
IKN adalah wujud kepercayaan diri bangsa dn jati diri bangsa...bukan peninggalan bangsa lain,0,1,0
Blom ada orang bro😂😂,0,1,0
Ya di bangun tapi anggarannya cma sedikit karna bkan priority' setengah mandrake hhh,0,1,0
Mantap ikn keren 👍👍❤❤❤❤❤❤❤❤,0,1,0
Sabar lek..... Ni lg loby kho shung gho khong tuk ajuin dana,0,1,0
Terima ksih bang telah mewakili pak jokowi utk membungkam org2 yg suka nyinyir kpd bangsa sendiri❤❤,0,1,0
"NKRI  tetap maju kuat dan Jaya.. .. Pengen  lihat adooh rek
InshaAllah  next time",0,1,0
"Hotelnya sepi
Pasti rugi tu",0,1,0
Di bayar berapa Luh...?,0,1,0
Mantab andi sugar,0,1,0
Mantaps...hotelnya❤,0,1,0
Mantap ❤❤❤IKN,0,1,0
"Okey bang Andy ,
Semangaaat ,lain kali ajak ajak 
Roti gulung sama amin rasis ,kasihan dia gak ada yang ngajak ,kasihasaaan deh lou ,😂😂😂😂",0,1,0
"Syukurlah kalau IKN bagus, semoga wapres Gibran, Rafi Ahmad, Bahlil, Luhut Panjaitan, dll cepat pindah ke IKN",0,1,0
Bang kapan2 tolong mbah amin Raiso di ajak ke IKN siapa tahu dia langsung ke ICU di situ,0,1,0
Ternak mulyono,0,1,0
"Kata sengkuni .ikn mangkrak  ,sengkuni perlu dibawa  ke pak purnomo",0,1,0
"Inilah indonesia persiapan untuk anak cucu kita jadi support buat pak jokowi, pak presiden prabowo, mas gibran dan seluruh jajaran kabinetnya saya selalu mendukungmu, semoga salah satu anak atau cucu saya ikut menempati...Aminnnn...
Eeee jangan lupa yang suka nyinyir dan pembenci gak bakalan anak atau cucu bisa ikut2an mewujudkan indonesia emas...tanpa mereka sadari, ya mereka sendirilah yang menghambat anak atau cucunya menuju indonesia emas....
Dan semua itu mereka ciptakan menghasut, nyinyir, suka menghina dll semenjak pak jokowi sebagai presiden sampai pemerintahan saat ini...
Lihat pencapaian2 keberhasilan saat ini.....
BAGI KITA YANG SELALU MENDUKUNG PEMERINTAHAN BERBAHAGIALAH PARA ANAK ATAU CUCU KITA NANTINYA ....
DAN
BAGI PARA PENYINYIR DAN PEMBENCI RASAKAN KEPAHITAN ANDA PASTI TERTELAN DENGAN KEMAJUAN JAMAN PARA ORANG2 INDONESIA EMAS...",0,1,0
Lumayan kocak 😂,0,1,0
"bangga lah bangsa indonesia ada pencetus gagasan keberanian jangan menyepelekan toh bangsa ini yang akan di kagumi,,, seharusnya bangga punya sejarah megahnya ikn untuk lambang kemajuan bangsa    harusnya bangga punya pemimpin tidak hanya omon omon belaka bukti yang di buktikan,",0,1,0
Ajak amin rais mas ke Ikn klu dia sdh tau baru ceplungi ke danau cirata.Cianjur,0,1,0
rambut'e tetep still kok ko ojo kuater,0,1,0
"Klo sdh jadi ya langsung pindah lah. 200rb ASN pindah pindah Februari,tiap bulan pindah kan  100rb orang,kan selesai 4 bulan ,ASN pusat cuma 460rb orang. Klo blm ada supermall,super mart unt belanja Kang kung,cabe,trasi,ikan asin,lengkuas,kapulaga dll ya keluar Ke pasar Sepaku 10 menit sampai. Klo mau nongkrong di cafe sementara di IKN belum muat unt 460rb  orang ya Ke Balikpapan 2,5 jam sampe,Aplg Klo tol sdh jadi,50mnt. BKN Tdk usah banyak alasan blm ada dana dan admin,OIKN juga jangan banyak alasan tower blm cukup unt tampung 460rb ASN,,titip di hotel qubika dan swissotel kan bisa.😂🎉💃. Drpd ada yg ngoceh mangkrak. Ayo Pak Bas semangatttt💪💪💪💪",0,1,0
"Masyaallah bagus sekali, , , semoga IKN sukses tambah bersinar, , , yg blng mangkrak itu Orang"" Pembenci/ iri dgn Bpk jokowi , semoga Bpk jokowi selalu dilindungi Alloh SWT 🤲🙏",0,1,0
Satu malam 30 juta 😂 mending aku buat beli sapi😅😅,0,1,0
"Kenyataannya sepi, mobil yg jalan ya hampir tidak ada, hotelnya sepi, jalan sepi,",0,1,0
Haha mangkrak Krn pejabat nya korupsi dan TDK berani bertindak,1,0,0
Itu kan yg di sebar oleh mbah Rais Amin... tokoh utama Sengkuni FC!!! Kalo pak Basuki yg pegang saya tidak yakin gak selesai!!! Sehat terus pak Bas..!!!,0,1,0
Adminya lebay banget,0,1,0
Enex,0,1,0
Emg sdh ada yg mengfungsikan gedung tsb kl belum ya sm aja mangkrak,0,1,0
"Faktanya hingga hari ini teman teman saya satu pt masih kerja disana dan masih ada pengiriman barang dari semarang ke sana, berarti proyek masih jalan",0,1,0
"MANA YG SLLU KOAR2 IKN MANGKRAK? BUKAN MANGKRAK TO MANGKERENNNNNNN,, MASYAALLAH",0,1,0
"yg bilang mangkrak,barisan sakit hati.",0,1,0
Mirip di tempat pembuangan dr jakarta di tolak dr jakarta orang faeraykembali ke daerah LG jakarta ditutup utk orang daerahyng berkuayfi jakarta,0,1,0
"Aku pecinta kecap manis ko,yen gk due lawuh ckp sego mbi kecap manis 😂",0,0,1
"Biar tai kucing rasa coklat di jilatin, jilaaat teruuus",0,1,0
"Oh ya bg, pembangunan IKN ini ada 5 tahap, sakarang tahap 1 hampir selesai, tahun 2025 ini menuju tahap 2, nah IKN ini bakal lebih bagus lagi dari pada, yang Abang lihat sakarang kedepannya,",0,1,0
"Liat amin Rais ikn yg katanya mangkrak dr cocot km yg selalu menfitnah, lihat min matamu tapi percuma km ngak pernah ke ikn😅😅😅",0,1,0
"Yg bilang mamgkrak orang yg kurang piknik....
Alias kuper......",0,1,0
"Mana taksi terbangnya, mana kereta tanpa rel nya wkwk dikibulin ternaknya mulyono mau aja",0,1,0
👍,0,1,0
Lihat itu smin rais..bilang ikn mangkrak..otakmu tu yg mangkrak 😂😂😂😂😂,0,1,0
Tetap kawal indonesia dengan semangat maju ko 🔥,0,1,0
Jangkrek pe nginep di situ yg termahal kudu ngupolke setahun 😂,0,1,0
"Bulan Agustus   2024 blm boleh masuk,sy cuma lihat dr luar,ngobrol SM pakde salome",0,1,0
"Mklum ae ko,,,
Para penyinyir jokowi mmg udh akut 😂😂😂 udh susah buat taubat😂😂😂 mw d rukiyah 7 x jg gk mempan",0,1,0
"Bagi pembenci,  iri hati dengki,  nyinyir liat sana buktikan  matamu sendiri IKN gimana sekrg,  iri dengki kok ga habis""  nya,  sdh pd stresss berat kau",0,1,0
"Ibu kota masa depan  ,, jika tetap ei dki jakarta mungkin nanti  air laut tingal nunggu waktu meredam ny",0,1,0
Yg bilang mangkrak si picek roki gerung alias Terong ..profesor kuper ....😂😂,0,1,0
TERNAK MULYONO DUNGU,0,1,0
Kok tidak ada tamunya?,0,1,0
Nah ini Lo fakta saya tinggal di Kaltim sangat bangga 👍👍❤❤🇮🇩🇮🇩,0,1,0
"Hantu yg tamunya hotel, wajar aja jongosnya mulyono yg mbuat konten.
Rusak NKRI ini kalau mahluk2 seperti ini makin berkembang biak",0,1,0
"Hotel semalam 35 jt rakyat pd jadi pengangguran,proyek super Ambisi penuh dgn korupsi uang negara freeet",1,0,0
"jijik banget denger medok jawanya, itu tanya kalimantan tolong bahasa indonesia yang normal aja",1,0,0
SEMOGA ADA BIRO PERJALANAN DISEMUA DAERAH YANG MENGANTAR KUNJUNGAN RAKYAT INDONESIA MANCA NEGARA YANG BERKEINGINAN REKREASI KE IKN BAIK LEWAT UDARA LAUT DARAT,0,1,0
"Semua pembangunan apalagi dr hutan menjadi metropolitan modern maka ga mungkin selesai dlm 1-2th, 10-20th lg kita lihat hasilnya, mbuh APBN aau investasi dalam maupun luar negeri, itu urusan para petinggi, yg penting setelah 100th kemerdekaan nanti NKRI br bs bangga dgn ibukota Nusantara hasil desain dan pembamgunan sendiri, bukan warisan eropa",1,0,0
"Mantap bang, channel Abang selalu jujur, Indonesia semakin maju🎉🎉",0,1,0
mantap bro Andi Sugiarto,0,1,0
Buzzer nya mulyono nih yg bkin konten hhhh 😂😂,0,1,0
"Bilang mangkrak jg engk apa2 bang, biar kaum sebelah seneng, kasihan penyakitnya udah akut 🤭",0,1,0
"Dasar warga cemol semua, seharusnya kita bangga n dukun jangan menyelekan bangsa sendiri",0,1,0
MANGKRAK IKU SUMBER BERTA DARI OKNUM PROFESOR DOKTOR PARA AHLI  YANG HATI PIKIRANNYA LAGI TERUTUP PENYAKIT SAKIT HATI,0,1,0
Dancooookkk... 😂😂😂😂 Ngakak aku Rp35 juta buat 1 minggu Di jawab hanya Untuk 1 Malam 😂😂😂😂,0,1,0
Hanya golongannya para Khabib dan jongos2nya yg bilang IKN mangkrak . Karena niatnya ingin menguasai pusat pemerintahan tdk kesampaian . Dendam dan sakit hati sampai  mati .,0,1,0
"SURUH AMIN RAIS NONTON ACARA IKN INI. TAPI HATI HATI MANTI DI PINGSAN SOALNYA DIA CUMAN YSU KRAK KRAK SAJA. ATAU KASIH TIKET DIA DAN SURUH NGINAP DI KAMAR YANG 35 JUTA PERMALAM ITU.
AYO AMIN JALAN JALAN KE IKN BILA PERLU BAWA SEMUA GEROMBOLAN SAKIT HATI ITU BIAR TIDAK BANYAK NGOCEH LAGI.
BANGGA SAYA LIHAT IKN MEGAH INI. LUAR BIASA IKN INDONESIA INI
SUDAH AMIN SEMUA INI?",0,1,0
KALAU GARUDA DIKASIH WARNA HITAM ITU PERTANDA ALAMNYA NEGARA RI AKAN JADI GELAP AKAN TETAPI KALAU DIKASIH WARNA KEEMASAN NEGARA RI AKAN MENJADI NEGARA YANG MAJU,0,1,0
Mantaaap Booss. Sy ketawa sendiri dengan logat bicara Jawa Timuran.. 👍👍👍🤦‍♂️👍👍,0,1,0
IKN. Bagunanganya bagus bagus. Tapi sayang masyarakat Indonesia 🇮🇩. Masi bayak yg tinggal di kolong jembatan. Tolong masarakat juga di perhatikan.,0,1,0
Buzzer yo?,0,1,0
Broo Jangan Kamar Presiden Suit Hotel Doank yg di Spil Broo.. 35 Juta Semalam Mah Kecil Itu.. Ikan Sepat Ikan Lele Disana Udah Ada Club Ma diskotik Nya Blum Lee ? Klo Blum Ada Nanti Klo Mao Hiburan Buang Duit Nya Kemana lee ? Pejabat Ma Pebisnis Projek Biasa Nya Klo Buang Duit Kan Pada Ngeroom lee.. Minimal Ada Room Karaoke Sama Tempat Pijit Sm SPA Nya Laa Lee..  Klo Ga Ada Cewe Nya Mah Mana Pada Mao Kita Kesana Lee..  Percuma Nanti Klo Datang Ksn Banyak Duit Ga Bisa Buang2 Duit MaBroo Lee.. Nanti Yg Ada Bakal Balik2 Lg Nanti Ke Jkt Maen Nya Malah Di Kota lg Lee.. Minimal Ada Tempat2 Mabuy Ma Tipsy Nya Laah Lee.. Spil Donk Lee.. ?!? 😁😁,0,0,1
Pak Jokowi Itu Nyata kebaikannya. Para pembenci hanya iri aja sama beliau,0,1,0
"Yang bilang penjilat adalah musuh pembangunan ,kaum pembenci yang selalu pesimis ,bahkan pingin sekali IKN gagal , sayang nya IKN tetap bergerak ,berdenyut seperti kehidupan semesta",0,1,0
Tidak peduli mangkrak atau tidak yang penting bisa dimanfaatkan segera karena telah menelan anggaran yang besar??,0,1,0
Cobs tanya ke warlok gimana tentang ikn,0,1,0
𝙰𝚍𝚊 𝚊𝚙𝚊 𝚍𝚎𝚗𝚐𝚊𝚗 𝚔𝚎𝚌𝚊𝚙 𝚖𝚊𝚗𝚒𝚜 𝚌𝚊𝚔,0,1,0
bayaran piro koe thel😂😂😂 gathel,0,1,0
"YANG BILANG MANGKRAK MUNGKIN MANUSIA YANG NASIBNYA TIDAK PERNAH  BERUNTUNG....KARENA MEREKA DITAKDIRKAN TIDAK MAMPU DAN MEMILIKI HATI YANG BUSUK DAN HITAM..
DI TAKDIRKAN MEMPUNYAI SIFAT IRI DAN DENGKI AKUT...KASIHAN MANUSIA MACAM SEPERTI INI....MUNGKIN IRI DENGKINYA AKAN DI BAWA MATI X.....",0,1,0
IKN tidak mangkrak tp ingin di mangkrakan oleh kaum pendukung 27% dan 16% karna mereka ga mikir masa depan tp mikir cuman rasa kebencian jika IKN mangkrak habislah Jokowi di serang 7 hari 7 malam 7 Minggu 7 bulan  oleh kelompok 27+16,0,1,0
Yang bilang IKN mangkrak itu warga RT 16 dan RW 24,0,1,0
Masya Allah,0,1,0
"W awam nih, kalo udah senyaman itu, berarti udah banyak dong aparat yang udah tinggal disana, boleh minta list nya gk?

W awam bener nih jgn d hujat",0,1,0
Maju terus ikn,0,1,0
Masih jauh buat selesai..mau berapa T lagi uang rakyat yang digunakan buat simul feat 9 ular ini,0,1,0
"IKN sudah jadi kota hantu kata mbah Amien Rais , sudah mangkrak semangkraknya 😅😅",0,1,0
Yang bilang mangkrak kan si Mbah amin dan si Gerung serta gerombolan sakit hati pada pemerintah yg sah.😂😂,0,1,0
"Wow verey""nice❤❤❤❤❤❤❤❤",0,1,0
Aq sek cedak IKN malah durung pernah eruh ....😂,0,1,0
IKN Mantaap... pingin segera mengunjungi IKN.,0,1,0
"yg masih nyinyir aku pikir sedang sakit hari ini...semoga cepat sembuh saja🤲
salam Damai NUSANTARA🇮🇩🇮🇩🇮🇩🇮🇩🇮🇩",0,1,0
semoga prabowo hukum mati koruptor biar IKN jalan cepat 🏃🎉,0,1,0
"Mangkrak itu seperti hambalang tak ada pekerjaan, jadi rumah hantu, kalau IKN banyak yg kerja itu tandanya lagi dibangun",0,1,0
Tetap aj apapun yg di bangun bermasalah pasti gak bakalan berkah karna pembangunan nan banyak mahluk mahluk ALLAH swt yg di zholimi liat aja kedepan nya nanti alam jga yg gak iklas 😊,0,1,0
Itu orang 2yang ganguan jiwa yang bilang mangrak,0,1,0
"IKN keren, karya anak bangsa.",0,1,0
"Busernya, Mulyono 😂",0,1,0
Wkwkkwkwkkw,0,1,0
Yang bilang mangrak hanya mbah amin kenter bos,0,1,0
Bang terimakasih atas informasinya sayang kameranya mobatmabit jadi yg liat pusing tapi info ini sangat penting bagi ku trimakasih😂,0,1,0
*Terus saya harus bangga???*,0,1,0
Matane Roky Gerung.celekkeeee,0,1,0
𝚈𝚊𝚗𝚐 𝚋𝚒𝚕𝚊𝚗𝚐 𝚖𝚊𝚗𝚐𝚔𝚛𝚊𝚔 𝚢𝚊 𝚜𝚒𝚊𝚙𝚊 𝚕𝚊𝚐𝚒 𝚜𝚘𝚊𝚕𝚗𝚢𝚊 𝚋𝚗𝚢𝚔 𝚢𝚐 𝚋𝚎𝚗𝚌𝚒 𝚓𝚘𝚔𝚘𝚠𝚒 😂😂,0,1,0
Ngomong ae ndik,0,1,0
Kota hantu,0,1,0
SIKILE POTOL CUK 😂😂🤣🤣,0,1,0
IKN ❤,0,1,0
Jilat terusss,0,1,0
Kita masarakat Indonesia harus bangga  dgn ibu kota baru karya anak bangsa sendiri,0,1,0
"Wes mas aku wingi tgl 25 januari wes telan IKN sungguh luar biasa pembangunan IKN, wes top markotop pokoke pool, aku yo wong suroboyo  tapi tinggal di Banjarmasin. 
Hei amin rais, rokcy garong dkk melek o motomu  ojo ngomong sambil merem, iki loh IKN karya anak bangsa pokoke 👍",1,0,0
Mau tanya aja kapan ASN pindah ke situ....kok ditunda tunda terus ...itu tondo2 opo yoo....😢😢😢😊,0,1,0
"Ha bangga ....biasa aja , utang semakin bnyak",0,1,0
Wih mantap koh,0,1,0
Ko...ga onok sing dodol rujak cingur lontong balap lontong Kupang ta ko,0,1,0
"Lebih cocok di berikan label ""Kawasan"" daripada ""Kota"" apalagi ""Ibu Kota"". Jangan bandingkan Jakarta deh, jauh banget. bandingin ama PIK dulu, itu masih pantes PIK daripada IKN untuk dimensi ""KOTA"". 

dan yang konyol 48T untuk 5 TAHUN. ? 98T/tahun aja baru bikin istana dan 2 gedung pemerintahan, itu pun blm jadi, apalagi 48T/5 tahun, hanya cukup biaya maintaince dan gaji pekerja untuk beberapa tahun. 

Lagi pula IKN lokasinya sangat tidak strategis, masih belum ""layak"" menyandang nama ""KOTA"" ya kalo lu maksa bilang itu ""KOTA"" emang udh ada aktivitas pemerintahan, bisnis dan ekonomi disana? sekeliling masih HUTAN.",0,1,0
Gak seru canel nya kalo gak ngajak roky gerung ajak dong bro pingin tau ngebacot apa lagi roky cs,0,1,0
Kalau IKN POKOKNYA audah WOW..saya pengikut perkembangan IKN semenjak dari hutan sampai jadi sebagus begini,0,1,0
Kamar hotelnya gedenya 4kali rumahku😭😭😭 sweet room semalam 35jt cukup untuk pembangunan rumahku dri bambu😭,1,0,0
Gak ono dodolan gorengan tah bro,0,1,0
"Subhanallah hasil karya bangsa, nambah, kerenn, drpd, eformula jelas, Masi ada yg lanjutkan, bravo bpk Jokowi,❤ takkbiiirrr",0,1,0
IKN on progress .... 🎉🎉🎉,0,1,0
*_itu patung burung garuda? Tidak mirip sama sekali...lebih mirip b****n_*,0,1,0
Rocky gerung pasti burungnya tambah puret lihat IKN😂😂,0,1,0
Itu kamar untuk tamu negara yg datang kalau segitu mewah nya 😀,0,1,0
Tidak sesuai harapan amin rais,0,1,0
Murah kok bg.cuma 35 juta per malam 😂😂😂😂😂😂,0,1,0
Otok kecil manusia ini picik.,0,1,0
Bazir uang rakyat marhaen aja nggak ada faedahnya bina IKN gede gede sedangkan rakyat hidup sengsara mau makan aja nggak cukup malah mau naikin pajak PPN 12%...miris.😭😭,0,1,0
"katanya Pak amin rais sangkuni ikn mangkrak, bangunannya ditumbuhi pohon dan jadi rumah hantu ...gimana ni ceritanya provesor mantan ketua mpr ini",0,1,0
Mas ne aki arep rene ongkos se piro mas 😅,0,1,0
Yg bilang mangkrak hatinya dengki bin busuk!!!!,0,1,0
Duet sama surabayan ko.,0,1,0
Yg bilang mangkrak kan cuma grombolan RT 16 sama RT 24 doang pd nyatanya di lapangan masih sibuk org2 bekerja...,0,1,0
Rocky garong itu gantung di monas  baru sadar cocotnya ngak gacor terusss...negara mau maju kok ngak seneng...dasar manusia dunggu...kkkkk😅😅😅,0,1,0
Proyek nyusahin rakyat,0,1,0
kenikmatan mana lagi yg telah kau dustakan wahai para pembenci,0,1,0
"Terima kasih infonya mas Andy. 
Alhamdulillah IKN gak mangkrak. Terjawab sudah ❤❤❤❤❤❤❤❤",0,1,0
Calon kota hantu,0,1,0
"𝒀𝒈 𝑴𝒂𝒏𝒈𝒌𝒓𝒂𝒌 𝒊𝒔𝒊 𝒌𝒆𝒑𝒂𝒍𝒂 𝒏𝒚𝒂 𝑹𝑮, &  𝑲𝒂𝒌𝒆𝒌, 𝑨𝒎𝒊𝒏 & 𝒚𝒈  𝒍𝒐𝒃𝒆𝒕  𝑨𝒌𝒂𝒍 𝒔𝒉𝒕 𝒏𝒚𝒂, 😂😂",0,1,0
Hanya anak2 abah dan pasukan sakit hati yang bilang IKN mangkrak. Wkwkwkw ngarep bgt mreka IKN mangkrak ya wkwkwkwk. MIMPI aja sno anak2 abah wkwkwkw,0,1,0
Anggaran baru keluar pertengahan Januari kemarin... Jadi tdk ada istilah mangkrak... Anggaran sdh ada... Sabar ya SDM RENDAH,0,1,0
"Yg bilang mangkrak,..otak'ny blm nyampek,..😅",0,1,0
Pindahnya kapan?,0,1,0
Tapi anggaran nya di pangkas 70% wkwk.,0,1,0
"Kalau mangkrak ya tidak..
Karena uang terus digelontorkan..

Tapi untuk beroprasi sebagai ibu kota sangat belum padahal sudah lama dan menghabiskan banyak uang..

Kalau cuma sekeliling Istana ya pasti sudalah dan itupun beluk beres..😅🤭",0,1,0
"Mau mangrak mau lanjut ap urusanmu bro..negara sudah ada ngurus. Pusing amat"" Amat saja ngak pusing...urus nasibmu dewe..broo. 😂😂😂kkkkk",0,1,0
Soto enak yo pakai kecap ko andy,0,1,0
Yang bilang mangkrak itu musuh negara dan bangsa rakyat seperti itu mata2 barat yang ingin Indonesia hancur rakyat tolol,0,1,0
"Waduh ini kalau Said Didu syuting disini dgn Hasto dan amin Rais pasti dapat feelnya,
Aktingnya nangisnya itu lho membuatku tak bisa melupakan nya. Nanti Rockky gerung yg jadi Premannya wuih mantap.. conni jadi penjual wine dr tifa tetap jadi Dr Rs IKN beh pasti seru banget selain itu pemandangan IKN itu sangat indah sekali betul betul indah",0,1,0
Yg ngomong mangkrak itu matanya picek 😅😅😅,0,1,0
Asyhadualailahailallah wa asyhaduanna Muhammadurrasulullah lailahailallah Muhammadurrasulullah,0,1,0
BISA SAJA  NANTI  KANTOR WAPRES BELUM SAMPEK JADI GIBRAN SUDAH  TIDAK MENJABAT LAGI BUNG..,0,1,0
Wes mantap mas Andi 👍👍👍👍👍,0,1,0
Justru Rocky gerung yg.jadi bujang mangkrak😂😂😂😂😂😂,0,1,0
IKN adalah lompatan peradaban bangsa Indonesia... kaum jahiliah dan jongos jongosnya pasti stress,0,1,0
Grong di openin lo wong goblog merasa pinter iku roky garong.de e wae gak ngerabi2otonge eneng opo gak eneng😂😂😂roky2mbok ngerabi ndesek kue.😅😅😅😅,0,1,0
Yg bilang IKN mangkrak......hatinya busuk,0,1,0
Jos lanjutkan boskuuu,0,1,0
Yang ngatain ikn magkrak di balas langsung 😂,0,1,0
Ini indonesia coba hargai bahasa indonesia dong ah gemana sih,0,1,0
"Jos
Beri tau para penyinyir ya mas biar makin gelojotan😁😁",0,1,0
Pak Prabowo Sehat Sehat....,0,1,0
"Bangkruti ikn 
Indonesia soyo klenger",0,1,0
Guendeng...keren cuuk...😀👍👍👍,0,1,0
"Yg bilg ikn mangkrak 
Org dengki yg brasa sok pintar
Tp kepintaran nya gk dipake oleh negara
Wong mereka pintar bacot doang 😂😂",0,1,0
Kayakx KLO Amin rais lht IKN ini lngsng demam,0,1,0
Ini ambisi nya pak jokowi sekarang kan presidennya prabowo harus di evaluasi dlu biaya IKN....,0,1,0
"Sekedar bocoran, akan ada investor dari Dubai senilai kurang lebih 84T.",0,1,0
Yg bilang mangkrak kaum sakit' hati,0,1,0
Semua suka ikn tp yg anti Jokowi Krn dibubarkan SPT HTI FPI akan tetap mendowngrade Jokowi... Krn powernya terlalu kuat.,0,1,0
Kalau mangkrak itu bukan sudah jadi tetapi anggaran 2025 dipotong 80%,0,1,0
Kepanjangannya IKN ihhh kerennn🙊🙈🙉,0,1,0
"Teruskan pak...,...,......
Biar orang2 nyinir itu tambah kejang2",0,1,0
"Mana ini Amin rais itu diplototin itu katax IKN mangrak,lhoeee tu Amin rais tukang ngibul",0,1,0
Ko Andy burung gArudaNya  harus pakai sunscreen dan wajib reapply secara berkala karna cuaca kalimantan super panas jadi tetap Glowing😊😊,1,0,0
"Ini sudah suatu kebanggaan tersindiri bagi KAL-TIM ini terpilih sebagai IKN sungguh nikmat TUHAN mana lagi yg kita dustakan.❤❤❤
Makasih pak Jokowi dgn pilihan Anda dan berkat atas Izin TUHAN yg maha Esa anda sudah memberikan kemajuan yg sangat pesat bagi daerah ini dan seluruh indonesia raya.
Alhamdulillah segala puji bagi ALLAH.",0,1,0
Bangsa mu ko yg Cino 2 tnggl dsna,0,1,0
"Biasa' ini oknum orang sengaja jelek2 an ikn,pdhl hati dan mulutnya sampah busuk' perlu d tangkap ini orang",0,1,0
"Yang Mangkrak bkn pembangunan IKN, tetapi OTAK ² & AKAL BUDI orang Penyinyir Dinasti Ideologi Penghasut ( PDIP ) yang SUPER MANGKRAK",1,0,0
bagi pembenci segala cara segala jalan d tempuh buat jatuhin !ws biasa dalam politik ada yang pro ada yang kontra ! yang mikir mangkrak lah biarin aja mereka dengan pikirnnya ! toh kita gak bisa maksa pola pikir mereka sama dengan kita,0,1,0
"Amien Rais, Rocky garooong, Faisal asugaf,,, said Didu,, Hendri Satrio,,, habib Rizieq,, habib Bahar, dll itu orang orang stress",0,1,0
"Byuhhhh,,,majulah Negriku🔥",0,1,0
ALAMAT MANGKRAK SUDAH KELIHATAN SEPI..,0,1,0
"Mantap pak Andy...lanjut.................
Indonesia maju.",0,1,0
"Wah.... bagus bagat IKN ya, hebat Pak Jokowi dan Presiden Prabowo.",0,1,0
Yg bilang IKN mangkrak matanya ada di pantat gesss,0,1,0
Sing mangkrak otak e si Rocky and gank,0,1,0
Yg bilang mgkrak mulut2 jahat kubu kadrun,0,1,0
"INI BERITA HOAK,IKN MEMANG MANGKRAK !!! AGUAN SENDIRI YG CERITA DIMAJALAH TEMPO KALAU DIA DISURUH JOKOWI UNTUK MEMBIAYAI IKN UNTUK SUPAYA JOKOWI TIDAK MALU !!!TAPI AGUAN TETAP TAK MO MEMBIAYAI DAN INVESTOR ASING TAK MO MEMBIAYAI IKN KARENA INDONESIA BANYAK MALING KORUPTOR SEPERTI JOKOWI YG DIBERITAKAN OCCRP DAN MAJALAH TEMPO NO I DIDUNIA !!! JADI SAYA MASIH PERCAYA IKN AKAN MANGKRAK BERLUMUT,BERHANTU !!!!",0,1,0
Amin rais gak mbok ajak ko...terus delek pucuke Swis hotel Karo kongkon wudo gak klamben Ben kaku masuk angin dadi patung.. lumayan gae delok²an 😂😂😂,0,1,0
Jangan bikin hoaaak... Orang orang perusak bangsa!,0,1,0
"Melihat IKN bkn dr soal mangkat atau tdk tp lht fakta nya :
Para investor yg telah ground breaking akhirnya membatalkan,ini bertanda prospek IKN msh blum meyakinkan bahkan cenderung  ditinggalkan. Anggaran IKN dipangkas 75 % oleh prabowo...: NAH DUA HAL INI BERTANDA PRODPEK IKN SURAM..investor aja membatalkan apalg kita rakyat biasa...",0,1,0
"Yang bilang saya menjilat.. lha wong kenyataaannya memang ada pembangunan.. kalo mangkrak itu ditinggalkan dan tidak ada yg kerja.. saya kebetulan lagi di balikpapan untuk opening yoong motor, dan kebetulan ada ajakan untuk jalan2 ke IKN, ya sekalian saya buktikan apa omongan netizen.. 😤 kalau setelah nonton video ini anda masih mikir ini proyek mangkrak, ya silahkan.. ndak ada yang maksa anda untuk setuju dengan siapapun.. yang penting makan soto jangan pake kecap manis ya ❤",0,1,0
"AMDAL nya ada ya,",0,1,0
"ASLI MANGKRAK,...RUMAH HANTU....MULYONO PARAH",0,1,0
"Terima kasih infonya
Pergerakan kamera sedikit di perlambat...terlalu cepet perpindahannya
Semoga flog kedepan lebih baik
Ini namanya
Berakit rakit ke hulu,berenang ke tepian
Bersakit sakit dahulu,senang kemudian
Semoga tzunaminya tidak terjadi",0,1,0
kereta tanpa rel ora ono dibalikan ke china😂,0,1,0
Kamu kasih tunjuk kalau matanya buta nggak kelihatan  Roky Gerung karena sudah buta lihat kalau keluar pakai cermin mata,0,1,0
mana bandara yg banjir iku😂,0,1,0
Analisa Rocky Gerung/rocki gorong-gorong meleset jauh😂😂😂😂,0,1,0
Warna garuda berubah jd hitam ya bos? Wah pengaruh kaca mata nya itu...😂😂😂😂😂😂,0,1,0
IKN mangkrak matamu meledak,0,1,0
Makin kinclong,0,1,0
Nah gitu dong liyat sendiri..............jangan seperti anak abah bilang dihuni hantu,0,1,0
Cocok nya kpla ROKY GERung di buat Patung..tapi di letakan dekat TONG SAMPAH.😮😮,0,1,0
Mendagri menyatakan ibu kota negara masih Jakarta..infonya juga Asn batal lagi dikirim ke ikn sampai waktu yg blm ditentukan.....batal lagi,0,1,0
Buzer recehan masih kerja aja😂,0,1,0
Ya bagus kq Mash lanjut pembangunan ny.baru2 Minggu yg lalu aku ke sana kq.luar biasa lho.,0,1,0
Si amin rais pekok deloken matamu yooo..ben ora asal ngoceh elek2 Pak jokowi,0,1,0
Yg bilang IKN mangkrak........saraf otaknya yg mangkrak tdk waraaaaas.,0,1,0
"Mantab ko, kasih paham mereka buat rt 16 dan rw 24 biar ga sakit hati terus😂",0,1,0
Kok gak ke tc pssi di ikn cak ?,0,1,0
KARYA ANAK BANGSA YG GENIAUS WALAUPUN SELALU DI HINA SAMA GERBOLAN PENGHIANAT BANGSA NKRI...,0,1,0
"Saya asal Balikpapan, Tidak ada pembangunan yg Mangkrak. Rocky Gorong Gorong , Mulut mu Gorong Gorong, Hanya menghasut Masyarakat yg TDK paham. Kamu datang ke IKN, biar kamu tau sendiri",0,1,0
Rocky gorong2 yg mangkrak,0,1,0
Ko Andi cerawak e rek 😅😅😅kabeh di sopo... lanjut ko...,0,1,0
SBY mangkrak 😂😂😂😂,0,1,0
"Yg bilang IKN MANGKRAK itu "" IBLIS IBLIS BERDASI, DAJAL DAJAL PERUSAK NKRI "" 🤷🤷",0,1,0
"Ya mungkin bagus, tpi apapun tetap apbn kita tidak sanggup",0,1,0
Bilangin AMIN RAIS ..CS TAKUT MATANYA BUTA. !!,0,1,0
Buzer penipu,0,1,0
"Uang elpiji di pindahin ke ikn
Elpiji 3kg langka😁",0,1,0
Mantap Indonesia negri tercinta ku❤,0,1,0
Konten sampah masyarakat,0,1,0
"bujang lapuk Roki Gerung setreees yg bilang mangkrak, muantap reeek  lanjutkan cak eksplor nya❤❤❤",0,1,0
"Yg bilang mangkrak,yg ga pernah keikn😊😊😊ora ada ongkos😊😊😊",0,1,0
Gendeng Cok apik pwoll,0,1,0
"Puji Tuhan 🙏😇
Tuhan beri kesehatan bagi para pekerja di IKN 🙏😇",0,1,0
Lanjut 👍,0,1,0
sinyo suroboyo,0,1,0
Hanya orang bodoh aja yg percaya omongan gerung cs😂😂😂,0,1,0
Hendri Satrio bilang di media iKN katanya di tumbuhi ilalang sama jangkrik,0,1,0
Yg buat konten jelek IKN itu kan hanya pendukungnya Anies dan GANJAR yg TDK ada otak nya,0,1,0
"Yg bilng IKN mangkrak, ga. Ke urus itu hnya orng orng yg sirik dan orng orng tdk mnerima ibu kota d pindhkn, sya orng plosok sngt setuju ibu kota INDONESIA pindh d IKN, MANTAP IKN",0,1,0
Memangnya bikin stadion ala Konoha mangkrak segala. Proyek besar negara kok mangkrak. Guoblok apa gmna yg beritain,0,1,0
"Beranda Indonesia Maju 2045...
Tidak ujug2 jadi dalam sekejap tapi Butuh langkah berani dan optimis untuk generasi masa depan,,resolusi masa depan Indonesia telah dimulai",0,1,0
Bukan Soal Megah dan Tidak Megah euy...ini Fakta IKN tidak Mangkrak seperti apa yang di gembar gemborkan Para Dorna Pasukan si Rocki Bajingan Tolol itu,0,1,0
😂😂 ❤,0,1,0
Security nya orang Banjar R nya khas😅,0,1,0
1 mlm  35 juta mau tidur semalam terus jual tanah YaAllah,0,1,0
"Ternak muLyono,😂",0,1,0
Malemnya lebih cantik lagi Ko.,0,1,0
"Kaum nyinyir yg bilang mangkrak mah,,,pasukan si rg dan kaum2nya.
Keren banget itu😱😱",0,1,0
"Ternyata IKN memang mangkrak,sepi tidak ada penghuni nya, fix sih ini bakal jadi kota hantu, bahagia nya kita semua,",0,1,0
Prestasi pak Jokowi yang di lanjutkan oleh pak Prabowo,0,1,0
Mantap,0,1,0
dan aneh nya kalau di bilang mangkrak? kenapa masih membangun bukan nya di stop kan atau tunda ini kan masih membangun 😊,0,1,0
"Yang mangkrak itu otaknya si iri dengki pembeci pemfinah,omdo,",0,1,0
Muuuuannnntep mas andy,0,1,0
Garuda menunduk,0,1,0
Jilat sampai kotorannya sampai bersih ya maklum tissu habis,0,1,0
GIMANA PIMPINANANNYA   INI GOLONGAN ORANG LAGI NGEDABRUS  PUPUK PALSU ESMKA PALSU HI HI HI,0,1,0
Jgn lupa bawa kecap manis😂😂,0,1,0
Kalau  bicara masalah kesejahteraan itu hak kita masing2 yg mau krrja keras untuk keluarga itu yang mau sejahtera .,0,1,0
"Saran mas ke IKN menjelang malam,senja di taman kusuma bangsa cakep bgt",0,1,0
"Yang celometan MANGKRAK, kalau punya Nyali sebaiknya di ajak/diSeret ke IKN Bro",0,1,0
Ini mah mcam fila lur...?,0,1,0
Knp ga boleh mkn soto pke kecap manis,0,1,0
Mantapp IKN.,0,1,0
Ada sisa2 penjilat muliono,0,1,0
"Sudah bayak hasil alam pulau kalimantan bangun pulau jawa, tapi membangun pulau yang rawan bencana mah buang duit saja, lebih baik bangun IKN buat tinggal masa depan, yaman untuk di tinggali dan hasil alam nya aja melimpah, apa sih yang ga ada di kalimantan, yang ga ada cuma dua gunung meletus dan gempa bumi saja.",0,1,0
"Semoga cepat kelar Amin..
Biar mafia gedung istana jakarta kayak sarang semut di siram minyak tanah 🤠",0,1,0
MANTUUUL MAS BROOO 🇮🇩 JAYA,0,1,0
koko modus salamane sue banget😂😂,0,1,0
Yg bilang mangkrak kan para kadrun,0,1,0
Hambalang tuuuu br mangkraaak...,0,1,0
Semoga bapak Amin rais menonton video ini biar pernyataannya gak sesat,0,1,0
Ndasssmu dewe gaesss😅,0,1,0
Aku tak butuh rumah yang penting anak anak ku bisa makan ini pikiran dablek namanya,0,1,0
Share juga saat banjir napa ?,0,1,0
Amin rais kalau lihat Hotel ini & pembangunan di IKN kayaknya PELIRNYA MENGKERET.,0,1,0
si gorong dan si raisin wis mangkrak krak hancur lebur ludes musnah jadi hantu iblis.,0,1,0
Norak banget 😀🙏,0,1,0
Bisa ng tanpa iklan pinjol.....riba Bossss,0,1,0
Ya udah tinggal pake doang kok repot,0,1,0
Terima kasih cak Andy,0,1,0
"mannnnnttttaaaaapp mas bro ,biar melek matanya si rocky garong ..",0,1,0
Kalo ikn udh jadi pasti para penyinyir ke sana dia GK kan GK punya malu,0,1,0
"Yg mangkrak otaknya sengkuni dan durno....,😊😊😊😊😊.",0,1,0
😂😂😂Itu kta2 ODGJ bang yg sllu sakit hati dn iri dn benci kpda bpk jokowi dn pk prabowo mreka mau mmecah belah,0,1,0
"Memang keberadaan sepi kaya gitu lo,..di bilang mangkrak kok enggak boleh 😂",0,1,0
"tua bngka rais matanya di suruh mlotot cak andi?yg ngbacot & nyinyir
Cangkme mencla mncle ktnya mau merngkak jgj jkt mn tua bngka?",0,1,0
"Yg congor nya ngebacot IKN mangkrak skrg lagi menjilati ludah sendiri, sambil klojotan kaya cacing kepanasan ya hahahaha",1,0,0
Keren bg,0,1,0
Ternak kebo sama ternak onta pura pura gk liat kalo ikn tidak mangkrak,0,1,0
Aku tdk butuh istana megah tp aku butuh kesejahteraan bagi slrh rakyat Indonesia IKN blm waktunya didirikan  krn rakyat belum sejahtera. NKRI masih dikatakan  negara berkembang bkn negara  maju. Slm damai. Sen03feb25.,0,1,0
beri keselamatan para pekerja ikn termasuk bapak saya kerja di ikn ❤🇮🇩,0,1,0
"LIAT IKN BEGITU MEGAH.... TERINGAT KOMENTAR ""HANYA MONYET YANG TINGGAL DI IKN"" GAK KEBAYANG SAKIT HATI DAN MALU YANG UCAPIN KALIMAT ITU 😂😂",0,1,0
"Roky Gerung ktnya IKN mangkrak,  padahal si Roky maunya di ajak ke IKN dibayarin,  dikasih ongkos atau uang saku,  di kasih gegares maunya si Roky Gerung seperti itu, 
Roky, Roky",0,1,0
Rokok garung itu badut peradaban Nusantara terkini 😂😂😂😂😂,0,1,0
Ya Allah...semoga lancar pembamgunan IKN tak terkendala. Aamiin,0,1,0
Nggak usah bohong penipu rakyat NKRI yang melarat IKN dibangun ini orang orang penjilat,0,1,0
Sesuk ketemu aku bos ng HPK  tak jak kerjo maksudd🤦‍♀️,0,1,0
Gasken IKN Indonesia emas 2045 🇮🇩🇮🇩🇮🇩,0,1,0
"yg bilang ikn mangkraknitu mahluk2 odgj kabeh ,kurang makan kurang gizi makanya jadi odgj",0,1,0
Maju terus Indonesiaku ❤,0,1,0
Sidoarjo nyimak bos,0,1,0
Cak Andi nang IKN kok gak ngajak aq to cakk...! aq kan yo pingin ngrti apike IKN..😅😅😅,0,1,0
Rockry gorong yang bilang mangkrak😂😂😂😂 mana analisa mu gorong 😃😃 sangat salah.ini malah mantap lKN,0,1,0
Mantap pokoknya,0,1,0
IKN udah jadi IKM... IBU KOTA MANGKRAK.... 🤣🤣🤣🤣🤣😂😂😂😂😂,0,1,0
Aku orang blitar rumahku samping IKNaltim,0,1,0
"Mantap...yg bikin hoax bnyk bacot katanya ikn mangkrak sikat dng pembuktian yg nyata...😂😂 👏👏👍👍👍  Ingkel""EN cangkeme..😂😂",0,1,0
kata netizen malaydes IKN.mangkerak.katanya,0,1,0
yg nyinyir pasti diam sambil cengengesan,0,1,0
"Cak Andy, kq gak review tempat tc timnas sepakbola",0,1,0
Kaurennn ko❤,0,1,0
Ngopi nag excelso ko 😂,0,1,0
Mantap ko.,0,1,0
keren juga bangunanya ya ko,0,1,0
First komen ko,1,0,0
